Id,ProductId,UserId,ProfileName,HelpfulnessNumerator,HelpfulnessDenominator,Score,Time,Summary,Text,CleanedReview
567533,B003JO0VV2,A18X75OXJDDCI3,robyn,10,11,4,1308700800,"fairly misleading,weird packaging,BUT MAKES GOOD KEFIR","I bought this product around the beginning to middle of May 2011 &, at that time, it showed a picture of the box from the company Cultures for Health LLC.  It also had (& still has) their name on it as ""by Cultures of Health LLC"" but then further down is says ""Ships from and sold by Lifetime Kefir.""  I just want to clarify for everyone out there, who like me thought I was buying from a specific COMPANY that sells milk kefir, that this is not sold through Cultures for Health & it is not sponsored or affiliated with them in any way.  I contacted Cultures for Health today and the customer service lady said that they are not affiliated with this ""Lifetime Kefir"". I also received my kefir grains in a plastic baggie & wrapped in about 5 more plastic baggies, all smooshed up flat, and looking nothing like the cauliflower looking kefir grains you see pictures of.  Needless to say I was a little freaked out.  I decided to just try it out & see if the kefir grew and 'worked'.  -----  THAT BEING SAID ..... the kefir grew wonderfully! and has tripled or quadrupled in a months time.  I also sent the seller a question after working with and growing my kefir for about 2 or 3 days and he gave me a quick, polite, fairly thorough answer. Customer service seemed just good ... and quick.  I started with making about 1c of kefir and it was fizzy, clumpy/watery, weird.  I didn't know what I was supposed to be looking for but I guess this is normal and I just kept working with it each day changing the milk out and making new kefir.  It took about 1-2 weeks before it was producing well and I was making good kefir (not fizzy, but creamy now).  I was slowly figuring out how to work with the product.  I now make a quart jar of kefir daily.  I switch out the grains/kefir each morning and am left with about 3-4 cups of kefir each day.  All-in-all, I think the product is good. *****UPDATE 7/13/11******:  Since the initial review here, I have contacted the seller about some things & have had wonderful, very polite, and very quick customer service.  There is nothing bad to say at all about the customer service with this seller, in my opinion.  He seems to go out of the way to make sure the buyer is fully satisfied with the product.  And the product seems great.  My grains have grown tremendously and I have probably 1 to 1 1/2 CUPS of kefir GRAINS now.  That is all from about 1T of smooshy, yellow looking 'stuff' (kefir grains) that I initially got from the seller.  It took a couple weeks for them to start working ""normally"" and looking more ""normal"" but just give them some time and they seem to come through and make great kefir.  The only reason for less than 5 stars is simply because I feel like there still is a little misleading advertising in the product.  It appears this seller (Lifetime Kefir) has a few different kefir grain ads/products on amazon & the one that I bought from ([...]) shows that it is ""by: Cultures for Health, LLC"" and ""shipped and sold by Lifetime Kefir"".  I thought I was buying the grains from Culture for Health through a middle-man, so to speak.  When actually it is not a Cultures for Health product at all.  Maybe no big deal to others, but it was for me.  It ended up being a great product in the end though.",bought product around beginning middle may time showed picture box company culture health llc also still name culture health llc say ship sold lifetime kefir want clarify everyone like thought buying specific company sell milk kefir sold culture health sponsored affiliated way contacted culture health today customer service lady said affiliated lifetime kefir also received kefir grain plastic baggie wrapped plastic baggies smooshed flat looking nothing like cauliflower looking kefir grain see picture needless say little freaked decided try see kefir grew worked said kefir grew wonderfully tripled quadrupled month time also sent seller question working growing kefir day gave quick polite fairly thorough answer customer service seemed good quick started making c kefir fizzy clumpywatery weird didnt know supposed looking guess normal kept working day changing milk making new kefir took week producing well making good kefir fizzy creamy slowly figuring work product make quart jar kefir daily switch grainskefir morning left cup kefir day allinall think product good update since initial review contacted seller thing wonderful polite quick customer service nothing bad say customer service seller opinion seems go way make sure buyer fully satisfied product product seems great grain grown tremendously probably cup kefir grain smooshy yellow looking stuff kefir grain initially got seller took couple week start working normally looking normal give time seem come make great kefir reason less star simply feel like still little misleading advertising product appears seller lifetime kefir different kefir grain adsproducts amazon one bought show culture health llc shipped sold lifetime kefir thought buying grain culture health middleman speak actually culture health product maybe big deal others ended great product end though
567534,B003JO0VV2,A1S20C2OF69Q0B,Rebecca,6,6,5,1299369600,Easier than Jell-o. For real.,"This is awesome! My kitchen is like an alchemist's tower now. Within 4 days, my little kefir grains started reliably producing unfathomably delicious kefir that is foamier, thicker, and infinitely better than the stuff my local co-op was gouging me for.<br /><br />It sets up, at least in my toasty casa, in under 12 hours. Left longer than that, it turns into horse sweat cheese. I keep it in the fridge until I am running low, and then bring it to room temp and let it work its magic.",awesome kitchen like alchemist tower within day little kefir grain started reliably producing unfathomably delicious kefir foamier thicker infinitely better stuff local coop gouging forit set least toasty casa hour left longer turn horse sweat cheese keep fridge running low bring room temp let work magic
567535,B003JO0VV2,A2TR2YIAZUNM18,F. Terry,14,17,1,1303084800,Milk Kefir Grains - from man-of-genius,"People who have experience making Kefir tell me that what<br />I received may never develop into true Kefir grains. What I<br />received is a business sized envelope with a badly copied<br />letter telling me: 1. feed them milk daily - it will take 4<br />to 6 weeks to get Grains. 2. A fraction of an ounce of some<br />milky looking substance that  was squashed flat by the mail<br />canceling machine.  3. I can send questions by email, but he<br />only answers questions from those who can prove that they also<br />bought his video about Kefir and can prove it by sending the<br />electronic receipt. In my opinion, this product should receive<br />a NEGATIVE 6 stars.",people experience making kefir tell whati received may never develop true kefir grain ireceived business sized envelope badly copiedletter telling feed milk daily take week get grain fraction ounce somemilky looking substance squashed flat mailcanceling machine send question email heonly answer question prove alsobought video kefir prove sending theelectronic receipt opinion product receivea negative star
567536,B003JO0VV2,A3SBGVCOIV8F0Y,G. Shank,5,5,1,1336780800,"Very small quantity, poor growth","I got these dehydrated kefir grains two weeks ago. When re-hydrated there was a very tiny amount of actual grains. I put them in a jar with milk on a seedling mat to keep them the right temperature (our house is cool at night) and was very careful, and yet the milk kept curdling because there weren't enough grains, or just going yeasty. And they're growing very, very slowly. Two weeks later and I have a half teaspoon of grains. So far the milk has never smelled anything like kefir. In desperation I started adding some kefir powder and kefir, thinking that maybe they'd pick up some missing bacteria. Also, the instructions are misleading when they talk about it taking two weeks to ""rehydrate"". What you're doing is growing them to the point that you have enough to actually make kefir. I'm starting to think that dehydrated grains are a bad idea. But at the very least they ought to give you enough of them, instead of the tiny amount.<br /><br />Because it didn't seem like it was working very well, I ordered two tablespoons of live kefir grains from another vendor. They arrived yesterday, and I put them in milk. Today I think I have almost a quarter cup of grains. They seem to have already grown noticeably.<br /><br />Out of curiosity I'm still going to try to get these grains to work. I'm going to try a much smaller amount of milk so the kefir grains aren't overwhelmed. I'll update this review if it ever works.",got dehydrated kefir grain two week ago rehydrated tiny amount actual grain put jar milk seedling mat keep right temperature house cool night careful yet milk kept curdling werent enough grain going yeasty theyre growing slowly two week later half teaspoon grain far milk never smelled anything like kefir desperation started adding kefir powder kefir thinking maybe theyd pick missing bacteria also instruction misleading talk taking two week rehydrate youre growing point enough actually make kefir im starting think dehydrated grain bad idea least ought give enough instead tiny amountbecause didnt seem like working well ordered two tablespoon live kefir grain another vendor arrived yesterday put milk today think almost quarter cup grain seem already grown noticeablyout curiosity im still going try get grain work im going try much smaller amount milk kefir grain arent overwhelmed ill update review ever work
567537,B003JO0VV2,A1W64CJA064YP3,Mrs. P,5,5,5,1298332800,Great first experience!,"Milk Kefir Grains arrived in a timely manner in great condition. I am a first-time user of Kefir and until recently had never even heard of it. In a quest to achieve optimal health, I came across information about the benefits of cultured milk products, like kefir, in <a href=""http://www.amazon.com/gp/product/0967089735"">Nourishing Traditions:  The Cookbook that Challenges Politically Correct Nutrition and the Diet Dictocrats</a> by Sally Fallon. I was a bit nervous to use this product without actually ""seeing"" how it was done, so I went to the ""Cultures for Health"" website to watch the video. It was exactly the support I needed to have the confidence to start something that seemed so foreign!<br /><br />The first day I began to hydrate my grains, I mixed a cup of whole raw milk and the kefir grains in a canning jar with a coffee filter fixed to the top with a rubber band. The weather outside was very cold and subsequently it was pretty chilly on the inside of the house too, so I turned my oven light on and place the jar as far away from the light as possible and closed the door. I repeated this process the 2nd and 3rd day, but by the 4th day decided to leave it on the counter since the milk was separating to curds and whey by the end of the 24 hr period. I had kefir by day 5! It tasted clean and a little like buttermilk, yummy! I'm still learning, but feel confident that I'm off to a great start, thanks to Cultures for Health <a href=""http://www.amazon.com/gp/product/B003JO0VV2"">Milk Kefir Grains</a>!<br /><br />I'm thrilled to have this product! I save money by not having to buy powders, and my homemade kefir is better for my family than the pasteurized, sugar-filled, store-bought (expensive) version!",milk kefir grain arrived timely manner great condition firsttime user kefir recently never even heard quest achieve optimal health came across information benefit cultured milk product like kefir nourishing tradition cookbook challenge politically correct nutrition diet dictocrats sally fallon bit nervous use product without actually seeing done went culture health website watch video exactly support needed confidence start something seemed foreignthe first day began hydrate grain mixed cup whole raw milk kefir grain canning jar coffee filter fixed top rubber band weather outside cold subsequently pretty chilly inside house turned oven light place jar far away light possible closed door repeated process nd rd day th day decided leave counter since milk separating curd whey end hr period kefir day tasted clean little like buttermilk yummy im still learning feel confident im great start thanks culture health milk kefir grainsim thrilled product save money buy powder homemade kefir better family pasteurized sugarfilled storebought expensive version
567538,B003JO0VV2,A1V4IS66DRYP77,Susan Reece,5,5,5,1296604800,Great product,"I used buy kefir from the grocery store or make it from kefir powder starter.  I read about kefir grains and wow, what a difference making kefir with them makes.  They arrived right on time and in perfect condition.  The directions were easy to follow. I did go to ""Cultures for Health"" website to watch the video which was also very helpful.",used buy kefir grocery store make kefir powder starter read kefir grain wow difference making kefir make arrived right time perfect condition direction easy follow go culture health website watch video also helpful
567539,B003JO0VV2,ABCZGW2F020KZ,Pat,9,11,1,1295654400,Could not revive the grains,"After several months and much wasted milk I've given up on these grains. I'm pretty experienced with kefir making. I've bought kefir grains before, but always live, never dried. I followed the reviving directions exactly, but the resulting kefir smelled and tasted foul, there was always too much moldy ""flowers of kefir"" after just one or two days, and there was never any kefirian.",several month much wasted milk ive given grain im pretty experienced kefir making ive bought kefir grain always live never dried followed reviving direction exactly resulting kefir smelled tasted foul always much moldy flower kefir one two day never kefirian
567540,B003JO0VV2,AAED1121BJWA2,Christy L. Markley,4,4,5,1307491200,Great product!,"I have enjoyed kefir since a few days after I received this. I set it out on my counter every day with 1 cup of cow's milk and the next day I strain it with my plastic strainer, wash the glass jar, and then put the kefir back into the clean jar for the next day. I use the kefir to soak oats for breakfast the next day. I can then have this delicious oats and kefir either cold or hot. Thank you for the great product!",enjoyed kefir since day received set counter every day cup cow milk next day strain plastic strainer wash glass jar put kefir back clean jar next day use kefir soak oat breakfast next day delicious oat kefir either cold hot thank great product
567541,B003JO0VV2,AJEUMP7O3RKDQ,Ramneet Kaur,5,6,5,1303257600,Works just like it's supposed to!,"My grains revived in less time than the instructions suggested, in 2-3 days. However, I live in Florida and my kitchen's been running at about 80 degrees in the afternoon. I had some leftover low fat milk I didn't mind sacrificing, but now I 'm making goat milk kefir like an old pro. Next up is coconut milk. I'm not convinced that will culture without the lactose present, but supposedly it will.",grain revived less time instruction suggested day however live florida kitchen running degree afternoon leftover low fat milk didnt mind sacrificing making goat milk kefir like old pro next coconut milk im convinced culture without lactose present supposedly
567542,B003JO0VV2,A3E8C3M4F7VN8S,Elaine Zacher,2,2,1,1337212800,Kefir Grains Not Working Well,"I received only a sliver of kefir grains -- my grains did not look anything like the grains in the photograph. I understand that, if you work with them over time they expand. I have worked with them twice -- the first time I followed instructions & made successive batches over a 4-day period. The second time I allowed 18 hours. The kefir grains have expanded, but not enough to make a good, thick batch of kefir....and the kefir tastes bitter. It is supposed to taste sour.",received sliver kefir grain grain look anything like grain photograph understand work time expand worked twice first time followed instruction made successive batch day period second time allowed hour kefir grain expanded enough make good thick batch kefirand kefir taste bitter supposed taste sour
567543,B003JO0VV2,A39E2PYF0EUQV9,B. Lake,2,2,1,1336089600,Inferior Milk Kefir Grains,"The kefir grains were delivered promptly so there was no issue with that. However! The milk kefir that they produce is not what I would consider real milk kefir. I've previously made milk kefir from grains obtained through Marilyn ""Kefirlady"" and through the local leader of the Weston A. Price chapter. Both Kefirlady's and those obtained through Weston A. Price produced much better kefir. One of the main differences I could tell is that the kefir grains I've received from Cultures of Health do not create the ""slimy"" casing around the grains as I had experienced with other vendors. This leads me to believe that the grains are lacking some of the bacteria or yeasts that form the kefir grains. The taste is also not as sour as other previous grains. I understood that the first week or so of batches would not be up to par however I'm well past that. Personally, I'd recommend getting them from a different vendor as these are woefully inadequate at accomplishing their intended purpose. Looks like I'll have to be getting some new grains...",kefir grain delivered promptly issue however milk kefir produce would consider real milk kefir ive previously made milk kefir grain obtained marilyn kefirlady local leader weston price chapter kefirladys obtained weston price produced much better kefir one main difference could tell kefir grain ive received culture health create slimy casing around grain experienced vendor lead believe grain lacking bacteria yeast form kefir grain taste also sour previous grain understood first week batch would par however im well past personally id recommend getting different vendor woefully inadequate accomplishing intended purpose look like ill getting new grain
567544,B003JO0VV2,A2ZHNJMM53MHVC,A. Webb,0,0,1,1347494400,HIGHLY Disappointed!,"Kefir is SOOOO good for you, and Cultures for Health is a great company to buy from. The milk kefir grains from CFH were great, and my child thoroughly enjoyed the milk kefir. I noticed a calming effect from it (likely the B Vitamins). They helped with our gut and regularity immensely.<br /><br />However, this is NOT a Cultures for Health company product. It is from 'Lifetime kefir."" I've never written a review before, and I do buy items very frequently online. I'm usually easy going with how things turn out through the mail. It arrived VERY warm and wet and in a PLASTIC bag. The dried kefir is much more shelf-stable through the mail and arrives in better packaging that doesn't leach chemicals into the product. Shipping was much slower than expected. It ended up shipping separately from my other items and arrived several days after the others. This is questionable whether it is safe to use because of the heat (it's summer here!) and plastic, and I certainly cannot give this to my small immune-compromised child of which is why I ordered this in the first place. For the customer service, I cannot yet say how they handled this issue, but I'm hoping for a full refund, shipping cost in all. I will update on the customer service aspect. Order directly from CFH. It's faster and better quality.",kefir soooo good culture health great company buy milk kefir grain cfh great child thoroughly enjoyed milk kefir noticed calming effect likely b vitamin helped gut regularity immenselyhowever culture health company product lifetime kefir ive never written review buy item frequently online im usually easy going thing turn mail arrived warm wet plastic bag dried kefir much shelfstable mail arrives better packaging doesnt leach chemical product shipping much slower expected ended shipping separately item arrived several day others questionable whether safe use heat summer plastic certainly cannot give small immunecompromised child ordered first place customer service cannot yet say handled issue im hoping full refund shipping cost update customer service aspect order directly cfh faster better quality
567545,B003JO0VV2,AUJZEJ5KJU6OQ,"Debra Carr ""Peace and Good Health""",0,0,5,1344729600,KEFIR KEEFER,These grains are very nice.  Took about a month before they really took off and doubled in size.  Use the first couple batches for your pancakes or baking.  I love my kefir with a little maple syrup.,grain nice took month really took doubled size use first couple batch pancake baking love kefir little maple syrup
567546,B003JO0VV2,A2GDREZ4I4I75V,"J. A. Mashensic ""Liturature luvr""",0,0,4,1341187200,Keen on kefir,"These kefir grains took a little extra TLC tender lovin care to get going.  Love the cultures for health web site.  I have gone there many times since purchasing my kefir grains for assistance with kefir and kombucha.  Keep up the good work, cultures for health.  My daily dose of kefir keeps me healthy and happy!",kefir grain took little extra tlc tender lovin care get going love culture health web site gone many time since purchasing kefir grain assistance kefir kombucha keep good work culture health daily dose kefir keep healthy happy
567547,B003JO0VV2,A2CW6U54BZL8S4,Oueder,0,0,5,1327795200,Food that keeps growing,I have been using kefir with milk for about 6 weeks now and love it. I make a new batch every day and eat it with cereal for breakfast. I can't tell yet what the health benefits are. The kefir grains that I purchased have more than quadruppled. I am ready to give some away for free because I don't need that many. I wonder if we can eat the grains :),using kefir milk week love make new batch every day eat cereal breakfast cant tell yet health benefit kefir grain purchased quadruppled ready give away free dont need many wonder eat grain
567548,B003JO0VV2,A1ZR545Z7DWT9G,Sylvester M,0,1,5,1331510400,Worthwhile purchase,"I purchased my milk kefir grains about a month ago and they took off right away, making kefir from milk within a week. Since then, the original grains have doubled in size. I'm happy with my purchase.",purchased milk kefir grain month ago took right away making kefir milk within week since original grain doubled size im happy purchase
567549,B0028SW9SS,AIM6IOVPMXWWH,Fair Person,0,0,5,1315612800,Great Tea,This tea has a clean crisp taste with just the right amount of bergamot.So many teas have a bitter aftertaste but not this.I appreciate the USDA seal guaranteeing it's organic as well..not all teas have this.,tea clean crisp taste right amount bergamotso many tea bitter aftertaste thisi appreciate usda seal guaranteeing organic wellnot tea
567550,B004VLVEL8,AYPQPJLE2YL9K,V. Cash,1,1,5,1349827200,Love Bob's,Love this Cereal! It isn't real smooth and has texture to it. This is great for my daughter. She has a lot of food allergies as well as chewing issues. This cereal allows her some texture yet doesn't require her to really chew. It is really had to find foods that are safe and good for her. We use many of Bob's Red Mill foods and love them!,love cereal isnt real smooth texture great daughter lot food allergy well chewing issue cereal allows texture yet doesnt require really chew really find food safe good use many bob red mill food love
567551,B000RAB5WK,A2J0YD8LI8MAMQ,"AZ Gal ""Di""",0,0,5,1303257600,"GREAT, GREAT Sauce!!!","If you like a sweet and a little spicy, this sauce is for you.  I ordered more after trying one...love it!",like sweet little spicy sauce ordered trying onelove
567552,B004X8SONU,A3LU2UK0XFN7TB,martin mathews,0,1,1,1317254400,not good,"Poor value, very poor. Bad or no taste.Poor value, very poor. Bad or no taste.Poor value, very poor. Bad or no taste.",poor value poor bad tastepoor value poor bad tastepoor value poor bad taste
567553,B003FA2BTK,A3S2BRB306QF80,"san ""Stitching queen""",2,2,5,1305417600,Perfect cat food,This is a great product.  My very picky cats love it.  This is the first food they eat every bite of.  Well worth the price because none of it is wasted.,great product picky cat love first food eat every bite well worth price none wasted
567554,B003FA2BTK,AMRD38D4KPH42,DJS,1,1,5,1318377600,My cats love it,"My cats haven't been this excited to eat since the time they were fed day fresh tuna from the Atlantic.  Even my cat who hides when I have company will come running out if they open a can.  He knows my other cat will take it all and he doesn't want to miss out.  There is no odor and no cruddy residue left behind in the can which makes them easy to clean before putting them in the recycle bin.  And if you've been feeding your cats tuna or sardines as a treat, this food works just as well and is nutritionally balanced.",cat havent excited eat since time fed day fresh tuna atlantic even cat hide company come running open know cat take doesnt want miss odor cruddy residue left behind make easy clean putting recycle bin youve feeding cat tuna sardine treat food work well nutritionally balanced
567555,B003ULE0TS,A2Z4PH8EAX0U4C,Elizabeth Graveman,2,2,5,1326240000,Excellent tea!,"This is one of my favorite teas.  It is from Yunnan province in China. It is low in tannin, so, no matter how weak or strong you prefer your tea, it will not develop that bitter ""edge"" so many tea varieties do. I like it moderately sweetened, with a dash of almond milk.",one favorite tea yunnan province china low tannin matter weak strong prefer tea develop bitter edge many tea variety like moderately sweetened dash almond milk
567556,B003ULE0TS,A1YUL9PCJR3JTY,"O. Brown ""Ms. O. Khannah-Brown""",2,2,5,1296000000,"Beautiful Morning Tea, With Caffeine","*****<br />Numi Tea's Chinese Breakfast Yunnan Black Tea is a premium Numi tea, both certified organic and kosher. The only ingredient is fair trade certified organic high mountain Yunnan Black Tea FOP (Flowery Orange Pekoe). There is nothing artificial in this or in any Numi tea.<br /><br />On the box, the manufacturer writes: ""This noble tea is grown in the mist covered mountains of Yunnan province. What distinguishes this fine, organic black tea is its perfect sense of balance, exquisite tiger's eye color, and a lean vibrancy which makes it suitable at any time of day. Like a complex wine, it is the perfect tea for food, marrying well with a wide variety of dishes. It has a distant and hard to place floral quality, yet it leaves the mouth tasting as clean as spring water. And it energizes the body and mind more harmoniously than the best of coffees. We are proud to bring you this high grade leaf.""<br /><br />Although this tea says ""orange pekoe"", it does not taste citrus-y, but has a strong morning black tea taste with flowery overtones. It is like a regular orange pekoe upgraded many, many times, with something delicate, lovely, and flowery added. It's the perfect morning tea, or for anytime you want a high-quality pick-me-up.<br /><br />If you like Numi teas, get it---you won't be sorry. If you are new to Numi but love regular black, this will probably be the best you've ever had, and you'll wonder why you ever drank the ""old stuff""!<br /><br />Highly recommended.<br />*****",numi tea chinese breakfast yunnan black tea premium numi tea certified organic kosher ingredient fair trade certified organic high mountain yunnan black tea fop flowery orange pekoe nothing artificial numi teaon box manufacturer writes noble tea grown mist covered mountain yunnan province distinguishes fine organic black tea perfect sense balance exquisite tiger eye color lean vibrancy make suitable time day like complex wine perfect tea food marrying well wide variety dish distant hard place floral quality yet leaf mouth tasting clean spring water energizes body mind harmoniously best coffee proud bring high grade leafalthough tea say orange pekoe taste citrusy strong morning black tea taste flowery overtone like regular orange pekoe upgraded many many time something delicate lovely flowery added perfect morning tea anytime want highquality pickmeupif like numi tea get ityou wont sorry new numi love regular black probably best youve ever youll wonder ever drank old stuffhighly recommended
567557,B003ULE0TS,A31KTYGZML7UT5,Samsara,2,2,5,1292889600,Numi is  the best tea I have tried so far.,"I am a tea lover, as is my husband. After trying numerous teas including Teavana, we found that this tea is robust, full bodied, and far better than the other black teas we have tried. Numi is organic, fair trade, wonderful packaging and good for the planet. My new years resolution is keeping those qualities in everything I purchase when possible. You will not be dissapointed in this tea.",tea lover husband trying numerous tea including teavana found tea robust full bodied far better black tea tried numi organic fair trade wonderful packaging good planet new year resolution keeping quality everything purchase possible dissapointed tea
567558,B003ULE0TS,A2N2KMX7UJ9A3W,Heidi K. Bertman,0,0,5,1344902400,Great value and flavor in organic tea!,"I drink black tea every day and looked for an option that was reasonably priced, a good flavor and organic. Numi offered all of these and the subscribe and save program makes the price even better.",drink black tea every day looked option reasonably priced good flavor organic numi offered subscribe save program make price even better
567559,B003ULL8HA,A1YUL9PCJR3JTY,"O. Brown ""Ms. O. Khannah-Brown""",4,4,5,1296000000,Great Tea For Relaxing,"*****<br />Sweet Meadows is a very relaxing high-quality Numi tea. This herbal tea is certified organic and is kosher. The whole organic chamomile blossoms used in this tea have been cultivated in Egypt's northern valley, and are combined with the finest organic lemon myrtle from the rainforests of Australia. The tea itself is caffeine-free, of course, and has a flowery chamomile and citrus-y flavor. I love the taste and I prefer it over plain chamomile--the lemon adds a lot!<br /><br />The price is perfect, a big savings over single boxes. If you like Numi herbal teas, get it---you won't be sorry.<br /><br />Highly recommended.<br />*****",sweet meadow relaxing highquality numi tea herbal tea certified organic kosher whole organic chamomile blossom used tea cultivated egypt northern valley combined finest organic lemon myrtle rainforest australia tea caffeinefree course flowery chamomile citrusy flavor love taste prefer plain chamomilethe lemon add lotthe price perfect big saving single box like numi herbal tea get ityou wont sorryhighly recommended
567560,B003ULL8HA,A2RXFC4Z878BLQ,Joy Burckart,2,2,5,1321574400,Such a wonderful tea!,I tried this tea today and it was the first one I've tried that made ALL my stress go away. It has a great taste!,tried tea today first one ive tried made stress go away great taste
567561,B003ULL8HA,A2OH0YZ2XEQA63,Maria Orfan,0,0,5,1336953600,Better Than Just Chamomile,"Soothing, I ordered another 3-pack.  A 20oz. cup takes 2 bags, we need the extra fluids anyway.  W/traditional chamomile teabag I have to add a peppermint or red clover & they balance each other out beautifully, this one needs nothing.",soothing ordered another pack oz cup take bag need extra fluid anyway wtraditional chamomile teabag add peppermint red clover balance beautifully one need nothing
567562,B001BKLHMI,A292EHHWC825JV,Jesaco,9,10,5,1256256000,Best Tasting Kashi Bar,However.....<br />You can get a better price at Target or Walmart....$4.14 for a box of four = Approximately $1.04 a bar.  One drawback to Target and Walmart though is they are frequently out of stock due to being so popular.,howeveryou get better price target walmart box four approximately bar one drawback target walmart though frequently stock due popular
567563,B001BKLHMI,A3LL88NARIKY52,"BDogPound ""BDogPound""",4,4,5,1279065600,Better than you think,Very tasty and travels well even in the heat. Box is always messed up but bars are fine,tasty travel well even heat box always messed bar fine
567564,B001BKLHMI,A14CXDFN6J72RG,W,3,3,5,1290297600,"Tastes great, keep you full!","Found them on sale here for roughly $10.50 for box of 12, so it was a better deal than $4.00 for box of 4 at target. They taste great and keep me full between meals. Love them, but don't love the regular price!!",found sale roughly box better deal box target taste great keep full meal love dont love regular price
567565,B001BKLHMI,A2YW72WK6I97UP,Kathleen E. Shelby,2,2,5,1303862400,Almost like a cinnamon roll,These Kashi bars are wonderful.  Heat them a little and they are almost like a cinnamon roll.  You will love them.,kashi bar wonderful heat little almost like cinnamon roll love
567566,B001BKLHMI,A1VV7MD14UNIAK,"Doggy Bird ""doggybird""",4,6,1,1309392000,Worst Tasting Imitation Food Ever!,"I really like all the other Kashi bars in this category, I used to buy the variety pack but changed my order when Amazon started offering subscribe and save for the individual GOLEAN varieties.  I initially resisted this particular variety since I wasn't interested in the idea of coffee cake.  However, every time I ordered another variety this came up as a suggestion.  I have tried new varieties in the past like the pretzel GOLEAN and really enjoyed them.  I finally decided since the main ingredients here were hazelnuts and cinnamon, both of which I like, how bad could it be? Well, I found out.  PRETTY BAD.  PRETTY, PRETTY, PRETTY, PRETTY BAD.  Way too sweet.  Way too artificial tasting.  Someone's really bad idea out of some experimental kitchen of which people should beware.  Awful!",really like kashi bar category used buy variety pack changed order amazon started offering subscribe save individual golean variety initially resisted particular variety since wasnt interested idea coffee cake however every time ordered another variety came suggestion tried new variety past like pretzel golean really enjoyed finally decided since main ingredient hazelnut cinnamon like bad could well found pretty bad pretty pretty pretty pretty bad way sweet way artificial tasting someone really bad idea experimental kitchen people beware awful
567567,B001BKLHMI,A8VDJ9R4Q8AGO,Bestlife78,0,0,5,1344729600,The best Kashi protein Bar,"I have been adding this bar to my diet for years! For those of us that don't like chocolate its the best! Also, its a great way to add a little protein daily!",adding bar diet year u dont like chocolate best also great way add little protein daily
567568,B001BKLHMI,A3T0OTH5072YRE,"M. Reynard ""kairosdreaming""",0,0,4,1336435200,Kashi Go Lean Crunchy Cinnamon Coffee Cake Bar,"I've discovered that I really like the Kashi Go Lean Crunchy bars . They all seem to have good flavors, good ingredients, and they don't have as high of calories as some of the others do.<br /><br />Cinnamon Coffee Cake really did taste like a cinnamon coffee cake.  It was pleasantly sweet, with that hint of spice from the cinnamon, and there was a little bit of sweet frosting stuff drizzled on top too.  It definitely had the crunch as well from the different grains the bar was made up of.  And I liked the crunch, it really made it feel like you were biting into something substantial.<br /><br />The ingredients are good in this bar.  Not the best out of all the brands out there, but still reasonably decent.  The main sweetener is Brown Rice Syrup, but there is also crystalline fructose and evaporated can juice crystals.  The grains are the Kashi seven grain blend that they like to advertise and there's wheat bran and a few other things included as well.  There are some hard to pronounce ingredients, but these appear to be the vitamins.<br /><br />This bar has 160 calories in it.  Not as much as some but still not enough to justify eating these as a snack.  Use them for when you're exercising, or don't have enough time for a full breakfast.  There is 5 grams of fiber and 8 grams of protein as well.  Although there are 13 grams of sugar, which seems a little high.  I do have to say that eating one of these bars does not make me as full as other bars do.  I started getting hungry around ten am after eating the bar at 8 am.  But it still did ok in that aspect, and maybe I was just hungrier than usual.<br /><br />A great flavored bar, I'd definitely buy it again.  I can just see it being a good one to take on a bike trip or some other kind of event.<br /><br />Review by M. Reynard 2012",ive discovered really like kashi go lean crunchy bar seem good flavor good ingredient dont high calorie others docinnamon coffee cake really taste like cinnamon coffee cake pleasantly sweet hint spice cinnamon little bit sweet frosting stuff drizzled top definitely crunch well different grain bar made liked crunch really made feel like biting something substantialthe ingredient good bar best brand still reasonably decent main sweetener brown rice syrup also crystalline fructose evaporated juice crystal grain kashi seven grain blend like advertise there wheat bran thing included well hard pronounce ingredient appear vitaminsthis bar calorie much still enough justify eating snack use youre exercising dont enough time full breakfast gram fiber gram protein well although gram sugar seems little high say eating one bar make full bar started getting hungry around ten eating bar still ok aspect maybe hungrier usuala great flavored bar id definitely buy see good one take bike trip kind eventreview reynard
567569,B001BKLHMI,A22EUO6X3JRJXH,"Lori E. Connors ""mom2booandbobo""",0,0,5,1334016000,My morning go to breakfast!,These bars are amazing. My entire family eats them....from ages 5 - 48. They have good nutritional stats and that makes me happy!,bar amazing entire family eats themfrom age good nutritional stats make happy
567570,B001BKLHMI,A3Q6ZYTTGGWHP0,Socorro,0,0,4,1330992000,Yumm!,"I enjoy the Kashi GOLEAN bars. They are portable, low cal, high fiber, and high protein. They keep you feeling satisfied and full way better than most bars. Given security concerns where I work, I can only take in prepackaged bar type foods. These work great to keep in my desk for days that I cannot get out for lunch. I usually get chocolate type bars, but wanted something different. These were a nice change and taste great too. A little on the sweet side, but overall a tasty meal replacement.",enjoy kashi golean bar portable low cal high fiber high protein keep feeling satisfied full way better bar given security concern work take prepackaged bar type food work great keep desk day cannot get lunch usually get chocolate type bar wanted something different nice change taste great little sweet side overall tasty meal replacement
567571,B001BKLHMI,AJGM7EAQQSTX9,"JudyS ""JudyS""",0,0,4,1327276800,Taste Like Gingerbread,"These are a little different than the other Kashi GOLEAN Crunchy Bars. Instead of the chocolate, there is a coating that may be vanilla. It was hard to tell. Tasty, but not chocolate. They taste more like gingerbread than anything else, and they don't taste like coffee cake. However, they are a nice alternative to the other Crunchy Bars. If you like the other flavors, you will probably like these too.",little different kashi golean crunchy bar instead chocolate coating may vanilla hard tell tasty chocolate taste like gingerbread anything else dont taste like coffee cake however nice alternative crunchy bar like flavor probably like
567572,B001BKLHMI,A21PLW2FHTCPZG,sophb214,0,0,5,1324252800,yumm,"This is my favorite flavor of the Go lean bars- it's filling, sweet, satisfies craving every time and it's nutritious- all around yumm",favorite flavor go lean bar filling sweet satisfies craving every time nutritious around yumm
567573,B001BKLHMI,A2TXW6SYDRVU5M,California mom,0,0,5,1322352000,Kashi GOLEAN Cinnamon Coff Cake Bars,"I used to be able to find these in the stores, but with cut backs due to the economy on stock, I can only find them online.  Great for snacks or hiking.",used able find store cut back due economy stock find online great snack hiking
567574,B001BKLHMI,A25S1YNQE55GOK,"LAK ""LAK""",0,0,5,1320883200,Kashi Crunch,"These are the best!  The price is better than any of the local grocery stores, delivered fresh and on time.  If you like these, go with Amazons subscription and save even more!",best price better local grocery store delivered fresh time like go amazon subscription save even
567575,B001BKLHMI,A1YXY2JGDLO8XG,Bre,0,0,5,1308355200,Best bars in the world,"I love these more than any granola, energy, meal or any other bar I have ever tried... And I've probably tried them all. They're sweet, cinnamon-y, and remind me a little of spice cake; they've also got little pieces of hazlenut in them which adds a nice nutty flavor to the whole thing, and the frosting type substance is really good too. The texture is like a crispy rice cereal bar, but much better (to me anyway), and they're chewy, don't buy these expecting them to be like the crunchy Nautre Valley granola bars. These have got lots of fiber and protein, so they're quite filling, and they're low in fat, and the fats they do have are good fats. They're also made with healthy, natural ingredients that are really good for you. I would absolutely recommend giving these a try.",love granola energy meal bar ever tried ive probably tried theyre sweet cinnamony remind little spice cake theyve also got little piece hazlenut add nice nutty flavor whole thing frosting type substance really good texture like crispy rice cereal bar much better anyway theyre chewy dont buy expecting like crunchy nautre valley granola bar got lot fiber protein theyre quite filling theyre low fat fat good fat theyre also made healthy natural ingredient really good would absolutely recommend giving try
567576,B001BKLHMI,AWWUIWQMTU189,R. Preiss,0,0,5,1308268800,My family loves them.,"In fact they love them so much that when local stores stopped carrying them, I started buying them on the internet.  Healthy and flavorful - a guilt-free snack for the kids.",fact love much local store stopped carrying started buying internet healthy flavorful guiltfree snack kid
567577,B001BKLHMI,A3128NFPAGOHPI,nikbik,0,0,5,1306713600,Love these Kashi bars!,"I have had a hard time finding the Kashi Golean Crunchy Cinnamon Coffee Cake Bars in stores. So, I was thrilled to find them on Amazon and have them delivered to my house! They arrived on time and were just what I expected! Thank you, I will definitely reorder this item!",hard time finding kashi golean crunchy cinnamon coffee cake bar store thrilled find amazon delivered house arrived time expected thank definitely reorder item
567578,B001BKLHMI,A3H7AOFQDPU0JV,"Timothy Capehart ""Review-a-holic""",0,0,5,1299110400,I think I have a new favorite food,"I have reviewed a lot of these snack bars over the past couple of years, this is by far the most delicious. I would eat one every day.<br /><br />That's really not hyperbole. Yesterday I had a Pure Protein S'more. I thought. Oh that was good. Not really S'more flavoured, but I liked it. Today, I moved on to this one and it's just the right amount of sweet, chew, cinnamon...only 160 calories, 8g protein, 5g of fiber...ok so some of the other bars are a little more packed with fiber and protein, but they don't taste this good.<br /><br />Kashi, you done good! (Not that I am surprised)",reviewed lot snack bar past couple year far delicious would eat one every daythats really hyperbole yesterday pure protein smore thought oh good really smore flavoured liked today moved one right amount sweet chew cinnamononly calorie g protein g fiberok bar little packed fiber protein dont taste goodkashi done good surprised
567579,B001BKLHMI,A1B62PZ6SXXY03,"Quality review ""by LB""",1,2,5,1310774400,Breakfast or desert,"Another great Kashi product I can give my kids (and indulge in myself)!  We enjoy it as an afternoon snack or a healthful desert alternative. The coffee flavor is very faint, more like cinnamon cake with frosting. We'll try some other flavors next.",another great kashi product give kid indulge enjoy afternoon snack healthful desert alternative coffee flavor faint like cinnamon cake frosting well try flavor next
567580,B001BKLHMI,A2DDF8DXK7VUEX,French Toast Queen,0,1,4,1282435200,not my favorite Kashi,"I LOVE Kashi bars, the red/green/yellow ones. These are the blue ones. I'm sure it's just personal taste...I just didn't like them as much. Don't think there's anything ""wrong"" with them.",love kashi bar redgreenyellow one blue one im sure personal tastei didnt like much dont think there anything wrong
567581,B001BKLHMI,AQ9HVSTUKFNKD,"Sandra B. Malone ""malone, sandi""",2,5,1,1273795200,Stale Product w/ Expiration Date of August 2010,"Amazon.com:<br /> I definetly would have wanted to know the product expiration date. If I had known the date of<br />expiration was August 2010, I would not have ordered it. The bars were so hard to chew and stale<br />I asked to return them. Permission was granted and I received a refund without having to pay for<br />return shipping. I was very appreciative of your customer service concern with this problem and<br />resolution of handling of this problem in a prompt and courteous manner.* Please note that in our<br />local stores the expiration dates are March 2010 on this product and they are fresh and flavorful.<br />Thank you for allowing my review; maybe, this will prevent the dissatisfaction of other Amazon<br />customers.  Very Sincerely, Sandra",amazoncom definetly would wanted know product expiration date known date ofexpiration august would ordered bar hard chew stalei asked return permission granted received refund without pay forreturn shipping appreciative customer service concern problem andresolution handling problem prompt courteous manner please note ourlocal store expiration date march product fresh flavorfulthank allowing review maybe prevent dissatisfaction amazoncustomers sincerely sandra
567582,B000LRKPAC,A1BB8ACDB2CT7,Catherine,0,0,5,1296604800,excellent vinegar,"I make a salad of cut up small cukes, celery, red peppers, apples, onion, kidney beans and garbonzo beans. I use kosher  salt and pepper and the colavita aged white wine vinegar. I cut up everything and pour the vinegar over the salad and put it in the refrigerator overnight. The result is a delicious salad. I don't need to use any olive oil with it. I always have this vinegar in my cupboard.  This is a great tasting vinegar.",make salad cut small cuke celery red pepper apple onion kidney bean garbonzo bean use kosher salt pepper colavita aged white wine vinegar cut everything pour vinegar salad put refrigerator overnight result delicious salad dont need use olive oil always vinegar cupboard great tasting vinegar
567583,B002UORCFA,A3629PKLUCEJL5,TJ,0,0,1,1340150400,Great tea...when not expired!!! SCAM,I've had this tea many times before at my place of employment and it's always delicious. I ordered this tea a few weeks ago and made a pot and it tasted VERY bitter. I looked at the bottom of the can and found the expiration date only to find that the product was expired by half a year... THANKS A LOT B2C INDUSTRIES. DO NOT ORDER FROM THIS SELLER. SCAM.,ive tea many time place employment always delicious ordered tea week ago made pot tasted bitter looked bottom found expiration date find product expired half year thanks lot bc industry order seller scam
567584,B0039LY7KG,A2JQB5PMQTJC44,AZAE,3,3,5,1281484800,Great sport drink,"I have tried many flavors of the Activate Drinks and this one is my favorite.  I drink it during workouts.  I feel just as good as when I drink other ""workout energy drinks"", but this one does not tastes as sugary to me.",tried many flavor activate drink one favorite drink workout feel good drink workout energy drink one taste sugary
567585,B005K4Q68Q,A1BJHZE41QWBX6,"Sharon Pipke ""Sharon""",0,0,5,1349568000,"Grove Square Hot Cocoa Cups, Milk Chocolate, Single Serve cup for Keurig K-cup brewers, 24 Count","I received the K-cups on time and in execellant condition. I usually drink coffee, but at night the Hot cocoa is good with a snack, just before bed.",received kcups time execellant condition usually drink coffee night hot cocoa good snack bed
567586,B005K4Q68Q,A365A90ZY1Q80T,Kimberly M. Sholl,0,0,4,1349568000,Delicious Hot Cocoa,This is the best hot cocoa I've had in a K-Cup!  The taste is smooth and creamy.  It's perfect for a cold morning or an evening hot drink.  I would definitely recommend this product.  The best part is that it can be ordered on auto delivery so I never run out.,best hot cocoa ive kcup taste smooth creamy perfect cold morning evening hot drink would definitely recommend product best part ordered auto delivery never run
567587,B005K4Q68Q,AQ80LJNDLVZPG,PinkBiker,0,0,5,1349481600,So yummy!,"I'm pregnant and had to,give up my hot cup of coffee. I thought maybe a hot cup of this will suffice? Sure does! Throw the kcup,in- and this is the best hot choc ever! I choke down my vitamins with it too! Worth it and so cheap here!",im pregnant togive hot cup coffee thought maybe hot cup suffice sure throw kcupin best hot choc ever choke vitamin worth cheap
567588,B005K4Q68Q,A2NWIF2APZNNV0,gio,0,0,5,1349395200,yummy,This is quite the buy compared to other hot chocolates. The kids love it quick and easy.I will order this hot chocolate again.,quite buy compared hot chocolate kid love quick easyi order hot chocolate
567589,B005K4Q68Q,A9RIPXAHUQBKY,Maddy,0,0,5,1348617600,Great!,Kids loved it. Great product at a great price.  My little one can make her own hot cocoa without my assistance.,kid loved great product great price little one make hot cocoa without assistance
567590,B005K4Q68Q,A1NK86G7OK4E54,elf310,0,0,3,1348358400,Decent Flavors but a little weak,"Even on the small cup setting of the elite, these are a little weak for me.  Make sure you shake the cups before putting them in your machine or they will be way too weak.  I also run a cup of hot water thru the maker before using these so there is no coffe taste to them.",even small cup setting elite little weak make sure shake cup putting machine way weak also run cup hot water thru maker using coffe taste
567591,B005K4Q68Q,A3D7QMIGNEID0P,Margaret A. Kohl,0,0,5,1348272000,Great hot chocolate,"The hot chocolate is my husband's favorite.  Service was also great, as it usually is.  Very popular now with winter coming on.",hot chocolate husband favorite service also great usually popular winter coming
567592,B005K4Q68Q,A103U3KR4L2ZXT,"AndreaR ""andiemack""",0,0,5,1348185600,Great cup of cocoa,I like the rich dark smooth taste of the Grove Square cocoa. It is the best I have found in K-cups and I have been on auto delivery for at least a few months now. Delicious!,like rich dark smooth taste grove square cocoa best found kcups auto delivery least month delicious
567593,B005K4Q68Q,A2CJKQ0DOE5ARF,"Ross H. Reddick ""RossPDX""",0,0,1,1348099200,Disgusting,"Looks like and tastes like chocolate colored water. No chocolate flavor whatsoever, this was a complete disappointment.  I got the hot chocolate k-cups from swiss miss instead.  How people can be giving this product four and five stars is astounding to me, is the Amazon ratings system being gamed for this product?",look like taste like chocolate colored water chocolate flavor whatsoever complete disappointment got hot chocolate kcups swiss miss instead people giving product four five star astounding amazon rating system gamed product
567594,B005K4Q68Q,A14Z8PWKLIRDLA,"J. Corne ""Josh""",0,0,5,1347926400,"Fast, Affordable, & very good!!!","Excellent coffee for people on a tight schedule. My Fiancee fell in love with my brother in law's and had to have one! Now, everyone that visits our house has to try a cup and keeps coming back for more. Also like the fact that there's a wide variety of coffee flavors to choose from.",excellent coffee people tight schedule fiancee fell love brother law one everyone visit house try cup keep coming back also like fact there wide variety coffee flavor choose
567595,B005K4Q68Q,A1T010IZIHYJ9C,mikey,0,0,4,1347840000,Hot Cocoa right on time,The kids love the hot cocoa and I like the fact that I can get the stuff shipped to me when I need it without worry of order.,kid love hot cocoa like fact get stuff shipped need without worry order
567596,B005K4Q68Q,A3LNXBAF8GTKK9,Marcela Smith,0,0,5,1347840000,Along these lines,This was the best purchase that I could have made for my daughter. It was priced beautifully and my daughter can study without worrying about the price for her college books. Thanks so much!!,best purchase could made daughter priced beautifully daughter study without worrying price college book thanks much
567597,B005K4Q68Q,ANN2AVY4DPB4C,"Doris H. Blue ""Am I Blue""",0,0,4,1347494400,A CHOCOHOLIC'S VIEW,AS  A CHOCOHOLIC FOR  MANY YEARS I CRAVE A GOOD CUP OF HOT CHOCOLATE.  THIS DONE IN THE KEURIG IS REALLY EASY AND FAST.  THE MILLK CHOCOLATE<br />IS TASTY AND THE DARK CHOCOLATE TASTES LIKE THE MANY CUPS OF COCOA I HAD AS A CHILD.  NOT PARTICULARLY CARRIED AWAY BY THE  PEPPERMINT<br />FLAVOR BUT IT WAS NOT STRONG ENOUGH  TO MATTER.,chocoholic many year crave good cup hot chocolate done keurig really easy fast millk chocolateis tasty dark chocolate taste like many cup cocoa child particularly carried away peppermintflavor strong enough matter
567598,B005K4Q68Q,A2JRW1GL8Z771V,MI_Mom,0,0,5,1347494400,Great Hot Cocoa!,My family loves all three flavors. The dark chocolate is my favorite.  The price was unbeatable.  I will buy this product again.,family love three flavor dark chocolate favorite price unbeatable buy product
567599,B005K4Q68Q,A1LFVTK70U5EZ5,GQ,0,0,2,1347321600,Sweet cocoa,"I found this too sweet. Am hoping there's an unsweetened version available. Not very chocolatey too, kinda like Swiss miss.",found sweet hoping there unsweetened version available chocolatey kinda like swiss miss
567600,B005K4Q68Q,ADKBNA7OMK620,Theresa,0,0,1,1347062400,should say diet,It has artificial sweetener which not only taste bad to me but also gives me a headache. This should say light or diet to let the buyer know this. I would have never bought it had I known. It seems like it would taste good otherwise.,artificial sweetener taste bad also give headache say light diet let buyer know would never bought known seems like would taste good otherwise
567601,B005K4Q68Q,ARWRBORADGA3G,"Ryan White ""SunsetQuest""",0,0,5,1346803200,good hot cocoa,It tastes good and is little sweet so my first thought was that it had a lot of sugar.  I looked on the box and was surprised that it did not have that much. (a plus for me),taste good little sweet first thought lot sugar looked box surprised much plus
567602,B005K4Q68Q,A1Q7232KST2VWE,Rob  S.,0,0,2,1346716800,If you like the taste of artificial sweetner it is ok.,"I have to admit based on most of the reviews I was sold on getting the 48 pack.  Was a mistake. All three flavors had a distinct taste of the sucralose.  That is the name of the artificial sweetner, in the product.  If you like Splenda,you may like this.  But, it has a distinct taste. Unfortunately not for me. A few friends of mine that tried it and said,""It wasn't bad."" Unfortunately, that was the best of the comments.<br />If you really want a good cup of hot chocolate try Cafe Escapes or Swiss Miss.  Both are twice as good in my opinion. Liked the Escapes best.  Wish I liked the artificial sweetner, but the that taste has a distinct after taste. Probably would be better without the artificial stuff and more regular sugar. If your going to order I would get the small pack to try it.  Better then throwing out 30.  Try Cafe Escapes and Swiss Miss and see for yourself.",admit based review sold getting pack mistake three flavor distinct taste sucralose name artificial sweetner product like splendayou may like distinct taste unfortunately friend mine tried saidit wasnt bad unfortunately best commentsif really want good cup hot chocolate try cafe escape swiss miss twice good opinion liked escape best wish liked artificial sweetner taste distinct taste probably would better without artificial stuff regular sugar going order would get small pack try better throwing try cafe escape swiss miss see
567603,B005K4Q68Q,A3GL1ORCNI2XEZ,Tom,0,0,5,1346716800,Grove Square Hot Cocoa For Keurig,This is the best Hot Cocoa product I have found for the Keurig K-cup Brewer. The others I have tried do not have the test or alot of the product remains in the cup.,best hot cocoa product found keurig kcup brewer others tried test alot product remains cup
567604,B005K4Q68Q,A3OCCDTAMODER1,Joe,0,0,5,1345680000,highly recommended hot chocolate,"They have some really good hot chocolate. I got a single pack before and it was so good that I reordered some more. I like to make a mocha by brewing one of these and then one coffee (use a big cup).<br /><br />One thing to note: these dont have a strainer inside, the entire contents are meant to be used (unlike the coffee Kcups) so it will feel empty once done. I would not recommend brewing on the smaller cup settings. Use a standard mug or larger because the smaller settings wont get all the chocolate from the inside to come out.<br /><br />Also, kids may not like the peppermint flavor.... But that is my favorite one. If you don't want to get the variety pack, they sell the individual flavors too.",really good hot chocolate got single pack good reordered like make mocha brewing one one coffee use big cupone thing note dont strainer inside entire content meant used unlike coffee kcups feel empty done would recommend brewing smaller cup setting use standard mug larger smaller setting wont get chocolate inside come outalso kid may like peppermint flavor favorite one dont want get variety pack sell individual flavor
567605,B005K4Q68Q,AGLWD7FVS8E1L,"BasicTek ""Tim""",0,0,5,1345507200,Best Keurig Hot Chocolate so far,"I brew the 8 oz cups, 10 and 12 makes it too thin. It's good at that point but adding some creamer, whipped cream, and or cinamin always improves it.",brew oz cup make thin good point adding creamer whipped cream cinamin always improves
567606,B005K4Q68Q,A2DPQ82V9HI4TJ,"Jane Krisch ""Jane Krisch""",0,0,5,1345334400,A++ Service,Husband and Grandaughter LOVE this cocoa... Make it for them all the time as I drink my coffee.. My husband is a very picky person but for some reason he really likes this one product and wants me to keep it in stock here at the house.. Loves it at night after dinner on cold evenings.,husband grandaughter love cocoa make time drink coffee husband picky person reason really like one product want keep stock house love night dinner cold evening
567607,B005K4Q68Q,A29S7IVPEA0YIW,Teri A. Hagen,0,0,5,1344988800,Great Value and Super Yummy!,"These k-cups are awesome.  They taste no different (Personally, I think better) than those which are priced three times as much!  I highly recommend this product!",kcups awesome taste different personally think better priced three time much highly recommend product
567608,B005K4Q68Q,A1K4RN8VAOZ93A,goaliemom53,0,0,5,1344902400,Great taste,"I have purchased other hot cocoa cups but find Grove Square to be about the best of them all.  I usually add two teaspoons of the the flavored coffeemate creamers, my favorite being the Sugar Free Caramel Macchiato.  By adding the sugar free creamer the taste is there but not the calories.",purchased hot cocoa cup find grove square best usually add two teaspoon flavored coffeemate creamer favorite sugar free caramel macchiato adding sugar free creamer taste calorie
567609,B005K4Q68Q,A3HUUFNYEM826Q,doma602,0,0,5,1344556800,Grove Square,"The most chocolatey and smooth hot cocoa ever, Yum! It has the best price and taste for the Keurig K-Cup Brewer. Way better then at least 3 other peicer brands--we've tried different ones and this is the best and super super fast delivery. Thanks",chocolatey smooth hot cocoa ever yum best price taste keurig kcup brewer way better least peicer brandsweve tried different one best super super fast delivery thanks
567610,B005K4Q68Q,ACNIYDWGA2WQN,"Edward N. Barnes ""enbarnes""",0,0,3,1343952000,Pretty good cocoa,Makes pretty good cocoa and a lot easier than on the stovetop.  Not as sweet as I would prefer and needs to be stirred to keep it in suspension.  I guess I can add marshmallows:-),make pretty good cocoa lot easier stovetop sweet would prefer need stirred keep suspension guess add marshmallow
567611,B005K4Q68Q,A2DVA9DTH2YTC,Angela M. Hiteshew,0,0,4,1343606400,What a great value!!,"Arrived quick and on-time, and what a great value! Definitely pleased with my purchase, and will likely buy again =)",arrived quick ontime great value definitely pleased purchase likely buy
567612,B005K4Q68Q,A3PFGKHWB839TI,Matt,0,0,5,1343520000,"Great product, great price ...","Great option for excellent taste, price, and convenience. A repeat customer on these! We order these now in the 36 pack instead of getting at the grocery store.",great option excellent taste price convenience repeat customer order pack instead getting grocery store
567613,B005K4Q68Q,A3OGQ11JV4GGC3,ritchie02,0,0,5,1343433600,"Grove square Hot Cocoa cups,Milk Chocolate For Keurig K-cups Brewers, 24 Count","Grove square Hot Cocoa is just the right amout of milk chocolate, not to much chocolate, just the right mixture. Delicious! I say a good cup of hot chocolate. Try Grove Square Hot Cocoa, Milk Chocolate K cups for Keurig Coffee Makers. Enjoy! I did.",grove square hot cocoa right amout milk chocolate much chocolate right mixture delicious say good cup hot chocolate try grove square hot cocoa milk chocolate k cup keurig coffee maker enjoy
567614,B005K4Q68Q,AB094YABX21WQ,J. Gregg,0,0,5,1343174400,tastes pretty good,this hot coca tastes pretty good when brewed on 8oz setting however its not the best I've ever tasted nor the worst. its hard to rate this because everyone has different tastes so its ether you like it or you don't. I my self happen to like it and will buy again unless I find something better.,hot coca taste pretty good brewed oz setting however best ive ever tasted worst hard rate everyone different taste ether like dont self happen like buy unless find something better
567615,B005K4Q68Q,A190ZI4MDD47UC,Jean,0,0,5,1343174400,Love the hot chocolate,This is a great buy.  I love this hot chocolate because it is very low in sugar and has a good taste.  It isn't messy like regular hot chocolate as it is all dissolved before it hits the cup.  Would buy again.,great buy love hot chocolate low sugar good taste isnt messy like regular hot chocolate dissolved hit cup would buy
567616,B005K4Q68Q,A15DQC8JSUVGYR,"Edmund N. Durden ""ND House""",0,0,5,1342656000,Easy and kids love it,"Yum!  All the convenience you expect with a K-Cup with all the flavor of real hot chocolate.  The kids love it, and so will you!",yum convenience expect kcup flavor real hot chocolate kid love
567617,B005K4Q68Q,A3SWKICKP4J5K6,Julie Munro,0,0,5,1342569600,Great tasting coco,I really like the flavor of this hot chocolate.  The kids love the flavor too.  I always keep a box of this in the house as my kids and their friends are avid coco drinkers.  This makes it easier and less messy even for the younger ones.  No more powder spilled on the counter tops this way!,really like flavor hot chocolate kid love flavor always keep box house kid friend avid coco drinker make easier less messy even younger one powder spilled counter top way
567618,B005K4Q68Q,A3BI8LP14PUYAG,Richard Sweetman,0,0,5,1341705600,Kcup Hot Cocoa,This is one of my wife's favorite. Grove Square has another great product to share with Kcup users.  Now we need some specials  to bring the price per unit down.,one wife favorite grove square another great product share kcup user need special bring price per unit
567619,B005K4Q68Q,A1VMAF3WW4J3M3,B1teller,0,0,5,1341619200,Love it!,My husband and I both love this hot chocolate. We are on the auto shipment for every other month and we are going to have to change it to every month!,husband love hot chocolate auto shipment every month going change every month
567620,B005K4Q68Q,A2ALSH7ZYSVPK3,dopey62,0,0,5,1341619200,great taste for a great price,My family really enjoys Grove Square Hot Cocoa Milk Chocolate and we keep a supply on hand.  The excellent price is what made us choose this brand but the taste is what makes us continually renew our order.,family really enjoys grove square hot cocoa milk chocolate keep supply hand excellent price made u choose brand taste make u continually renew order
567621,B005K4Q68Q,A3B5N33ML7LJ5P,Luvssassy,0,0,5,1340409600,Keurig hot chocolate,I have tried several types of hot chocolate since purchasing my Keurig and this is by far the one I enjoy the most.  I have it shipped every month so that I don't worry about running out!!!,tried several type hot chocolate since purchasing keurig far one enjoy shipped every month dont worry running
567622,B005K4Q68Q,A18VUKXM8NXY,K. Engle,0,0,5,1339891200,Great Dark Cocoa,"I liked the milk chocolate version, so tried this.  It is just as good, and with the more intense chocolate flavor, appeals to my chocolate desires.",liked milk chocolate version tried good intense chocolate flavor appeal chocolate desire
567623,B005K4Q68Q,A24MI2GG040LY7,RBD,0,0,1,1339286400,Still Looking,"When I bought my Keurig brewer, I eagerly looked for other beverage options for my wife who is not a coffee drinker.  I'm still looking.  The Grove Square Hot Cocoa had a nasty aftertaste, almost metallic.  No amount of cleaning/tinkering with the brewer made any improvement.  I used the brewer to make hot water for a Nestle Hot Cocoa pack, and that was a far superior beverage.  The Grove Square quickly found it's way to the trash.  I'll find quality mixes and use the Keurig to heat the water from now on.",bought keurig brewer eagerly looked beverage option wife coffee drinker im still looking grove square hot cocoa nasty aftertaste almost metallic amount cleaningtinkering brewer made improvement used brewer make hot water nestle hot cocoa pack far superior beverage grove square quickly found way trash ill find quality mix use keurig heat water
567624,B005K4Q68Q,A28QH292WLWZY,"Joanna Luebke ""Loving Mom""",0,0,3,1337904000,Taste is okay,"It's okay but it does not have a rich chocolatey taste. I actually find it to have a funky taste, can't quite figure it out.",okay rich chocolatey taste actually find funky taste cant quite figure
567625,B005K4Q68Q,A3L0TIXDIKFKA0,"Ms. Ann M. Gillilan ""homeschoolmomof3""",0,0,5,1337731200,The kids love it!,"After trying several brands of Hot Cocoa my kids have decided that this is the one for them.  I'm certainly happy about it because not only is it delicious, but it's also more affordable.  3 boys can consume a box of hot cocoa very quickly, even with limits set.  It's also very convenient to have it shipped automatically.  If we don't drink that much I simply skip a month.  If friends come over and we drink a lot, I just order an extra box.  It's quick, simple and delicious.",trying several brand hot cocoa kid decided one im certainly happy delicious also affordable boy consume box hot cocoa quickly even limit set also convenient shipped automatically dont drink much simply skip month friend come drink lot order extra box quick simple delicious
567626,B005K4Q68Q,ABFMZYA9NJ222,Rb4123,0,0,4,1337212800,Found the secret,"To everyone worried about not getting a full cup to run through your machine with these k-cups, here's the trick.  Put it in your machine, close the lid, open the lid, turn 90 degrees, close the lid and repeat two more times.  You should have closed the lid on the k-cup four times by now.  Next step is to hit the brew button.  The problem is the needle is too small to run the chocolate through.  With the extra three holes it all flows out very quick and turns out good.  Would have given them five stars if it was able to run through the needle like it is supposed to.  Could have been a little thicker overall, but not bad.",everyone worried getting full cup run machine kcups here trick put machine close lid open lid turn degree close lid repeat two time closed lid kcup four time next step hit brew button problem needle small run chocolate extra three hole flow quick turn good would given five star able run needle like supposed could little thicker overall bad
567627,B005K4Q68Q,A2H84V55USFJQX,M5,0,0,5,1337126400,the best chocolate taste out there!,"the greatest, best chocolate taste in any keurig k-cups out there. will definitely order more. everyone in the office tries to steal them. i'm a chocolate nut, and these pass the test.",greatest best chocolate taste keurig kcups definitely order everyone office try steal im chocolate nut pas test
567628,B005K4Q68Q,AUOGMXLRRLVE1,Chris M.,0,0,5,1337126400,Hot cocoa k-cups,I have tried different brands of hot cocoa from dark to milk and the Grove Square milk chocolate k-cups have by far been the best.  They're big critics in my family and they have given two thumbs up.  I would recommend anyone who enjoys hot cocoa to purchase this brand.,tried different brand hot cocoa dark milk grove square milk chocolate kcups far best theyre big critic family given two thumb would recommend anyone enjoys hot cocoa purchase brand
567629,B005K4Q68Q,ABPNZ9RKXOP0E,gentlman4u,0,0,5,1337040000,cocoa,great product for keurig coffee maker. works fine with coffees and cocoa mixtures. Is good for just hot chocolate. like purchase price,great product keurig coffee maker work fine coffee cocoa mixture good hot chocolate like purchase price
567630,B005K4Q68Q,A3SEW1ECTN5D0D,"Auntie Nell ""Auntie Nell""",0,0,5,1337040000,Good cocoa,I enjoy the selection and they have all met my expectations so far.  My sister wioll not try any favor but milk chocolate but I am glad I brought the variety pack anyway,enjoy selection met expectation far sister wioll try favor milk chocolate glad brought variety pack anyway
567631,B005K4Q68Q,A250GU4SMP2BFS,Jaynee L. Ziegler,0,0,5,1336262400,Great hot chocolate!,This hot chocolate is much better than other k cup hot chocolates I have tried.  It is not watery.  I have tried both the milk and dark chocolate version and like them both.,hot chocolate much better k cup hot chocolate tried watery tried milk dark chocolate version like
567632,B005K4Q68Q,A1NEGY709BBIY3,"Ellen R. Powers ""etpowers98""",0,0,5,1336089600,Best hot chocolate,So far Grove Square has the best hot chocolate K-cups.  We have tried a couple others but they don't compare.,far grove square best hot chocolate kcups tried couple others dont compare
567633,B005K4Q68Q,A282OG9GRBXNEE,Kris,0,0,4,1335830400,Hot Cocoa,"When I was talking to a neighbor about getting a Keurig she told me not to get cocoa.  This was in a group of beverages that I got when I ordered my Keurig and I think it is very good.  It is rich, creamy, and exactly what I want when I want a cup of cocoa!  I would order this again.",talking neighbor getting keurig told get cocoa group beverage got ordered keurig think good rich creamy exactly want want cup cocoa would order
567634,B005K4Q68Q,A3M1LSD6E21BVK,"R. Johns ""HyghTone""",0,0,5,1335657600,Very good Hot Chocolate,This Hot chocolate is very good. It has just the right amount of milk chocolate flavor. The price is a very good deal and more than worth it!,hot chocolate good right amount milk chocolate flavor price good deal worth
567635,B005K4Q68Q,AJF5B70OO7S43,WOLF F.,0,0,5,1335571200,HARD TO BELIEVE,"I don't ven know why i ordered these, it was just on a whim. But what a surprise when I brewed myself some hot chocolate. The taste was unbelievable, just like homemade. Maybe a tad too sweet, but a tiny little bit of instant coffee added to it did the trick. Love it.",dont ven know ordered whim surprise brewed hot chocolate taste unbelievable like homemade maybe tad sweet tiny little bit instant coffee added trick love
567636,B005K4Q68Q,AGVNJ7B3TH8TB,Jay Rose,0,0,3,1335312000,Eh... why bother?,"I was expecting something more... considering the Keurig does such a good job with coffee.<br />But this stuff? Everybody who sampled it here said it tasted just like Nestle's powdered hot chocolate in a mug with hot water. Watery, sugary, and nothing special.",expecting something considering keurig good job coffeebut stuff everybody sampled said tasted like nestle powdered hot chocolate mug hot water watery sugary nothing special
567637,B005K4Q68Q,A2OIH61PAAW602,Michael S. Uhl,0,0,5,1335139200,love this,this item has an awesome chocolate flavor. i would recommend this product to anyone looking for hot chocolate for their keurig or any machine that uses k-cups. Great product,item awesome chocolate flavor would recommend product anyone looking hot chocolate keurig machine us kcups great product
567638,B005K4Q68Q,A31IMY00G32AD2,Hamer82,0,0,1,1335052800,Can taste artificial sweetner.,I was hoping this was a good idea.  However we tried them even after I heard they tasted bitter like artificial sweetner and it was true.  Not the same as the stuff from the can.,hoping good idea however tried even heard tasted bitter like artificial sweetner true stuff
567639,B005K4Q68Q,ANSGM5B0542MM,Richard C. Allen,0,0,5,1335052800,very good,Ordered this in the colder weather and it was great in the morning. Very easy and fast to prepare in K-Cups.,ordered colder weather great morning easy fast prepare kcups
567640,B005K4Q68Q,AKJHHD5VEH7VG,Dominique W,0,0,3,1334880000,I like old school cocoa much better,"I saw these on sale so I nabbed them.  For anything larger than a 6oz cup, the results will be too weak.  I end up brewing one with 6oz of water and then a cappuccino or something on top of it.<br /><br />The peppermint was the flavor I was anxious to try but it ended up being the dark chocolate that I loved the most.  I'm on the fence about ordering hot cocoa k-cups in the future.  It might be better to stick with canned cocoa and just use the water from my Keurig.",saw sale nabbed anything larger oz cup result weak end brewing one oz water cappuccino something top itthe peppermint flavor anxious try ended dark chocolate loved im fence ordering hot cocoa kcups future might better stick canned cocoa use water keurig
567641,B005K4Q68Q,AEKFUOZXJGOES,nyclostboy,0,0,4,1334534400,Grove Square Hot Coco K-Cups,The Grove Square Hot Coco K-Cups have a good flavor but I find that the k-cups do not have enough hot coco mix to make that perfect cup. Thus I recommend putting a little less water in order to make each cup just right.,grove square hot coco kcups good flavor find kcups enough hot coco mix make perfect cup thus recommend putting little less water order make cup right
567642,B005K4Q68Q,A1OTH5C0YHR1TR,K. Long,0,0,5,1334016000,"Kids Love it, Taste Best to me...","After drinking Swiss Miss watered down hot chocolates taste for so long, this is a very tasty creamy hot chocolate. My kids love it so I tried it and its the best I had in a while. I will be ordering more.",drinking swiss miss watered hot chocolate taste long tasty creamy hot chocolate kid love tried best ordering
567643,B005K4Q68Q,A2J8FJTJXL32VC,C. C. Smith,0,0,5,1334016000,good taste comes in small packages,"A pleasant surprise awaited me when I first ordered Grove Square milk chocolate Hot Cocoa cups. Not a coffee drinker,<br />I use our Keurig K-cup brewer mostly to make cocoa, and a few other brands I tried simply did not hit the mark. Grove Square cocoa tasted full-flavored, with just enough chocolate essence to make it a perfect drink. The first experience made me anticipate (with pleasure) the next time I popped a Grove Square K-cup into the machine!",pleasant surprise awaited first ordered grove square milk chocolate hot cocoa cup coffee drinkeri use keurig kcup brewer mostly make cocoa brand tried simply hit mark grove square cocoa tasted fullflavored enough chocolate essence make perfect drink first experience made anticipate pleasure next time popped grove square kcup machine
567644,B005K4Q68Q,A3BZRB5BQU7MP6,"Wanda T. Kindall ""TorreyK""",0,0,5,1333152000,I LOVE THIS HOT CHOCOLATE FOR THE KEURIG!,GROVE STREET HAS THE ABSOLUTE BEST HOT CHOCOLATE FOR THE KEURIG.  YOU SHOULD ALWAYS HAVE HOT CHOCOLATE AVAILABLE TO SOOTHE AWAY THE DAYS ANXIETIES!,grove street absolute best hot chocolate keurig always hot chocolate available soothe away day anxiety
567645,B005K4Q68Q,A393ZV2MIVGDPF,Lucas Gonzalez,0,0,5,1333065600,Love the flavor,My mom and son love the flavor of this hot chocolate. Add a little bit of milk afterwards and 1 splenda and the taste is amazing.,mom son love flavor hot chocolate add little bit milk afterwards splenda taste amazing
567646,B005K4Q68Q,AWGA6OTPZOF56,Monica E,0,0,5,1332979200,Creamy & Rich Cocoa,"I was hesitant to try this cocoa after all the horrible reviews about how it tasted so bad, and had a really bad Sucralose flavor. I don't know if I'm just not as picky as others or what it is, but I thought this hot cocoa was really good. Creamy and rich, and almost TOO sweet. I don't think it has an ""aftertaste"" though, how some have described. I used the middle water setting on my Keurig or ""small mug""...7.25 oz., I guess. Everyone has their own tastes and preferences, but as for me, I really like this product!",hesitant try cocoa horrible review tasted bad really bad sucralose flavor dont know im picky others thought hot cocoa really good creamy rich almost sweet dont think aftertaste though described used middle water setting keurig small mug oz guess everyone taste preference really like product
567647,B005K4Q68Q,AS0O9EE62B0Y6,Miss Gamble,0,0,5,1332892800,best k-cup hot chocolate,"This is hands down the best tasting k-cup hot chocolate available.  The Cafe Escapes or whatever the brand name is tastes very watered down and artificial, while this one tastes thicker and milkier.  I love the dark chocolate flavor, although if I didn't know it wasn't dark I probably couldn't have told the difference between it and a regular cup of cocoa.  I will stick with the flavor just because it will probably be richer than the milk chocolate option.  These are such a hit at my house when the weather is cool.  Everyone always wants hot chocolate!<br /><br />Something to note on this is that these work much better when used with about 6 oz per k-cup.  I use 2 k-cups per mug and the flavor is much better than when I try one (too watery).",hand best tasting kcup hot chocolate available cafe escape whatever brand name taste watered artificial one taste thicker milkier love dark chocolate flavor although didnt know wasnt dark probably couldnt told difference regular cup cocoa stick flavor probably richer milk chocolate option hit house weather cool everyone always want hot chocolatesomething note work much better used oz per kcup use kcups per mug flavor much better try one watery
567648,B005K4Q68Q,AMDPYQR7QVOJQ,TINJAN,0,0,5,1332633600,k-cup cocoa,My grandson loves this.  He makes a cup everytime he stops over. It quick and easy and the taste is good.,grandson love make cup everytime stop quick easy taste good
567649,B005K4Q68Q,A3TCHBGG6IS1OZ,Amazon Addict,0,0,5,1332288000,"If you like hot chocolate, this is great","As far as single serve cocoas go, this is one of the best.  I wouldn't say it's as good as some of the handmade ones, but it's still good!",far single serve cocoa go one best wouldnt say good handmade one still good
567650,B005K4Q68Q,A33VM5VIE089HS,"R. Castaneda ""Pepsi Gal""",0,0,4,1332201600,worth it,"nice variety pack. has 3 dofferent hot chocolates in one package. milk, dark and peppermint. nice holiday feel. good for company during the season.",nice variety pack dofferent hot chocolate one package milk dark peppermint nice holiday feel good company season
567651,B005K4Q68Q,AYA27SRXFOXP7,Kari,0,0,4,1331856000,Very convenient and pretty good,We received this order in perfect condition. I purchased this product for my mother-in-law. She likes the convenience of the product in the Keurig Coffee Maker. The chocolate does not stick to the sides of the cup like the cheap hot chocolate in the paper bags. Overall it tastes pretty good. It is a little weak but good. Use only on the small cup setting in the Keurig. 4 stars.,received order perfect condition purchased product motherinlaw like convenience product keurig coffee maker chocolate stick side cup like cheap hot chocolate paper bag overall taste pretty good little weak good use small cup setting keurig star
567652,B005K4Q68Q,ANDCFU8FAQY3Z,Donna,0,0,5,1331769600,Really good!,"I bought this because it was a very good price.  It was really good though.  I love mixing a peppermint with a dark chocolate and having a double sized up of hot cocoa.<br /><br />Will keep buying this until they don't sell it anymore. It is really creamy.  I like it best with 6 ounces of water, gives it a thicker feel.",bought good price really good though love mixing peppermint dark chocolate double sized hot cocoawill keep buying dont sell anymore really creamy like best ounce water give thicker feel
567653,B005K4Q68Q,A1CDYM10FO8791,Mary E Teague,0,0,4,1331683200,Received expired product,"I was disappointed by the fact that all three boxes I received had already expired.  Luckily enough, the flavors had not yet degraded.<br /><br />I specifically bought these in order to get the peppermint flavor.  I was hoping for more.  The peppermint hot chocolate does not have much peppermint flavor to it, but we will still enjoy it and both of the other flavors.",disappointed fact three box received already expired luckily enough flavor yet degradedi specifically bought order get peppermint flavor hoping peppermint hot chocolate much peppermint flavor still enjoy flavor
567654,B005K4Q68Q,A3916G6EAUK63A,Debra H Gabriel,0,0,5,1331596800,Warms the soul........,I keep this on hand for the young at heart.  We enjoy a cup almost every night.  Good taste.  will buy again.,keep hand young heart enjoy cup almost every night good taste buy
567655,B005K4Q68Q,AYN5SCECP2LFK,Wixy,0,0,1,1331510400,Ugh so not what I was expecting >.&lt;,"So if you are a person who likes swiss miss / hot cocoa packets or hot cocoa from a gas station SO DO NOT GET THIS PRODUCT!  I can not taste any chocolate flavor in it whatsoever.  It just tastes like heated sugar water and nasty sugar water at that.  This product has a strong fake sugar taste and I am perfectly OK with diet sodas and other fake sugar products.  There is something about this I just can not put a finger on it but it made my stomach curl.  I even waited for it to cool down, but it got worse.  Very disapointed in this product and it was not what I was expecting at all.",person like swiss miss hot cocoa packet hot cocoa gas station get product taste chocolate flavor whatsoever taste like heated sugar water nasty sugar water product strong fake sugar taste perfectly ok diet soda fake sugar product something put finger made stomach curl even waited cool got worse disapointed product expecting
567656,B005K4Q68Q,A1NTSZ3ZD4R5B7,TBmessick,0,0,4,1331424000,Delicious cocolate,"This is delicious hot chocolate. It is best at 8 oz cup, but can be stretched to 10. And 8oz of strong coffee and you have delicious mocha",delicious hot chocolate best oz cup stretched oz strong coffee delicious mocha
567657,B005K4Q68Q,A2AZLM2T4GAWJ1,StanM,0,0,5,1331337600,The Best hot Cocoa in a K-Cup,I've had many hot cocoa K-Cups and I must say this one is the best by far. The Green Mountain one has a half & half bitter aftertaste while the grove square is very pleasant and is as close as you can get without actually using milk.,ive many hot cocoa kcups must say one best far green mountain one half half bitter aftertaste grove square pleasant close get without actually using milk
567658,B005K4Q68Q,A3Z435GQN9XG8,Jo,0,0,5,1331251200,Very good hot chocolate.,"I really like this hot chocolate mix.  I was concerned, when I read some of the reviews, that I would not like it but I like it alot.  To me it has just the right amount of chocolate and is not to sweet.  I would recommend this product.",really like hot chocolate mix concerned read review would like like alot right amount chocolate sweet would recommend product
567659,B005K4Q68Q,A1ROUMJOGO4QMB,Steve,0,0,1,1331164800,Oh please... get an envelope and some hot water,"All this is, is artificially sweetened hot cocoa mix that is placed in a Kcup delivery device.  What a waste of money.  Also, Grove Square products are notoriously inferior.",artificially sweetened hot cocoa mix placed kcup delivery device waste money also grove square product notoriously inferior
567660,B005K4Q68Q,A53UQYV14N0D7,T Pynchon,0,0,3,1331164800,"OK for the price, not great","My kids like this cocoa, but I find flavor less delicious than the more expensive <a href=""http://www.amazon.com/gp/product/B003VQXYMQ"">Green Mountain Coffee Hot Cocoa, 24-Count K-Cups for Keurig Brewers (Pack of 2)</a>.",kid like cocoa find flavor less delicious expensive green mountain coffee hot cocoa count kcups keurig brewer pack
567661,B005K4Q68Q,APTGM66PJRNGC,J. Slade,0,0,2,1330992000,so so,very easy to use not the best flavor It has too much sugar and is not a quality I thought I was getting,easy use best flavor much sugar quality thought getting
567662,B005K4Q68Q,A3BHMPPJEOZ3W1,jack wood,0,0,5,1330905600,Well worth the money,The hot cocoa is delicious and is strong enough to make the larger size. I find all three flavors delicious with my favorite being the dark cocoa.  The best bang for the buck I have so far found for hot cocoa.  I tend to use my coffee maker for everything but coffee.,hot cocoa delicious strong enough make larger size find three flavor delicious favorite dark cocoa best bang buck far found hot cocoa tend use coffee maker everything coffee
567663,B005K4Q68Q,A158I4XBGHVQ7W,glj104,0,0,5,1330905600,"Rich, smooth and creamy","Very good hot chocolate.  I have tried a few different brands, and this one is the best I have tried.  Should be priced higher for the quality you get.",good hot chocolate tried different brand one best tried priced higher quality get
567664,B005K4Q68Q,A1VABJOP02YUJG,amazonnut,0,0,5,1330819200,amazon nut,"I've been buying this milk hot chocolate for months now and it's one of the best I've had.  I even got my in-laws hooked on it and my granddaughters absolutely love it!  Great price, great product!",ive buying milk hot chocolate month one best ive even got inlaws hooked granddaughter absolutely love great price great product
567665,B005K4Q68Q,A2F20N23SUFXZG,Ryan P,0,0,5,1330560000,PERFECT!,Just what I was looking for tired of going to the store to pick these up and always being sold out! I love the flavor not so sweet and just right!! Thank you! and will be buying again!!,looking tired going store pick always sold love flavor sweet right thank buying
567666,B005K4Q68Q,A1OASDKPOPZPKD,Pam,0,0,3,1330560000,SWEET,"My oh my is this cocoa sweet. Too sweet I'd say. You're better off making hot cocoa from scratch. I bought this because I thought the minty flavor would be good, but it's too sweet. So are the dark and milk chocolate flavors.",oh cocoa sweet sweet id say youre better making hot cocoa scratch bought thought minty flavor would good sweet dark milk chocolate flavor
567667,B005K4Q68Q,A3J8AQWNNI3WSN,TSparties,0,0,5,1330387200,Hot Cocoa K-cups,"I was a little skeptical when I bought this, but it has really been a great purchase.  The cocoa is DELICIOUS!  It's so easy to just make my daughter and I some cocoa quickly before sitting down to watch a movie.  I didn't have to add anything to it, but I did add a tiny bit of milk just to cool it down.  I would definitely recommend this product and purchase it again.",little skeptical bought really great purchase cocoa delicious easy make daughter cocoa quickly sitting watch movie didnt add anything add tiny bit milk cool would definitely recommend product purchase
567668,B005K4Q68Q,AMRI1HBLPI25L,Eric Stein,0,0,4,1330300800,Sugar AND Sucralose,I didn't read the reviews thoroughly and found out too late that this product has enough sugar to give it 60 calories and 11 grams of carbohydrate in each cup. I tried one with a bit of cream and found it to be very tasty. I'll keep it around for friends and family or perhaps an occasional mini-splurge. I'd like to see amazon include nutritional info in the future.,didnt read review thoroughly found late product enough sugar give calorie gram carbohydrate cup tried one bit cream found tasty ill keep around friend family perhaps occasional minisplurge id like see amazon include nutritional info future
567669,B005K4Q68Q,A15UT1J4NEDI5M,JUSTJENN25,0,0,4,1330128000,Really tasty...,This is really tasty hot chocolate.  I like it much more than the dark chocolate flavor but that is just my preference...,really tasty hot chocolate like much dark chocolate flavor preference
567670,B005K4Q68Q,A9AAK8MS0T90F,William,0,0,5,1330128000,Great Value,"Good value for the money. These are good. The hot cocoa is excellent however, don't get the coffee cuz its instant!",good value money good hot cocoa excellent however dont get coffee cuz instant
567671,B005K4Q68Q,AGFV9F4CI93S3,Logical,0,0,5,1329868800,Not bad using CoffeeMate Chocolate Creamer,"Not bad at all when I use CoffeeMate CHOCOLATE creamer.<br />I still like swiss mix made with 2% milk a little better.<br />But as far K-Cups go, this milk chocolate with the Coffeemate Chocolate Creamer is not bad.<br />And currently, it is less than $11.00 for 24 cups.",bad use coffeemate chocolate creameri still like swiss mix made milk little betterbut far kcups go milk chocolate coffeemate chocolate creamer badand currently less cup
567672,B005K4Q68Q,ALHX4DKHGQD4Z,Robin,0,0,5,1329868800,nummy,My boyfriend and I really like these k cups. We have tried others and they were kind of gross. These are the ones we will stick with. Can't go wrong.,boyfriend really like k cup tried others kind gross one stick cant go wrong
567673,B005K4Q68Q,A1XNHRL5TPXK6N,bobnanna1999,0,0,4,1329782400,kids will love it,This is a great hot cocoa as long as you read the box and only use the 8oz setting on your coffee make. Otherwise it will taste watered down. Also it is an instant coffee so dont be surprised by it.,great hot cocoa long read box use oz setting coffee make otherwise taste watered also instant coffee dont surprised
567674,B005K4Q68Q,A1ET4NWR651CAX,K. Anderson,0,0,3,1329523200,"Buy packets, swiss miss is better and cheaper.","The product is not bad, but must brew at smallest cup size or it has no flavor.  Definitely an aftertaste. Watery.",product bad must brew smallest cup size flavor definitely aftertaste watery
567675,B005K4Q68Q,A3LXOMANBRFQJG,suaimhneas15,0,0,2,1329350400,Too watery after multiple settings.,"A hot chocolate packet was the first K-Cup on my new Keurig (it was 1 a.m. and I wasn't ready for coffee before bed). I had read they ran a little watery but I decided to try it on the 10 oz. setting, took a sip, and tossed it. The next morning I made one with 8 oz. and added some whipped cream. The taste was kind of grainy and it was still pretty watery. My husband made one to try at 6 oz. and said it tasted like sugar water. I might try combining 2-3 6 oz. servings to use the box up but we won't be buying more.",hot chocolate packet first kcup new keurig wasnt ready coffee bed read ran little watery decided try oz setting took sip tossed next morning made one oz added whipped cream taste kind grainy still pretty watery husband made one try oz said tasted like sugar water might try combining oz serving use box wont buying
567676,B005K4Q68Q,AIKDGFLEZER9T,BonnieBrown,0,0,4,1329350400,Good drink,"A good cup of hot chocolate...with a couple of marshmellows.  Make it for my daughter every time she visits. She is nearly 60, and she loves it.",good cup hot chocolatewith couple marshmellows make daughter every time visit nearly love
567677,B005K4Q68Q,A19N2TU4D31BT6,Lee Strain,0,0,5,1329350400,Never without!,All three flavors have a nice aroma and rich chocolate taste. Peppermint is our favorite. We enjoy a cup after dinner 'flavored' with a bit of creme liquor nearly every night. It's become a tasty habit.,three flavor nice aroma rich chocolate taste peppermint favorite enjoy cup dinner flavored bit creme liquor nearly every night become tasty habit
567678,B005K4Q68Q,A2HH2V5Q7ZUK0K,KimmK3,0,0,4,1329264000,Grandkids love it!,This item had a great price and tastes great. The only thing that could make this product better is if the little plastic cup was recyclable or compostable.,item great price taste great thing could make product better little plastic cup recyclable compostable
567679,B005K4Q68Q,A1WVMU2PMQ0GXW,"Patricia Clements ""Patsijean""",0,0,4,1329177600,Great cocoa..,"My husband and I really like this cocoa.  I add extra milk to my cup for a creamier flavor, but the convenience cannot be beat.",husband really like cocoa add extra milk cup creamier flavor convenience cannot beat
567680,B005K4Q68Q,A10E57QZ4GJ32F,Sharks77,0,0,5,1329177600,keurig hot chocolate,"great deal, especially for the price. Item arrived quicker than anticipated. This has saved me many trips to Dunkin Doniuts as well as saving me paying double the price for a cup of hot chocolate that's just as good. Looking for more to stockpile!",great deal especially price item arrived quicker anticipated saved many trip dunkin doniuts well saving paying double price cup hot chocolate thats good looking stockpile
567681,B005K4Q68Q,A2OQ6RXQT17LGQ,snaponlarry,0,0,5,1329004800,Grove cocoa k-cups,Love them. Hardly notice any aftertaste from sweetener. I don't agree with some of the others that didn't like it...Will buy again...,love hardly notice aftertaste sweetener dont agree others didnt like itwill buy
567682,B005K4Q68Q,A1AANQDL7EQUII,Bigduck,0,0,3,1329004800,Not Swisshot chocolate,This product is nice and the price is right but it isn't Swiss Chocolate for sure.<br /><br />Just doesn't have that real deep chocolate taste.,product nice price right isnt swiss chocolate surejust doesnt real deep chocolate taste
567683,B005K4Q68Q,A29WENSRNV44RY,selketine,0,0,3,1328832000,Kids love it - me not so much,"I bought this brand of hot chocolate K cups cause it had the best review on Amazon at the time.  The kids love it - they especially like the peppermint flavor which I can't see any other way to get except in this mixed box.  You get milk chocolate, dark chocolate and peppermint flavors.  I tried it a few times and it is too weak for my taste.  I make it on the lowest setting on my Keurig which I think is around 7 ounces and it is still weak to me but perfect for them.  If you like a strong chocolate flavor this isn't it.",bought brand hot chocolate k cup cause best review amazon time kid love especially like peppermint flavor cant see way get except mixed box get milk chocolate dark chocolate peppermint flavor tried time weak taste make lowest setting keurig think around ounce still weak perfect like strong chocolate flavor isnt
567684,B005K4Q68Q,A1TOW634MZ0ELQ,kathyallen45,0,0,5,1328659200,Hot Choc K Cup,Wow what a deal. These taste just as good as the expensive brands. Most definately will be buying these again.,wow deal taste good expensive brand definately buying
567685,B005K4Q68Q,AO6735APC3YAJ,"J. Newman ""J. Newman""",59,64,4,1318896000,"Better than the others, but still not quite there","I feel like I've tried every hot cocoa there is in the k-cups.  While I do think this is the best hot cocoa so far, it still isn't great.  I'm not sure what it is, but all of the cocoa k-cups seem to have a weird taste to them.  It's almost like there is artificial sweetener in them,, but I know there is not.<br />I set it on the smallest cup setting for cocoa.  This has more body to it than others.<br />I'm still waiting and hoping that Dunkin' Donuts will put out their hot cocoa in a k-cup.  There really is nothing better than that.<br />If you want a k-cup hot cocoa, I would def. recommend this over all the others.",feel like ive tried every hot cocoa kcups think best hot cocoa far still isnt great im sure cocoa kcups seem weird taste almost like artificial sweetener know noti set smallest cup setting cocoa body othersim still waiting hoping dunkin donut put hot cocoa kcup really nothing better thatif want kcup hot cocoa would def recommend others
567686,B005K4Q68Q,A1J75JJ0Q2OEJN,Raven A. Wind,187,216,3,1325808000,Why can't anyone make a hot cocoa without sucralose/Splenda in it?,"I HATE SUCRALOSE.<br /><br />Honestly, I don't know how other people CAN'T taste it when it's in sweetened products. It's got this unpleasant fake flavor that I just can't ignore. I think any company that uses that junk should be required by law to indicate it on their box and all advertising.<br /><br />That being said, it seems like this hot cocoa has less sucralose than the Cafe Escapes Hot Cocoa, and as such I have to give it higher marks than the competition.<br /><br />Still, I can't believe this product AND its nearest competitor use sucralose but don't say they're a diet, lite, low-sugar, or otherwise unnaturally-sweetened product. It's frustrating. I can taste the stuff, and I really dislike it. I also don't like the chemical makeup of sucralose, but I won't go into that here (just believe me: natural sugar is way better for you in the long run).<br /><br />There's one other choice out there for a hot cocoa in a K-Cup, and that's Swiss Miss. Unfortunately, the Swiss Miss K-Cups are ridiculously high priced and hard to find.<br /><br />My opinion? It's probably better if you just get your favorite hot cocoa in packets, and use the hot water function of your Keurig. It's not worth the K-Cup convenience if you have to put up with artificial sweeteners or significantly higher prices. Spending more than seventy-five cents per cup of water-based hot cocoa is about the limit for me.<br /><br />So, if you're into sucralose/Splenda, then by all means grab this and enjoy that weird aftertaste and decidedly not-sugar flavor. If you're like me, though, and can't stand that artificial stuff, then avoid this product and find another option.<br /><br />Three stars for tasting decent despite the awful artificial sweetener. Minus two stars for being artificially sweetened and not mentioning it anywhere.<br /><br />UPDATE:  I just found out that the Swiss Miss K-Cups also use sucralose. So really, your only choice is to get packets and use your Keurig as a hot water dispenser. How disappointing.<br /><br />UPDATE 02/12: After some research, I found that there is one K-Cup hot cocoa that doesn't have sucralose; However, it is loaded with fructose instead (not the greatest trade-off, since it tastes different from sugar/sucrose, in my opinion) and has no actual sugar/sucrose in it. That one is Green Mountain Coffee Hot Cocoa. Unfortunately, reviews of it say it has a strong coconut flavor (probably because the second ingredient is coconut oil) and is on the salty side, so I have avoided it. It's also more expensive per-cup, and unless you think a single cup of cocoa is worth over a dollar and twenty-five cents (as opposed to a box of 12 packets being around two dollars) then go ahead and try it. I will refrain at this point and stick to using packets.<br /><br />I would also like to clarify again that despite what some comments say, the Cafe Escapes Hot Cocoa K-Cups, Swiss Miss Hot Cocoa K-Cups, and Grove Square Hot Cocoa K-Cups ALL use sucralose. Yes, there is sugar in some of those, but it is IN ADDITION TO sucralose/Splenda, and not by itself.<br /><br />So your choices right now are pure sucralose, sucralose plus a sugar, or pure fructose. None of them is appetizing to me, and all of them make the cost per cup of cocoa quite unpleasant.<br /><br />43 servings of sugar-sweetened cocoa in a canister will run you around six bucks, and it's no more complicated than a K-Cup if you know how to operate a spoon.",hate sucralosehonestly dont know people cant taste sweetened product got unpleasant fake flavor cant ignore think company us junk required law indicate box advertisingthat said seems like hot cocoa less sucralose cafe escape hot cocoa give higher mark competitionstill cant believe product nearest competitor use sucralose dont say theyre diet lite lowsugar otherwise unnaturallysweetened product frustrating taste stuff really dislike also dont like chemical makeup sucralose wont go believe natural sugar way better long runtheres one choice hot cocoa kcup thats swiss miss unfortunately swiss miss kcups ridiculously high priced hard findmy opinion probably better get favorite hot cocoa packet use hot water function keurig worth kcup convenience put artificial sweetener significantly higher price spending seventyfive cent per cup waterbased hot cocoa limit meso youre sucralosesplenda mean grab enjoy weird aftertaste decidedly notsugar flavor youre like though cant stand artificial stuff avoid product find another optionthree star tasting decent despite awful artificial sweetener minus two star artificially sweetened mentioning anywhereupdate found swiss miss kcups also use sucralose really choice get packet use keurig hot water dispenser disappointingupdate research found one kcup hot cocoa doesnt sucralose however loaded fructose instead greatest tradeoff since taste different sugarsucrose opinion actual sugarsucrose one green mountain coffee hot cocoa unfortunately review say strong coconut flavor probably second ingredient coconut oil salty side avoided also expensive percup unless think single cup cocoa worth dollar twentyfive cent opposed box packet around two dollar go ahead try refrain point stick using packetsi would also like clarify despite comment say cafe escape hot cocoa kcups swiss miss hot cocoa kcups grove square hot cocoa kcups use sucralose yes sugar addition sucralosesplenda itselfso choice right pure sucralose sucralose plus sugar pure fructose none appetizing make cost per cup cocoa quite unpleasant serving sugarsweetened cocoa canister run around six buck complicated kcup know operate spoon
567687,B005K4Q68Q,A3OXHLG6DIBRW8,"C. F. Hill ""CFH""",24,25,5,1321401600,Really Good Hot Cocoa - Highly Recommended,"These Grove Square Hot Cocoa flavors are by far the best tasting we have found for the Keurig. We took a chance on these due to the high review ratings and it was a pleasant surprise that all three flavors are really good.<br /><br />Dark Chocolate - My favorite, very good even on the ""large"" cup setting<br />Milk Chocolate - Excellent on the ""small"" cup and good on the ""large"" cup setting<br />Peppermint - Everyone likes this one, on either cup size setting<br /><br />These do contain Sucralose in addition to sugar, I don't notice the taste but my wife does (but she still likes them).<br /><br />Highly Recommended!<br /><br />CFH",grove square hot cocoa flavor far best tasting found keurig took chance due high review rating pleasant surprise three flavor really gooddark chocolate favorite good even large cup settingmilk chocolate excellent small cup good large cup settingpeppermint everyone like one either cup size settingthese contain sucralose addition sugar dont notice taste wife still like themhighly recommendedcfh
567688,B005K4Q68Q,A1JDKNDE73FLV2,lynnsmom,16,16,5,1323734400,Great flavor!,Excellent product! A tip from the Keurig people: shake the K-cup before using it. This prevents the cocoa from clumping and results in more flavor.,excellent product tip keurig people shake kcup using prevents cocoa clumping result flavor
567689,B005K4Q68Q,A3OAYBV9IQV33C,Rob,14,14,4,1323648000,Not bad. Not bad at all.,"I have read some really funny reviews about this product.  Some complain that there is noting left in the pod after it has filled the cup, so 'therefore' it must have been an instant mix!  Brilliant deduction, Sherlock!  What did you expect...to see choco-grounds in the cup?  Yes, it is no doubt cheaper to go some other route, that's why 4 instead of 5 stars.<br /><br />But the taste is what you want to know about, right?  The Dark Chocolate flavor is fairly robust with little 'grittyness' to it.  Plop a marshmallow in the cup before brewing and you'll have a real treat!  It comes out strong enough on either the 6 oz or 10 oz setting of the brewer.  Not surprisingly, the milk chocolate flavor is not as strong and a little smoother.  Marshmallow trick has a little different effect making the milk chocolate not only creamier and smoother but a little dilute too.  So, maybe a few mini-marshmallows instead of a full-sized one for this flavor.  Oh, and definitely go 6 oz cup.  My oldest granddaughter and I contest for the peppermint chocolate.  She wins, of course, but it's pretty good when I can get one.  No marshmallow needed.  The hint of peppermint is just enough.  6 oz cup on this one is the best way to go, too.<br /><br />I think I got the cups sizes right.  If I didn't, you'll figure it out.  Btw, I'd imagine the reason it's always out of stock is because people keep buying it!  I've dipped into the supply well a few times myself.  Pretty good. Pretty cheap. Pretty hard to get at times.  I'll buy it again!",read really funny review product complain noting left pod filled cup therefore must instant mix brilliant deduction sherlock expectto see chocogrounds cup yes doubt cheaper go route thats instead starsbut taste want know right dark chocolate flavor fairly robust little grittyness plop marshmallow cup brewing youll real treat come strong enough either oz oz setting brewer surprisingly milk chocolate flavor strong little smoother marshmallow trick little different effect making milk chocolate creamier smoother little dilute maybe minimarshmallows instead fullsized one flavor oh definitely go oz cup oldest granddaughter contest peppermint chocolate win course pretty good get one marshmallow needed hint peppermint enough oz cup one best way go tooi think got cup size right didnt youll figure btw id imagine reason always stock people keep buying ive dipped supply well time pretty good pretty cheap pretty hard get time ill buy
567690,B005K4Q68Q,A2GR7SRMJ54RG7,Book Vamp,21,23,5,1321488000,Perfect Cocoa,"Everyone in my family likes hot cocoa. I was running plain water through my k-cup maker and using hot cocoa from a canister but my kids didn't really get the right measurements and more often than not we would have overflow. So I decided to try this for my kids and it makes a perfect cup every time. No overflow. The taste is good, its creamy with enough cocoa to water ratio for my kids. I will be ordering this product from now on for my family.<br />In the interest of product comparison, we have ordered Timothy's white hot chocolate, and Green Mountain Hot cocoa, Timothy's was great, but pricy, and Green Mountain didn't really taste all that great to our family. It had a watered down taste to it.",everyone family like hot cocoa running plain water kcup maker using hot cocoa canister kid didnt really get right measurement often would overflow decided try kid make perfect cup every time overflow taste good creamy enough cocoa water ratio kid ordering product familyin interest product comparison ordered timothy white hot chocolate green mountain hot cocoa timothy great pricy green mountain didnt really taste great family watered taste
567691,B005K4Q68Q,A1J92I2HPUPAXT,J. Moore,11,11,4,1322006400,Tasty and at a great price.,"When I weigh the convenience of a K cup against the price and the taste, I would characterize these as a winner. Not the best cup of cocoa on the planet but compared to making it yourself or using a packet, these are pretty darn good. They nice a nice chocolate flavor with no funny after taste that I've had with some other brands. Do not select 10 oz on your machine though. Make it only at 6 or 8 oz otherwise it will be watery in my opinion. All in all a fine cup of hot chocolate.",weigh convenience k cup price taste would characterize winner best cup cocoa planet compared making using packet pretty darn good nice nice chocolate flavor funny taste ive brand select oz machine though make oz otherwise watery opinion fine cup hot chocolate
567692,B005K4Q68Q,A1TTREMB4DDEX7,ShanyaG.,11,11,5,1321228800,"Much better than expected, great for the kids","I am actually surprised at how good this product is. I am a Cuisinart Keurig owner with two teens that love to drink hot cocoa and cider pretty much year round.<br /><br />Price point: The price for these at the store ( exact brand ) is almost triple of what we pay here for the same amount, with subscribe and save this makes these quite affordable for my family use. In comparison to other more expensive brands it's a great bargain without sacrificing quality over quantity.<br /><br />Flavor wise: My kids love it, and have already asked me to purchase more. My daughter says that the peppermint is right on and not too weak even if using a larger cup. I love the dark chocolate in my coffee to make a mocha ( 10oz coffee to 4 oz chocolate ) and it's much better than some other brands that I have tried in the past.<br /><br />Overall impression:  Great value, good flavor, excellent price point I will be purchasing more.",actually surprised good product cuisinart keurig owner two teen love drink hot cocoa cider pretty much year roundprice point price store exact brand almost triple pay amount subscribe save make quite affordable family use comparison expensive brand great bargain without sacrificing quality quantityflavor wise kid love already asked purchase daughter say peppermint right weak even using larger cup love dark chocolate coffee make mocha oz coffee oz chocolate much better brand tried pastoverall impression great value good flavor excellent price point purchasing
567693,B005K4Q68Q,A1KNF8V0TT4LW2,"W. Hoyt ""Pee Wee Shooter""",10,10,5,1319587200,"Rich, thick cocoa.  Surprisingly good!","Ordered on a whim.  My first ""Grove Square"" purchase.  Great for the family's occasional cocoa desire.  Being a K-Cup it's fast and easy.  Was a little worried the cocoa might leave some after taste in my coffee, so far so good.  Great cup of dark, rich cocoa.  Maybe could taste a LITTLE better if it was from a gourmet brand you mix yourself with steamed milk.  The ease and simplicity, and lack of clean up, make this a better option for me.  Will order again.  Nice to see it on subscribe and save.",ordered whim first grove square purchase great family occasional cocoa desire kcup fast easy little worried cocoa might leave taste coffee far good great cup dark rich cocoa maybe could taste little better gourmet brand mix steamed milk ease simplicity lack clean make better option order nice see subscribe save
567694,B005K4Q68Q,A1MVN7BGX0CYKD,"L. Silver ""amazonophile""",7,7,5,1319155200,Pleasantly surprised,My box of Grove Square Hot Cocoa arrived today and I've just tried it. Delicious. Made a big cup [by mistake] but I'm happy with the flavor and consistency.  No off tastes that I can discern.  A little disappointed at high sodium content. Nice to have as fall starts to chill.,box grove square hot cocoa arrived today ive tried delicious made big cup mistake im happy flavor consistency taste discern little disappointed high sodium content nice fall start chill
567695,B005K4Q68Q,A2B0NY2EROZMSO,Hal DeVore,0,0,2,1328572800,Sucralose!,"I really, really dislike Sucralose.  I don't like the taste, the aftertaste, or the after effects.  I bought this based on it NOT saying it was ""diet"" or ""low calorie"".  The first ingredient is Sugar so it's only partially sweetened with Sucralose.  Sucralose is buried way down in the ingredients list but the taste is noticeable.<br /><br />Sure wish Amazon contained the full nutrition and ingredients labels from all food products.",really really dislike sucralose dont like taste aftertaste effect bought based saying diet low calorie first ingredient sugar partially sweetened sucralose sucralose buried way ingredient list taste noticeablesure wish amazon contained full nutrition ingredient label food product
567696,B005K4Q68Q,A2Y8ISBLBKS74N,"D. Henderson ""exploring my world""",0,0,5,1328486400,Tasty and Good for Weight Watchers!,"OK - this is not the finest European chocolate.  BUT, you can make it in your Keurig and all 3 flavors taste good.  I've joined the ""club"" and get the lowest possible cost.  No charge to join and no effort to quit.  Why not?  It's nice to have when you're dieting, because it's just enough chocolate to keep you on track.  Non-dieters will like it for the convenience.",ok finest european chocolate make keurig flavor taste good ive joined club get lowest possible cost charge join effort quit nice youre dieting enough chocolate keep track nondieters like convenience
567697,B005K4Q68Q,AY6MB5S44GMH4,Jolan,0,0,5,1328486400,Yummy!!,"I've tried a few different Hot Cocoa brands for my Keurig... And have been disappointed EVERY time, until now! Cocoa brews smooth and full flavored-on either the small cup size or the medium! I add a splash of almond milk and I'm ready to go :) Perfect! I'll definitely buy this again.",ive tried different hot cocoa brand keurig disappointed every time cocoa brew smooth full flavoredon either small cup size medium add splash almond milk im ready go perfect ill definitely buy
567698,B005K4Q68Q,A158R7U24SFS1T,autoworker,0,0,4,1328400000,Hot Cocoa,I recieved a Keurig K-Cup Brewer for Christmas with sample cups of coffee and tea but no cocoa so I tried this brand and I like them but I haven't tried other brands yet to compare with. I would buy these again until I find one I like better.,recieved keurig kcup brewer christmas sample cup coffee tea cocoa tried brand like havent tried brand yet compare would buy find one like better
567699,B005K4Q68Q,A3912Y5CRG5D1A,Icey Sparks,0,0,4,1328313600,k-cups,"I see a lot of complaints about Grove Square hot chocolate. I think it tastes ok considering it's a k-cup, not homemade and not gourmet. I don't have anything negative to say the company or the product, it's relatively inexpensive and the company didn't falsely advertise or make any promises about the taste.",see lot complaint grove square hot chocolate think taste ok considering kcup homemade gourmet dont anything negative say company product relatively inexpensive company didnt falsely advertise make promise taste
567700,B005K4Q68Q,A15T9G38F589KM,"Kay Hayes ""knitting ninja""",0,0,4,1328227200,"Not bad, not bad at all","I really like hot cocoa!  I like it sooo much that I have a Cocoa Latte machine, which is great, but sometimes I just want one cup of cocoa not a whole pitcher.  When that happens I used to put on the kettle and heat up the water, then pour in a packet of cocoa mix and stir, and stir, and stir.  And after all that stirring, I'd still get little lumps in my cocoa.  With the K-cups, I get smooth rich cocoa with NO lumps and NO clean-up.  Easy and yummy!<br /><br />Please note: THESE ARE NOT SUGAR-FREE.  The very first ingredient in each flavor is sugar and I did not see any artifical sugar listed in the ingredients.  Each cup has only 60 calories, but if you want sugar-free or are diabetic then this product is probably not for you.",really like hot cocoa like sooo much cocoa latte machine great sometimes want one cup cocoa whole pitcher happens used put kettle heat water pour packet cocoa mix stir stir stir stirring id still get little lump cocoa kcups get smooth rich cocoa lump cleanup easy yummyplease note sugarfree first ingredient flavor sugar see artifical sugar listed ingredient cup calorie want sugarfree diabetic product probably
567701,B005K4Q68Q,AXMBQBI7N8L37,Michael J McCullough,0,0,5,1328140800,TASTE GREAT,Very good hot cocoa.  And price was right<br /><br />Awesome and passing the word on the item.  Will buy it again,good hot cocoa price rightawesome passing word item buy
567702,B005K4Q68Q,A12NJLAHKB8DVM,Trudy Myers,0,0,5,1328140800,Yummy!,"The thing I like most about this brand of hot chocolate is that once I remove it from the keurig, it doesn't leak all over the place.  For some reason, all the hot chocolates I've purchased before leak all over when you remove them from the coffee pot.  My coffee doesn't do that so not sure why that is.  This is a great deal for the amount you get as well, and taste yummy!",thing like brand hot chocolate remove keurig doesnt leak place reason hot chocolate ive purchased leak remove coffee pot coffee doesnt sure great deal amount get well taste yummy
567703,B005K4Q68Q,AW9KV1KKSBOY7,"Deidra Nickerson ""Crazy about Books""",0,0,5,1327968000,Best Ever,I found this brand and the fact that it was dark chocolate made it by far the best I've had for my Keurig.  I will continue to order this particular brand.,found brand fact dark chocolate made far best ive keurig continue order particular brand
567704,B005K4Q68Q,A1AVDAS4VK9FCL,Joe H.,0,0,5,1327968000,Good Hot Chocolate,"I love these hot chocolates. I think they're way better than the cafe express hot chocolates. These and the Swiss Miss hot chocolate are my favorite K-Cups. And the price of these are the best I've been able to find. My girlfriend and I have already gone through about half of them in about two weeks, and I never used to drink much hot chocolate.<br />I recommend these",love hot chocolate think theyre way better cafe express hot chocolate swiss miss hot chocolate favorite kcups price best ive able find girlfriend already gone half two week never used drink much hot chocolatei recommend
567705,B005K4Q68Q,A3L4LBON8P64YQ,Kool-aid,0,0,5,1327968000,Yummy!,I really enjoy this hot chocolate with a little fat free half & half for creaminess. Being that I am not a coffee drinker these k cups offer a nice change from tea. The local stores sell this as well but it's half the amount of cups and almost the same price. Buy from Amazon.,really enjoy hot chocolate little fat free half half creaminess coffee drinker k cup offer nice change tea local store sell well half amount cup almost price buy amazon
567706,B005K4Q68Q,ALD467ZEFBPDF,"DenDen ""Dennis""",0,0,4,1327881600,Not bad for the price!,"I like to brew a k-cup cocoa into my coffee for a nice mocha.  This dark chocolate flavor is quite nice, especially mixed with Double Black Diamond coffee.  Though not the very best, it is good, and the price is right, compared to other brands.",like brew kcup cocoa coffee nice mocha dark chocolate flavor quite nice especially mixed double black diamond coffee though best good price right compared brand
567707,B005K4Q68Q,ANTA6BNDLCQP5,saschiesmum,0,0,1,1327881600,NASTY,"Since I am willing to try alot of new things. I thought that I would buy this product.. And since I do like hot cocoa, I bought 2 boxes.. WORST thing I could have done.. This is bland, with very little flavour. It also has a grainy texture near the bottom of the mug.<br />Personally I will not buy this product again. I will stay with swiss miss or another hot cocoa brand for the Keurig K-Cup",since willing try alot new thing thought would buy product since like hot cocoa bought box worst thing could done bland little flavour also grainy texture near bottom mugpersonally buy product stay swiss miss another hot cocoa brand keurig kcup
567708,B005K4Q68Q,A2YLKQJOGJ8R85,Pinkrabbit,0,0,3,1327795200,Grove Square Hot Cocoa,Does not have a rich chocolate flavor. Tastes a little watery. Not sure who a makes a great cocoa but this is not it.,rich chocolate flavor taste little watery sure make great cocoa
567709,B005K4Q68Q,ABR831QWGPDEE,M. Dodson,0,0,4,1327795200,Pleased with it,"Taste was decent, a little sugary, but very creamy otherwise. Very happy with this product. I will be buying this product again. Packaging interesting, as it's a giant box for the product to float around in until it delivers to your house.",taste decent little sugary creamy otherwise happy product buying product packaging interesting giant box product float around delivers house
567710,B005K4Q68Q,A32Q1A49UMZF8Z,Michael Edwards,0,0,5,1327708800,Grove Square Hot Chocolate is the best.,"Grove Square Hot Chocolate is the best K-cup hot chocolate. I read many reviews before making this purchase, and now I agree, and will continue to buy this brand.",grove square hot chocolate best kcup hot chocolate read many review making purchase agree continue buy brand
567711,B005K4Q68Q,A1YDGQVKRRM1E4,"Amy B ""AmyB""",0,0,4,1327449600,Great hot chocolate and reasonable price,My kids have been begging for hot cocoa k-cups and when I found these so reasonably priced I decided to give them a try.  We all loved them.,kid begging hot cocoa kcups found reasonably priced decided give try loved
567712,B005K4Q68Q,A22IQ8J47JT0D1,Elizabeth,0,0,2,1327449600,"Tastes ""off""","This tastes like it has artificial sweetener in it and doesn't taste very chocolatey. The name brand cocoa Kkups are better, or just dumping a regular cocoa packet in a cup and running the water through into it is better.",taste like artificial sweetener doesnt taste chocolatey name brand cocoa kkups better dumping regular cocoa packet cup running water better
567713,B005K4Q68Q,A19N2TU4D31BT6,Lee Strain,0,0,4,1327449600,Peppermint is our favorite,"All three tastes rich and chocolaty, not chalky at all. We were surprised how good they are, better than any other K-cup cocoa we've tried.",three taste rich chocolaty chalky surprised good better kcup cocoa weve tried
567714,B005K4Q68Q,A2CTJIFF789PIO,Boyer80,0,0,1,1327363200,Horrible,"Just plain nasty!!! This item tasted like cardboard, very watered down and no flavor to it at all.  Very disappointed",plain nasty item tasted like cardboard watered flavor disappointed
567715,B005K4Q68Q,A1INQFWF0KH8LS,"jro2020 ""James to you""",0,0,5,1327363200,Best K cup hot cocoa,"This brand is by far the best K cup hot cocoa not that that says much, but it is thicker and less disgusting than the rest.",brand far best k cup hot cocoa say much thicker less disgusting rest
567716,B005K4Q68Q,A3N4FFGX8CCHL,"M. Miles ""smilesonemillion""",0,0,2,1327276800,Not good,"Thin, runny, and the fake milk powder used to add ""creaminess"" has an off flavor. Better off eating your ceramic mug.",thin runny fake milk powder used add creaminess flavor better eating ceramic mug
567717,B005K4Q68Q,A1CYKFUPE5ZGBA,"Mike G ""Mike G""",0,0,5,1327190400,Great Tasting! Great Value,You can't beat this deal! 3 Boxes of 16 K-Cups for little more then $20. No other store can even match that price for Hot Chocolate K-Cups. Your normally going to be paying around $12-$16 for 16 K-cups alone. This package give you 48 K-Cups for a great price.<br /><br />The Hot Chocolate itself is great tasting and can be used on mostly all settings for the B70 except for the travel mug. Low in calories and great tasting. Defiantly a must have if you own a Keurig brewing system!,cant beat deal box kcups little store even match price hot chocolate kcups normally going paying around kcups alone package give kcups great pricethe hot chocolate great tasting used mostly setting b except travel mug low calorie great tasting defiantly must keurig brewing system
567718,B005K4Q68Q,A2BBFUVBU808RI,Jennifer Bowens,0,0,4,1327190400,Tasty,Not too sweet.  The best K-cup hot chocolate I've tried thus far. The kids loved drinking and making the hot chocolate.,sweet best kcup hot chocolate ive tried thus far kid loved drinking making hot chocolate
567719,B005K4Q68Q,AW4RC5QJTVF7N,Kathleen F Celli,0,0,5,1327104000,Best Hot Cocoa,"Grove Square is the best k-cup hot cocoa I've tried.  And I've tried a number of the other brands.  This tastes like ""real"" cocoa used to taste. And if you add a little milk it's even better. It's so hot from the Keurig that the milk helps cool it down anyway. If your looking for a real chocolate-ly flavor give this a try.",grove square best kcup hot cocoa ive tried ive tried number brand taste like real cocoa used taste add little milk even better hot keurig milk help cool anyway looking real chocolately flavor give try
567720,B005K4Q68Q,AS4S1YINFKPRP,Just Me,0,0,1,1327017600,Really Awful,"I don't expect great hot chocolate from a k-cup, but it should at least taste like there's some cocoa in it. I can't believe how bad this stuff tastes. I tried it 3 times, and then threw the rest away.",dont expect great hot chocolate kcup least taste like there cocoa cant believe bad stuff taste tried time threw rest away
567721,B005K4Q68Q,AV2MMKAUI8QBC,MFowles,0,0,5,1327017600,Best Hot Chocolate for K-Cups,"Best hot chocolate available for K-cups. Best taste, after taste. Great in any size when brewed. Highly recommend over any other company.",best hot chocolate available kcups best taste taste great size brewed highly recommend company
567722,B005K4Q68Q,A1H4IVXNXWWBLV,chileheadcraig,0,0,4,1327017600,Good flavor and wont break the bank,"Of the few Hot Cocoa flavors we've tried, this is the best so far.  It has the richest flavor and I dont notice the artificial taste that others have commented on.  Its also very affordable compared to other k-cups right now.  I thought that the k-cup making process must have gotten more expensive over the last year, but now I know they are truely sticking it to us since these are still reasonable priced.",hot cocoa flavor weve tried best far richest flavor dont notice artificial taste others commented also affordable compared kcups right thought kcup making process must gotten expensive last year know truely sticking u since still reasonable priced
567723,B005K4Q68Q,A2JNQP8PTHOTDF,S. Saylor,0,0,5,1327017600,FAVORITE HOT COCOA!,"This is the absolute best hot cocoa for the Keurig Brewers. All of the other Hot Cocoa's that we have tried we had to ""doctor"" to make them taste good. We had to add more cocoa and more sugar. I was pretty much making my own cocoa, which defeated the purpose of the brewer. But the Grove Square Hot Cocoa does not need any help. In my opinion, It has just the right amount of flavor!!",absolute best hot cocoa keurig brewer hot cocoa tried doctor make taste good add cocoa sugar pretty much making cocoa defeated purpose brewer grove square hot cocoa need help opinion right amount flavor
567724,B005K4Q68Q,ADNABCDGM22PU,Tammy,0,0,5,1327017600,Yummy,"Oh so good. The first cup I had was on the medium setting. It was too sweet. So I had my second on the larger setting and it was perfect! This is a creamy hot chocolate. Add a little milk and and whipped cream, and your set!!!!",oh good first cup medium setting sweet second larger setting perfect creamy hot chocolate add little milk whipped cream set
567725,B005K4Q68Q,A3V5HUXNQR5GOO,K cup lover,0,0,5,1327017600,Yummy hot chocolate,"I was quite pleased with e flavor of this product. A good, strong, yet not overpowering flavor.  Rich chocolate flavor. VERY pleasing. I highly recomend this product!",quite pleased e flavor product good strong yet overpowering flavor rich chocolate flavor pleasing highly recomend product
567726,B005K4Q68Q,A1ZB1DWIQ584HK,"Gloria ""tapp4010""",0,0,5,1326931200,Pretty good hot chocolate,"I'm giving this product 5 stars because I think it is great considering that it is made with water.  The hot chocolate is best if you shake the cup and then brew using the smallest possible cup size.  If you want a large cup of hot chocolate, use 2 k-cups.  It is fairly low in calories, most likely because artificial sweeteners are necessary to get all the ingredients into the little k-cup.",im giving product star think great considering made water hot chocolate best shake cup brew using smallest possible cup size want large cup hot chocolate use kcups fairly low calorie likely artificial sweetener necessary get ingredient little kcup
567727,B005K4Q68Q,A3KXF5G0KNUZWF,A. Hardeman,0,0,2,1326844800,Should have listened to other bad reviews :(,I wish I had listened to the other bad reviews.  The artificial sweetener taste is awful.  I gave two stars only because my husband doesn't seem to mind.  I can't drink this- even if they were a bargain.,wish listened bad review artificial sweetener taste awful gave two star husband doesnt seem mind cant drink even bargain
567728,B005K4Q68Q,A3USZ8ELDN90TW,M. Fell,0,0,4,1326758400,Good Buy,"Better than expected, but the peppermint flavor lacks a mint smell or taste. This is a good purchase for the price.",better expected peppermint flavor lack mint smell taste good purchase price
567729,B005K4Q68Q,A24STD27S7AQVE,Gail in NY,0,0,1,1326758400,Tastes like a diet product,"I looked forward to a delicious hot cocoa, but was very disappointed with the flavor. It has an awful aftertaste, like the taste you get after drinking a bad diet soda. Also kind of weak, even on the smallest cup setting.",looked forward delicious hot cocoa disappointed flavor awful aftertaste like taste get drinking bad diet soda also kind weak even smallest cup setting
567730,B005K4Q68Q,A3BSPXD2A2UQ2T,Simply Me,0,0,1,1326672000,Not good!,"So bad, I returned it. My children didn't even like it, and they are not difficult to please when it comes to sweet drinks or food.",bad returned child didnt even like difficult please come sweet drink food
567731,B005K4Q68Q,A2G9JJ0EI0JVIA,"Jack E. Stoudenmire Jr. ""Ravenous reader""",0,0,5,1326672000,Chocolate heaven!,"KCups are a godsend; among KCups, these are near the top.<br /><br />The Keurig brewer is a blessing, hot beverages in seconds, mostly coffee; but there are greater and lesses among the coffees, and so, it seems, among the hot cocoas.<br /><br />This is so rich and vibrant, it announces itself from two rooms away.  Silky, smooth, bursting with all the things chocolate is supposed to deliver, it's a must-have in this household.",kcups godsend among kcups near topthe keurig brewer blessing hot beverage second mostly coffee greater lesses among coffee seems among hot cocoasthis rich vibrant announces two room away silky smooth bursting thing chocolate supposed deliver musthave household
567732,B005K4Q68Q,A1WLPEM7Z6LM35,"Gabriela C. Zakak ""Gab""",0,0,5,1326672000,Awesome!,"This is the best hot cocoa I have tried for the Keurig.... Rich, chocolate flavor (I used the 6oz setting) and it is not watery.  If you like hot cocoa, and the convenience of a K-cup, this is the one to get!",best hot cocoa tried keurig rich chocolate flavor used oz setting watery like hot cocoa convenience kcup one get
567733,B005K4Q68Q,ACOJICZG9EYPR,Beautypro,0,0,2,1326672000,Funny taste?,I bought this for my daughter and grandson. They both tried it at different times and they both said it had a funny taste and did not drink it. Therefore I will not buy it again.,bought daughter grandson tried different time said funny taste drink therefore buy
567734,B005K4Q68Q,A25VRM35RYAVM3,swimmrchick,0,0,2,1326585600,Artificial Sweetener! YUCK!,"The artificial sweetener ruined this for me... It leaves the fake sugar taste in your mouth and my husband, who drinks diet soda, even noticed. At least it wasn't pricey.",artificial sweetener ruined leaf fake sugar taste mouth husband drink diet soda even noticed least wasnt pricey
567735,B005K4Q68Q,AA1L8TO0LAHX9,Nece,0,0,5,1326585600,YUM!,Grove Square Milk Chocolate Cocoa k cups are great! I usually make hot cocoa from scratch with milk over the stove. I thought this was easier and delicious. To add creaminess I put in either a splash of milk or a shot of whipped cream--perfect!,grove square milk chocolate cocoa k cup great usually make hot cocoa scratch milk stove thought easier delicious add creaminess put either splash milk shot whipped creamperfect
567736,B005K4Q68Q,A16KFZE04C1EAK,Joyce,0,0,5,1326585600,Well pleased.,"I ordered the hot cocoa for my grandson for Christmas.  He loves the flavor and is able to make it on his own.  Delivery was good, I had it in several days but still in plenty of time for Christmas.  Would recommend to anyone.",ordered hot cocoa grandson christmas love flavor able make delivery good several day still plenty time christmas would recommend anyone
567737,B005K4Q68Q,A38UOPPAMYASG4,Coffee Lover,0,0,3,1326585600,Good Flavor,Good flavors in this combo. Not really strong but I will just set the machine on less water next time.,good flavor combo really strong set machine less water next time
567738,B005K4Q68Q,A1PS9E5DS2WMRZ,mary bee,0,0,5,1326499200,"great product, great price, pepermint is outstanding",Love this brand. Great price with save and subscribe. My husband loves them. Top with whipped cream in a can and I have a happy man. I wish you could buy all pepermint cocoa.,love brand great price save subscribe husband love top whipped cream happy man wish could buy pepermint cocoa
567739,B005K4Q68Q,AP0XP06HJ7F2X,"ADYER ""Abs""",0,0,4,1326412800,Great taste the whole family loves,"Great taste and does not have the weird chalky after taste that other hot cocoa k-cups have.  I've tasted several and this by far is the better one, but I have to say anything larger than 8oz tastes a bit watered down.  Will definitely purchase more, but at the rate my family downs these, we are probably going to stick to the powdered hot cocoa to be more cost effective.",great taste weird chalky taste hot cocoa kcups ive tasted several far better one say anything larger oz taste bit watered definitely purchase rate family down probably going stick powdered hot cocoa cost effective
567740,B005K4Q68Q,A169K06GS5B2IN,Tamara Hook,0,0,5,1326412800,hot cocoa,I ordered this as a christmas present for my Daughter and Son in law. He tried it the day after Christmas and gave it 2 thumbs up.,ordered christmas present daughter son law tried day christmas gave thumb
567741,B005K4Q68Q,A3FVY4ZANE3F02,S. Haas,0,0,5,1326326400,Very good Hot Chocolate,"I bought a box of Grove Square Hot Cocoa because I love their Cappuccino French Vanilla.  I used the medium cup setting and added some whipped cream...it was to die for.  Very yummy and almost as good as homemade.  I never noticed an aftertaste like other reviews, but it could be because of the Redi Whip I added to it.  I highly recommend it.",bought box grove square hot cocoa love cappuccino french vanilla used medium cup setting added whipped creamit die yummy almost good homemade never noticed aftertaste like review could redi whip added highly recommend
567742,B005K4Q68Q,A3LRTE7SUBEOX5,Kevin R. Dinan,0,0,5,1326326400,Grove City Hot Chocolate,My wife rates this  5  Stars. SHe is the chocoholic in the family and if you please HER...you please everybody .,wife rate star chocoholic family please heryou please everybody
567743,B005K4Q68Q,A3IGJXAAJN2A9V,Carole R. NAPOLI,0,0,5,1326326400,good and tasty,I love the flavor that this hot chocolate has.  It is very rich and smooth.  Have tried other brands but did not get the results I wanted.  I will definately be ordering from this company again.,love flavor hot chocolate rich smooth tried brand get result wanted definately ordering company
567744,B005K4Q68Q,A1CYKFUPE5ZGBA,"Mike G ""Mike G""",0,0,5,1326240000,"Great Deal, Great Cocoa!","Got a brand new Keurig machine for Christmas and immediately went to work finding the cheapest and best tasting K-Cups on the market. I came across this when searching for some good Hot Cocoa and am amazed at how many K-Cups you really get out of this. 48 K-Cups for about $20 when I purchased was a great deal when most Hot Chocolate prices were 16 K-Cups for $15~$19.<br /><br />This is a great deal and you get to try out Peppermint, Dark Chocolate and Milk Chocolate. It's light on calories and most important of all taste GREAT!<br /><br />Must have if your a Hot Chocolate lover or have family that wants a easy to make, great tasting Hot Chocolate for less!",got brand new keurig machine christmas immediately went work finding cheapest best tasting kcups market came across searching good hot cocoa amazed many kcups really get kcups purchased great deal hot chocolate price kcups great deal get try peppermint dark chocolate milk chocolate light calorie important taste greatmust hot chocolate lover family want easy make great tasting hot chocolate less
567745,B005K4Q68Q,A1R2TSX18WRFE3,bjbek,0,0,5,1326240000,Great!!!,"Fantastic cocoa.  All the flavors are excellent but my personal favorite is the dark chocolate.  I received my Keurig as a Christmas present and I am loving cocoa at the end of the work day...no mixing, no microwave and positively no pot on the stove...just warm, chocolatey goodness on demand. Will order this product again",fantastic cocoa flavor excellent personal favorite dark chocolate received keurig christmas present loving cocoa end work dayno mixing microwave positively pot stovejust warm chocolatey goodness demand order product
567746,B005K4Q68Q,AJ5QH3PR24L2L,"J. T. Mathews ""Starfuryzeta""",0,0,4,1326240000,Best tasting cocoa k-cup available,"After trying many of the other hot cocoa k-cup options, I find that the Grove Square product tastes the best.  For my personal taste, I find that brewing on the medium cup size setting creates the best taste.  Just add minature marshmellows and it is a great treat.  However, this is not hot chocolate, which may be a turn off for some tasters.",trying many hot cocoa kcup option find grove square product taste best personal taste find brewing medium cup size setting creates best taste add minature marshmellows great treat however hot chocolate may turn taster
567747,B005K4Q68Q,A34FBJHPXI559Z,Susanna Rey,0,0,5,1326153600,Finally a good k cup hot chocolate!,"I have tried a number of k cup hot chocolates and grove square is by far the best yet!  Very nice flavor, doesnt have the nasty artificial sweetener flavor like a lot of the kcup hot chocolates.  very impressed!",tried number k cup hot chocolate grove square far best yet nice flavor doesnt nasty artificial sweetener flavor like lot kcup hot chocolate impressed
567748,B005K4Q68Q,A30GEP1I3ZJABG,J. Thoman,0,0,5,1326153600,Good Cocoa - GREAT price,"I enjoy a good cup of Hot Cocoa on occasion, and this is ""good stuff""!!  Not only that but in a time where prices are out of control on K-cups, this product is very reasonable in price.",enjoy good cup hot cocoa occasion good stuff time price control kcups product reasonable price
567749,B005K4Q68Q,A2V8W49S1JDBZN,Courtney,0,0,5,1326067200,Great,I bought these for my mom and she loves it.  She mixed eggnog with the dark chocolate.  She enjoyed melting pepermint candies in too.,bought mom love mixed eggnog dark chocolate enjoyed melting pepermint candy
567750,B005K4Q68Q,A1SK9O1C7KOLMH,"Thomas A. Juarez ""Tom""",0,0,5,1326067200,Great!,"I bought this mostly because i wanted the peppermint hot cocoa, but i fell in love with the milk chocolate one.  The peppermint was pretty good as well...good cocoa!!!",bought mostly wanted peppermint hot cocoa fell love milk chocolate one peppermint pretty good wellgood cocoa
567751,B005K4Q68Q,A1KASP8RYZ60A2,katyroadpink,0,0,1,1325980800,So bad I had trouble giving it away!,"I tried to find the ingredients for this hot cocoa before I bought it, but couldn't find anything online. Turns out it has one of those mile long ingredient lists, and yet, that didn't help the taste at all. It is awful.<br /><br />I had three boxes of the stuff sitting around for a month and couldn't find any takers. I finally got rid it of it at the Christmas White Elephant gift exchange at work. I put it with a nice cookbook, which was the real present, and wrapped it real prettily. Unfortunately, the boss ended up with it. I haven't asked him if his family enjoyed it because I don't want to put him on the spot. Judging by the reviews, there are a lot of people who like it - hopefully, he will, too. Maybe it just depends on how your taste buds are trained. Mine grew up with hot chocolate made on the stove, with milk, cocoa and sugar, and maybe a tiny pinch of salt.  Compared to that, this stuff tastes like a chemical experiment.<br /><br />Anyway, instead of trying one of the other brands, I now heat some milk in the microwave, stir in a couple spoonfuls of Hershey's cocoa and some sugar to taste. It takes about three minutes, and it's delicious. Now, where did I put those mini-marshmallows?",tried find ingredient hot cocoa bought couldnt find anything online turn one mile long ingredient list yet didnt help taste awfuli three box stuff sitting around month couldnt find taker finally got rid christmas white elephant gift exchange work put nice cookbook real present wrapped real prettily unfortunately bos ended havent asked family enjoyed dont want put spot judging review lot people like hopefully maybe depends taste bud trained mine grew hot chocolate made stove milk cocoa sugar maybe tiny pinch salt compared stuff taste like chemical experimentanyway instead trying one brand heat milk microwave stir couple spoonful hershey cocoa sugar taste take three minute delicious put minimarshmallows
567752,B005K4Q68Q,A189ECG9L1QRPE,Dale Borja,0,0,5,1325980800,This hits the spot!,"Sometimes, I'd rather have cocoa instead of coffee at work. This meets my cocoa craving. I do not need to add sugar - just add water and brew!",sometimes id rather cocoa instead coffee work meet cocoa craving need add sugar add water brew
567753,B005K4Q68Q,AE0UBGMCP5WRX,Laura Monaco,0,0,5,1325808000,Yummy!,"Everything you'd want from a Hot Chocolate...creamy, milky, tasty, makes you happy :) I can't wait to try the other flavors!",everything youd want hot chocolatecreamy milky tasty make happy cant wait try flavor
567754,B005K4Q68Q,A1U2OC5AGAYERG,Naomi O,0,0,5,1325721600,delicious!,"i have tried many brands of the hot chocolates but this by far has been the best.  now, i realize it is thousand percent cheaper to just use the package you can buy at the store and add water but if you want to impress than this is the product.",tried many brand hot chocolate far best realize thousand percent cheaper use package buy store add water want impress product
567755,B005K4Q68Q,A1M4IW1VQIMD83,K. Addison,0,0,5,1325635200,Excellent Hot Chocolate,"Having tried all the varieties of hot chocolate k-cups, Grove Square's are by far the best.  They are very chocolaty, rich, creamy, and leave very little sludge in the bottom of your cup.  Yum...",tried variety hot chocolate kcups grove square far best chocolaty rich creamy leave little sludge bottom cup yum
567756,B005K4Q68Q,AX5JN0IW5OIGM,A. MOHR,0,0,5,1325548800,Best Hot Cocoa Ever,"I must say I was pleasantly surprised. I don't drink coffee and I was searching for more hot chocolates for my Keurig. I am a Milk Chocolate fan, but with Grove Square the Peppermint and Dark Chocolate are by far the better choice.Both have a sweetness I wasn't expecting. The flavor is great and I don't want to share. I am definitely reordering more.",must say pleasantly surprised dont drink coffee searching hot chocolate keurig milk chocolate fan grove square peppermint dark chocolate far better choiceboth sweetness wasnt expecting flavor great dont want share definitely reordering
567757,B005K4Q68Q,A10VCCF3QS34YL,Logo,0,0,5,1325548800,BEST HOT COCOA YET,This is by far the best hot cocoa I have found yet for the Keurig. I love the assortment and the peppermint is my favorite. I would give these try for sure if you are looking for some hot cocoa K-cups. All the other selections for hot cocoa that I have tried were just okay tasting. These are AMAZING!!!! LOVE THEM! I will order these for sure again!,far best hot cocoa found yet keurig love assortment peppermint favorite would give try sure looking hot cocoa kcups selection hot cocoa tried okay tasting amazing love order sure
567758,B005K4Q68Q,AM1A219XG2N0N,Cameron,0,0,2,1325548800,Horrible Taste!,"I just got a Keurig a few weeks ago and wanted to get some hot chocolate for it as an alternative to coffee.  I didn't have super high expectations, but these are absolutely awful.  There is a very strong plastic/chemical taste to these k-cups.  I tried all of them and tried putting some milk in them to help mask the chemical taste and nothing will help.  The only reason I gave these k-cups 2 stars is because my boyfriend can ""tolerate"" them, but I don't trust him because he'll eat just about anything.  In his opinion they are ""not that good"" but he will still drink the mug.<br /><br />From what I've read of other hot chocolate k-cups, you'd be better off just buying a regular mix and doing it that way!",got keurig week ago wanted get hot chocolate alternative coffee didnt super high expectation absolutely awful strong plasticchemical taste kcups tried tried putting milk help mask chemical taste nothing help reason gave kcups star boyfriend tolerate dont trust hell eat anything opinion good still drink mugfrom ive read hot chocolate kcups youd better buying regular mix way
567759,B005K4Q68Q,A32HA9IME9E88V,Margret Schmidt,0,0,5,1325462400,So much better than Cafe Escapes!,"After being disgusted by the brown water created by the Cafe Escapes dark chocolate cocoa, we were THRILLED to find these dark chocolate cocoa k-cups.  Delicious!",disgusted brown water created cafe escape dark chocolate cocoa thrilled find dark chocolate cocoa kcups delicious
567760,B005K4Q68Q,A1UGOW7077WN1C,"Mary L. Oreilly ""Pemdas5x5""",0,0,5,1325462400,THE BEST,"This is the best Keurig K-Cup hot chocolate you can buy. I've tried others, but will never buy any other brand again.",best keurig kcup hot chocolate buy ive tried others never buy brand
567761,B005K4Q68Q,A3BUHBDXMI7ZSO,Sarah's Dad,0,0,4,1325376000,Grove Square Hot Chocolate,This Hot chocolate tasted very good!  The whole family liked it!!!  It is a nice change to make Hot Chocolate instead of coffee inthe Keurig coffee maker.  We wold purchase this again.,hot chocolate tasted good whole family liked nice change make hot chocolate instead coffee inthe keurig coffee maker wold purchase
567762,B005K4Q68Q,AUH792DXLWGXW,Beth(bookaholicmom),0,0,5,1325116800,Great Hot Cocoa!,We had previously tried another brand of hot coca k-cups. We bought these since they seemed to be a pretty good value. We actually like the taste and flavor of these more than the other brand we tried. They have just the right amount of cocoa and sweetness. We like the variety of flavors in the pack also.,previously tried another brand hot coca kcups bought since seemed pretty good value actually like taste flavor brand tried right amount cocoa sweetness like variety flavor pack also
567763,B005K4Q68Q,A3UJC2AG9Z6CHX,Melody Nye,0,0,5,1325030400,great assortment,"I am so glad that this hot chocolate is available for Keurig.  Previously the brand of hot chocolate available was only so-so, but this is definitely better.  The variety pack is just right for every mood and every guest.  I never find myself with too much of any one flavor left over.  Move over coffee lovers, we cocoa drinkers have found a home!",glad hot chocolate available keurig previously brand hot chocolate available soso definitely better variety pack right every mood every guest never find much one flavor left move coffee lover cocoa drinker found home
567764,B005K4Q68Q,A3E0OQIXU6S3CI,"Robert Foster ""robfos9""",0,0,4,1325030400,GOOD NOT GREAT,I have tried a few of the cocoa cups and find this product about average.  Unless you stir the cup the cocoa will taste watery for a few sips.,tried cocoa cup find product average unless stir cup cocoa taste watery sip
567765,B005K4Q68Q,A1YCWZWOXLUAY5,Mom of Four Sons,0,0,5,1324944000,Yummy!,I've heard over and over that people are having a difficult time finding a hot chocolate pod to enjoy in their Keurig K-cup brewers.  The search is over!  This Grove Square Hot Cocoa received four big smiles from my sons. They just went on and on about how delicious it was!  I love having this new coffee pot where it's fast and convenient for all of us!  Super happy with this purchase.,ive heard people difficult time finding hot chocolate pod enjoy keurig kcup brewer search grove square hot cocoa received four big smile son went delicious love new coffee pot fast convenient u super happy purchase
567766,B005K4Q68Q,A1CVQY61GRH0D5,P. MacMillan,0,0,4,1324944000,Good for the money,"Reasonable in price, tastes good.  Prefect for Keurig, which can be pricey.  We will probably buy this again.  It is mostly for the kiddos anyway!",reasonable price taste good prefect keurig pricey probably buy mostly kiddos anyway
567767,B005K4Q68Q,A2E7V2OVK745M2,CC,0,0,5,1324771200,yumm!!,"These are so nice and creamy!  Usually I don't justify buying k-cups for things like cocoa that you can get cheaper in a packet, but this is so convenient and very good tasting .. way better than most powdered cocoa packets I've tried.  As far as price comparison, it is equivalent to gourmet-types of cocoa that would easily cost $1+ per packet.  I also like that it comes in a variety pack with 3 flavor options.  Highly recommend",nice creamy usually dont justify buying kcups thing like cocoa get cheaper packet convenient good tasting way better powdered cocoa packet ive tried far price comparison equivalent gourmettypes cocoa would easily cost per packet also like come variety pack flavor option highly recommend
567768,B005K4Q68Q,A3D064ZZ78F7I3,RiversRhapsody,0,0,4,1324684800,Yum!,"I ordered this wanting to try a hot chocolate on my Keurig, and I am very happy with this product. I will definitely be ordering it again. That being said, I dislike hot chocolate made completely of water, so I do add a splash of Half and Half to my cup when I make this. Thus, I didn't want to give it a 5 star rating since I do doctor my cup up a bit at home (otherwise I would have). However, I won't even venture to make a cup of hot chocolate in a packet from the grocery store with water, I use 100% milk usually for those and they still don't measure up to this product from Grove Square. So, the fact that this tastes so good made with water and a bit of creamer to me speaks volumes. I do have to say that this is by far the best cup of instant cocoa that I have ever tried at home. Compared to the Swiss Miss in the cupboard this had a distinctly grown up taste to it. I'm a big fan!",ordered wanting try hot chocolate keurig happy product definitely ordering said dislike hot chocolate made completely water add splash half half cup make thus didnt want give star rating since doctor cup bit home otherwise would however wont even venture make cup hot chocolate packet grocery store water use milk usually still dont measure product grove square fact taste good made water bit creamer speaks volume say far best cup instant cocoa ever tried home compared swiss miss cupboard distinctly grown taste im big fan
567769,B005K4Q68Q,A2QVVTHWO6EKUZ,Karen Fish,0,0,5,1324598400,Great Product!,"Great product at a reasonable price....my husband's favorite! Loves the dark chocolate although we get the pack of 3 that includes light, dark and peppermint also.  Shopped around and this is a bargain and surpasses the other cocoa k-cups we have tried in taste.",great product reasonable pricemy husband favorite love dark chocolate although get pack includes light dark peppermint also shopped around bargain surpasses cocoa kcups tried taste
567770,B005K4Q68Q,A25FL6VLD7S23S,"OILMAN ""OWEN""",0,0,5,1324598400,EXCELLENT PRODUCT,"I bought this item for my elderly  Mom, to use with the new Keurig Coffee machine I purchased for her. SHE LOVES IT!!!!!!......I WILL BE ORDERING MORE!!!!!!!!",bought item elderly mom use new keurig coffee machine purchased love iti ordering
567771,B005K4Q68Q,AXB71BWGYSWYW,"Sasha8 ""and Sam""",0,0,5,1324512000,Tastes Great!,"Bought this as a gift and was told it tastes really great! Too bad I don't have one of those machines, otherwise, I'd try them out myself.  I might have to consider getting one! If you really like it, you can save some money by subscribing to it for automatic deliveries and to make sure you don't run out.",bought gift told taste really great bad dont one machine otherwise id try might consider getting one really like save money subscribing automatic delivery make sure dont run
567772,B005K4Q68Q,A1GO93ZN6M0AR5,grannypat34,0,0,5,1324425600,yummy!!!  And fro Amazon too..........,"This is great hot chocolate.....Not watery like some others and my husband really likes this one.....Thank you.  Pat Greenough, Boise, Id.",great hot chocolatenot watery like others husband really like onethank pat greenough boise id
567773,B005K4Q68Q,A28MNT19R5LP9R,B1gD4ddy,0,0,5,1324425600,Perfect Hot Choc Variety Box,"We love this variety box in our house, we subscribe to ensure we never run out.  I use the 'Dark' to make Mocha, my wife loves the 'Peppermint' and i drink the 'Milk' whenever i fancy a hot chocolate.<br /><br />The Dark makes a great mocha, just do half a cup of the Dark Cocoa and half a cup of your favorite coffee, add whipped cream on top, delicious.  Also worth noting, you can try some of the flavored coffees in your Mocha and rustle up some great combos. I am not a fan of flavored coffee, i struggle to drink a cup but as a Mocha, delightful.<br /><br />Drinking the Peppermint or Milk as a hot chocolate, we add a little milk and whipped cream on top, delicious.<br /><br />I highly recommend this variety box if you are considering buying it. :-)",love variety box house subscribe ensure never run use dark make mocha wife love peppermint drink milk whenever fancy hot chocolatethe dark make great mocha half cup dark cocoa half cup favorite coffee add whipped cream top delicious also worth noting try flavored coffee mocha rustle great combo fan flavored coffee struggle drink cup mocha delightfuldrinking peppermint milk hot chocolate add little milk whipped cream top deliciousi highly recommend variety box considering buying
567774,B005K4Q68Q,AF3ZIGIYXZUMH,"K. Te ""Gadget lover""",0,0,2,1323820800,You get what you paid for,"Well you get what you paid for. While this milk chocolate k-cup is pretty cheap $12.95 per 24 (54 cents per count) but it is not good. It tasted like watered down chocolate (as if you put in too much water and not enough milk or chocolate/cacao for that matter). This thing is sweet tho, in fact kinda too sweet for my taste (i am beginning to think half of the powdery content is sugar/sweetener). I thought it was the amount of water that made it taste watered down so I lowered the cup size from 8 ounce to 6 ounce on my Keurig brewer and it's the same thing.",well get paid milk chocolate kcup pretty cheap per cent per count good tasted like watered chocolate put much water enough milk chocolatecacao matter thing sweet tho fact kinda sweet taste beginning think half powdery content sugarsweetener thought amount water made taste watered lowered cup size ounce ounce keurig brewer thing
567775,B005K4Q68Q,A4SUQHLSOX6BT,Carla L. Brandy,0,0,5,1323648000,The Best of All of Them,I've tried ever single brand of K-cup hot chocolate and this is absolutely the best one. It is the only one that actually tastes like the real stuff.,ive tried ever single brand kcup hot chocolate absolutely best one one actually taste like real stuff
567776,B005K4Q68Q,A49ON55UBX8GE,patricia,0,0,5,1323648000,hot cocoa cups,"great price for the 24-count, my dad will love this gift since he loves hot chocolate and drinks about three cups a day, quick to receive.",great price count dad love gift since love hot chocolate drink three cup day quick receive
567777,B005K4Q68Q,A1AFSBZ63FL8YA,"T. Gunby ""Tanya""",0,0,4,1323561600,Surprisingly good,"It appears a little watery, but the taste is not bad at all.  If you have kids that are as fascinated by the Keurig as you are, they'll probably enjoy this.",appears little watery taste bad kid fascinated keurig theyll probably enjoy
567778,B005K4Q68Q,A2PPWMMZER5JTT,tootsie,0,0,5,1323388800,Very good hot cocoa,"I enjoy this cocoa very much, the children love it and drink it often.  I would purchase this product again.",enjoy cocoa much child love drink often would purchase product
567779,B005K4Q68Q,A1Q3VZH3TP8DFN,Janice G. Brown,0,0,5,1323302400,hot cocoa,For the price I think the cocoa cups are very good. I will order them again. They are nice to have in the house for the grand children and the holidays,price think cocoa cup good order nice house grand child holiday
567780,B005K4Q68Q,A2X9G1DQ4T28ZN,8 Eyes,0,0,5,1323216000,Great product,Great tasting product and is much better than other cocoas I have tasted in this type of single serve. Job well dont grove square!,great tasting product much better cocoa tasted type single serve job well dont grove square
567781,B005K4Q68Q,A221IYGUANAAL2,Cheryl L. Clark,0,0,5,1323216000,Hot Cocoa Anyone?,This is the best cocoa ever. It beats out anything you can buy in the store.  Sometimes<br />I just mix it in my coffee and it's wonderful.  Highly recommend.,best cocoa ever beat anything buy store sometimesi mix coffee wonderful highly recommend
567782,B005K4Q68Q,AAPW5YIE2JSYE,Sarah B.,0,0,4,1323043200,Yummy!,It's a pretty good sub for the coffee shop version. No mess and the S&S price is great! I like that the box has perforations to remove part of the side so that it functions as a dispenser.,pretty good sub coffee shop version mess s price great like box perforation remove part side function dispenser
567783,B005K4Q68Q,A1FRUPO6DSTXE1,M. Adams,0,0,3,1322784000,"Not bad, but same taste as powder packs at grocery store","I like it ok, but it isn't anything great. I have a hot water tap and it is just as easy for me to make the powder packs at home at a fraction of the cost. I'll go back to that method and save my $$ for coffee.",like ok isnt anything great hot water tap easy make powder pack home fraction cost ill go back method save coffee
567784,B005K4Q68Q,A32EI3R8L7D8SU,"doctorg13 ""doctorg13""",0,0,4,1322784000,Very Good for the price,"This is actually better than I expected when I paid less than 50 cents each.  We usually use a packet mix and hot water from the brewer.  This is much easier and the taste is comparable.  If you are very particular you may not like this but for something quick, sweet, chocolate flavored and warm for around 50 cents it is worth a try.  I would not buy it at the regular price that some retailers ask.",actually better expected paid less cent usually use packet mix hot water brewer much easier taste comparable particular may like something quick sweet chocolate flavored warm around cent worth try would buy regular price retailer ask
567785,B005K4Q68Q,A13T0V3LHOTHDL,"E. Treants ""tree""",0,0,4,1322697600,Best Dark Cocoa so fat,"Getting really good cocoa out of a K-cup is not easy but this is much better than the others I have tried. Still a little wattery, but at 60 calories it is a nice treat.  very rich flavor - not as good as the real thing, bit I am not drinking it in a Berlin Chocolate shop either.  Put your slippers on, sit in front of the fireplace with your sweetie, and enjoy!<br /><br />60 cal (20 fat)  --  2g fat sat  --  11 carb  --  6g sugar  --  &lt;1g fiber",getting really good cocoa kcup easy much better others tried still little wattery calorie nice treat rich flavor good real thing bit drinking berlin chocolate shop either put slipper sit front fireplace sweetie enjoy cal fat g fat sat carb g sugar ltg fiber
567786,B005K4Q68Q,ASDUD9CJFK9GT,g. sailor,0,0,5,1322611200,wow!,"This hot chocolate is great am so glad I doubled the order ,you can not miss with this .Now I have quick hot chocolate for the kids and grandkids",hot chocolate great glad doubled order miss quick hot chocolate kid grandkids
567787,B005K4Q68Q,A2M4TSFND0HXIG,Nancy Drew2,0,0,2,1322611200,Not Good,"This is much too watery. It tastes very much like the tasteless hot cocoa one gets out of a vending machine.  After receiving the box and reading the list of ingredients,  I've decided not to order again.  This product if definitely not worth the money.",much watery taste much like tasteless hot cocoa one get vending machine receiving box reading list ingredient ive decided order product definitely worth money
567788,B005K4Q68Q,A1BCSEDVL0Q0GN,Howard Engle,0,0,5,1322611200,Grove Square K-cups,We recieved the product on time and in excellent shape. It tastes good and meets our expectations. Thanks for the excellent service.,recieved product time excellent shape taste good meet expectation thanks excellent service
567789,B005K4Q68Q,A2BBL4VQ0BU7KY,Kenneth K. Rivera,0,0,4,1322524800,Pretty good - not as bad as others are saying.,"Funny thing - I bought some of these K-cups several weeks ago based on the strength of the reviews at that time.  I just got them last week and have had a few cups since then.  I'm using 8 ounces of water to prepare the cocoa.  I thought they tasted pretty good - reasonably chocolaty and smooth.<br /><br />They were sweet, but not overly so, and the richness made me check the calorie count on the box.  60 calories - hey, not too bad!  It wasn't until now that I came back to place a review and I read the most recent reviews from others did I realize they use artificial sweetener.  Honestly, if I hadn't read it I would have never known - I didn't detect anything that gave me the hint when I drank it.<br /><br />I think if you like a quick cocoa on the run you'll be happy enough with these K-cups.  Are they as good as a Swiss Miss packet from Costco?  Maybe not, but in my office I don't want to deal with getting powder on the counters and needing a spoon to get things mixed.  You'll sacrifice a little for the convenience, but to me it's well worth it.",funny thing bought kcups several week ago based strength review time got last week cup since im using ounce water prepare cocoa thought tasted pretty good reasonably chocolaty smooththey sweet overly richness made check calorie count box calorie hey bad wasnt came back place review read recent review others realize use artificial sweetener honestly hadnt read would never known didnt detect anything gave hint drank iti think like quick cocoa run youll happy enough kcups good swiss miss packet costco maybe office dont want deal getting powder counter needing spoon get thing mixed youll sacrifice little convenience well worth
567790,B005K4Q68Q,A39LJ0F8VQBLXN,09GalantDriver,0,0,3,1322524800,Mixed Reviews,"Unfortunately, I am conflicted with my purchase.<br /><br />Although the final product was quite good, 4 stars. The quality of the delivery is why they lost an additional star. I opened the Amazon box to find that there was hot chocolate powder coming out of the Grove Square packaging. I opened it to find that 2 of the K-Cups weren't sealed properly on top and were spilling into the box. I inspected both the Amazon package and the Grove Square both of which had no visible exterior damage.<br /><br />I was disappointed with both Grove Square for the quality of their product and as a result I am not sure I would buy this product again.",unfortunately conflicted purchasealthough final product quite good star quality delivery lost additional star opened amazon box find hot chocolate powder coming grove square packaging opened find kcups werent sealed properly top spilling box inspected amazon package grove square visible exterior damagei disappointed grove square quality product result sure would buy product
567791,B005K4Q68Q,A2KMFRF5XD7LEO,Mary Currie,0,0,5,1322524800,Hot Chocolate,"Everything about the order went great, the Hot Chocolate is very good. I will be ordering this again probaly soon.",everything order went great hot chocolate good ordering probaly soon
567792,B005K4Q68Q,AHFD3EZH5LHDW,Mitsue Ferguson,0,0,3,1322438400,A little thin,"The flavor of this cocoa is good, but I found that it was a little too watered down with the normal amount to water. The second cup was better when I used less water.",flavor cocoa good found little watered normal amount water second cup better used less water
567793,B005K4Q68Q,A2XJA5P36MLOG7,JZ,0,0,4,1322179200,JZ,I am amazed how well these little cups taste.  These Kcups taste very well.  This hot chocolate taste great and are ready in one minute.,amazed well little cup taste kcups taste well hot chocolate taste great ready one minute
567794,B005K4Q68Q,A3HTC2BDLNGNQL,fierydream,0,0,5,1321488000,Much better and less expensive than that ordered from Keurig!,"I recently purchased a Keurig and I bought the Cafe Escapes dark chocolate cocoa from their site, and it was not chocolately and had a strange aftertaste.  I saw the Grove Square brand and thought I would give it a try since I got 36 kcups for less than the 24 from Keurig. I received my purchase yesterday and immediately opened it up to try it.  The cocoa actually has sugar in it and the chocolately flavor is much better than the Cafe Escapes. I will be ordering this one again, and I hope my guest will drink the other kind to get rid of it!",recently purchased keurig bought cafe escape dark chocolate cocoa site chocolately strange aftertaste saw grove square brand thought would give try since got kcups less keurig received purchase yesterday immediately opened try cocoa actually sugar chocolately flavor much better cafe escape ordering one hope guest drink kind get rid
567795,B005K4Q68Q,A3U41ZL33SS92P,"Kevin Nicholls ""jaded, aging hipster""",6,6,2,1322438400,At least it wasn't expensive.,"With <a href=""http://www.amazon.com/gp/product/B00389Q4XW"">Green Mountain Hot Cocoa</a> being perpetually out of stock in the winter, I thought I'd give the cheaper Grove Square brand a shot.<br /><br />Since the K-Cup patents are starting to sunset, Grove Square is one of the first ""unofficial"" producers of ""we can't legally call these K-Cups but they work in your Keurig(R)(TM) coffee maker"" pods, and I thought that I'd be getting the same overall quality, without the licensing fees tacked on to the price.<br /><br />Well... I was right about Grove Square being cheaper. But I think that's the nicest I can be.<br /><br />As others have pointed out, there's a definite ""diet"" or ""<a href=""http://www.amazon.com/gp/product/B000E6LBXK"">Splenda</a>"" aftertaste. This hadn't been reviewed yet when I bought it, so I didn't see the warnings from others, and re-checked the ingredients several times to make sure.<br /><br />""Well... it's got 60 calories, which seems a bit lower than Green Mountain, but a bit high for something that diet-conscious people would want."" and the ingredient list didn't seem to point to obvious ""diet"" sweeteners.<br /><br />The overall taste is kind of like someone dropped a sugar-free Tootsie Roll in your hot water, using the normal cup setting. Going one size down didn't seem to improve much, beyond making a weak chocolate flavor sweeter - but that just meant a heavier shot of low-calorie sweetener to the taste buds.<br /><br />The way I see it, I saved about $5 by going with this brand. On the other hand, now I've got 20 of these cups left that are probably going in the trash if I can't sucker someone... er... please my discerning guests... with a few cups.<br /><br />If you drink diet soft drinks by choice, you're probably going to like this.",green mountain hot cocoa perpetually stock winter thought id give cheaper grove square brand shotsince kcup patent starting sunset grove square one first unofficial producer cant legally call kcups work keurigrtm coffee maker pod thought id getting overall quality without licensing fee tacked pricewell right grove square cheaper think thats nicest beas others pointed there definite diet splenda aftertaste hadnt reviewed yet bought didnt see warning others rechecked ingredient several time make surewell got calorie seems bit lower green mountain bit high something dietconscious people would want ingredient list didnt seem point obvious diet sweetenersthe overall taste kind like someone dropped sugarfree tootsie roll hot water using normal cup setting going one size didnt seem improve much beyond making weak chocolate flavor sweeter meant heavier shot lowcalorie sweetener taste budsthe way see saved going brand hand ive got cup left probably going trash cant sucker someone er please discerning guest cupsif drink diet soft drink choice youre probably going like
567796,B005K4Q68Q,A2H2Z1KG1YXMY1,T. Kirkpatrick,5,5,5,1322006400,Surprisingly Good!,"We have tried many of the different hot cocoa k-cups...everything always tasted so watered down, even when using the smallest setting on the machine.  However, this brand...even at the medium cup setting, tasted fantastic.  I highly recommend Grove Square.  I haven't tried any of their other products, but I would be inclined to now based on this cocoa.",tried many different hot cocoa kcupseverything always tasted watered even using smallest setting machine however brandeven medium cup setting tasted fantastic highly recommend grove square havent tried product would inclined based cocoa
567797,B005K4Q68Q,A3OXHLG6DIBRW8,"C. F. Hill ""CFH""",5,5,5,1321401600,Really Good Hot Cocoa - Highly Recommended,"These Grove Square Hot Cocoa flavors are by far the best tasting we have found for the Keurig. We took a chance on these due to the high review ratings and it was a pleasant surprise that all three flavors are really good.<br /><br />Dark Chocolate - My favorite, very good even on the ""large"" cup setting<br />Milk Chocolate - Excellent on the ""small"" cup and good on the ""large"" cup setting<br />Peppermint - Everyone likes this one, on either cup size setting<br /><br />These do contain Sucralose in addition to sugar, I don't notice the taste but my wife does (but she still likes them).<br /><br />Highly Recommended! We tried these in the smaller variety pack, <a href=""http://www.amazon.com/gp/product/B005K4Q64K"">Grove Square Hot Cocoa Cups Variety Pack, K-Cups for Keurig Brewers, 12-Count (Pack of 3)</a><br /><br />CFH",grove square hot cocoa flavor far best tasting found keurig took chance due high review rating pleasant surprise three flavor really gooddark chocolate favorite good even large cup settingmilk chocolate excellent small cup good large cup settingpeppermint everyone like one either cup size settingthese contain sucralose addition sugar dont notice taste wife still like themhighly recommended tried smaller variety pack grove square hot cocoa cup variety pack kcups keurig brewer count pack cfh
567798,B005K4Q68Q,AJGYCN2DJ7NBX,DR,7,8,1,1325462400,Too much artificial sweetner,This tastes terrible...  Like putting aritficial sweetener in already sweet hot chocolate.  The best I have tried so far is Swiss Miss Hot Chocolate K-Cups.  Don't think they are sold on Amazon yet...,taste terrible like putting aritficial sweetener already sweet hot chocolate best tried far swiss miss hot chocolate kcups dont think sold amazon yet
567799,B005K4Q68Q,A21VRPTG99PC3K,Dianne F Simonini,12,15,2,1323216000,The description does not mention that it is sugar-free,"Had I known this cocoa was sugar-free, I would not have purchased it. I realize that this will not bother some people, but I really don't like the aftertaste of fake sugar.  In the interest of fairness, this did not seem to trouble my nephew!  Just update the description.",known cocoa sugarfree would purchased realize bother people really dont like aftertaste fake sugar interest fairness seem trouble nephew update description
567800,B005K4Q68Q,A1ISS4F3IRVTS0,Morton Family,9,11,2,1322179200,Why does this have sucralose?,My whole family(7 people) tasted all 3 flavors and they are sickly sweet.  Very disappointed that product has sucralose.  I wouldn't buy it again,whole family people tasted flavor sickly sweet disappointed product sucralose wouldnt buy
567801,B005K4Q68Q,AWJXWD0EMKIUV,"T. B. H. ""The Bargain Hunter""",4,4,2,1325203200,"Too sweet, too weak","Using 8 oz water as the directions state made the cocoa much too weak. It was like hot water with a few drops of chocolate syrup. Using 6 oz made the cocoa much too sweet, and still too weak in the chocolate department. It uses sucralose as a sweetener, which gives it a very intensely sweet flavor. This may not be a problem for those who like very sweet things or don't mind the taste of sucralose. Unfortunately, I'm not one of those people.",using oz water direction state made cocoa much weak like hot water drop chocolate syrup using oz made cocoa much sweet still weak chocolate department us sucralose sweetener give intensely sweet flavor may problem like sweet thing dont mind taste sucralose unfortunately im one people
567802,B005K4Q68Q,A14LL0MTTB8T3C,B. Meyers,4,4,5,1323993600,Best Hot Cocoa for Keurig,"Perhaps not your Grandma's cup of Hot Chocolate, but for the Keurig, it's the best out there.  And what makes it a sweeter deal you get 3 packs for the typical price of 1 K-Cup box, take note it's a Pack of 3, so a total of 36 k-cups.<br /><br />I suggest only using the small cup setting to prevent it from being watered down too much, but decide for yourself!",perhaps grandma cup hot chocolate keurig best make sweeter deal get pack typical price kcup box take note pack total kcupsi suggest using small cup setting prevent watered much decide
567803,B005K4Q68Q,A1YU3SAW0XHQIY,K. J. Smith,4,4,5,1321833600,Surprisingly Good.,"Truthfully, I wasn't expecting too much with this, but thought I would give it a try for something different for my Keurig. I have to say, that I was pleasantly surprised at how good this is.  My favorite is the dark chocolate, but the peppermint is very good as well.  I am not a real milk chocolate fan, but I mixed it with some coffee for a mocha and it was very good. I would definitely purchase this again.",truthfully wasnt expecting much thought would give try something different keurig say pleasantly surprised good favorite dark chocolate peppermint good well real milk chocolate fan mixed coffee mocha good would definitely purchase
567804,B005K4Q68Q,A2F56CRL29D7QN,moycegirl,6,7,4,1319760000,Best Hot Cocoa for Keurig,As you know finding a hot chocolate that taste great and is brewed on the keurig is a big challenge. Well this hot chocolate is quite good. The flavor is rich and the hot chocolate has some creaminess to it. I made it for my daughter and toped it off with whipped cream and she loved it.  Will be drinking lots of this on now that it is begining to get colder.,know finding hot chocolate taste great brewed keurig big challenge well hot chocolate quite good flavor rich hot chocolate creaminess made daughter toped whipped cream loved drinking lot begining get colder
567805,B005K4Q68Q,AG08SJC4G3PY,Math Girl,0,0,4,1321315200,not perfect but better than the rest,"although this isn't a perfect cup of cocoa, it's far superior to the others that i have tried. i will order this again.",although isnt perfect cup cocoa far superior others tried order
567806,B005K4Q68Q,ANHG53RB9Q537,SEB,0,0,5,1321142400,Excellent hot cocoa!!!,"This is by far the best K-cup hot cocoa we have tried.  It has a nice rich flavor and with the added convenience of a K-cup, it is easy to have a cup anytime you like. Highly recommend!",far best kcup hot cocoa tried nice rich flavor added convenience kcup easy cup anytime like highly recommend
567807,B005K4Q68Q,A1J0H6L8PTVNH7,sxbaughsx3,0,0,5,1321142400,Fantastic,"Out of all of the hot chocolate kcups that I have tried this is by far the best one. Not weird aftertaste, and not watered down. Tastes amazing and priced fairly, what more could you ask for?",hot chocolate kcups tried far best one weird aftertaste watered taste amazing priced fairly could ask
567808,B005K4Q68Q,AKY1ISIZP5DIU,"Sue ""ausuep""",0,0,5,1320710400,Delicious!,These k-cups are just what my son wanted!  The price was excellent and the flavor is rich.  I would recommend these to anyone wanting a good cup of instant hot cocoa.,kcups son wanted price excellent flavor rich would recommend anyone wanting good cup instant hot cocoa
567809,B005K4Q68Q,A3A58DJTXQSI3K,N. Greco,0,0,5,1320192000,Great cocoa,I am a big hot cocoa drinker so this hot cocoa I would definitely recommend it has a great cocoa flavor and it's perfect for those cold fall or winter days. Warms you up plus tastes great!,big hot cocoa drinker hot cocoa would definitely recommend great cocoa flavor perfect cold fall winter day warms plus taste great
567810,B005K4Q68Q,AJBIC5OBOQM0U,"Kimberly I. ""Shopaholic""",11,17,1,1322006400,Contains Trans-Fats,"Can't tell you how this tastes, because I read the ingredients first, but it has trans-fats in every flavor. :( The seller should disclose all ingredients in the description. I wouldn't have purchased this otherwise.",cant tell taste read ingredient first transfats every flavor seller disclose ingredient description wouldnt purchased otherwise
567811,B005K4Q68Q,ABM606CTD7YWF,TDP,9,14,1,1325116800,Very disapointing!!,"I received my order of Grove Square hot cocoa mix today, and was very shocked to see that hydrogenated oil was one of the ingredients in the mix. I have avoided using any products that contains trans fats because of the negative effects on blood lipid levels. I would urge Amazon to require an itemized list of ingredients for all food items listed for sale. If the ingredients had been listed, those of us who have concerns about our health can avoid these products.",received order grove square hot cocoa mix today shocked see hydrogenated oil one ingredient mix avoided using product contains trans fat negative effect blood lipid level would urge amazon require itemized list ingredient food item listed sale ingredient listed u concern health avoid product
567812,B005K4Q68Q,A33YCUFVPEZ6QV,BenB,1,2,5,1342742400,Dark chocolate lover - best I've tried,"I mainly use my Keurig for coffee but thought I'd try this one since I love dark chocolate and it was getting mostly good reviews.  I've tried some other chocolate K-cups and had given up on them since they all seemed pretty watery.  If I can taste water I don't consider it real hot chocolate.  I was pleasantly surprised that this tastes much better than the others I've tried.  (I must admit there are many I haven't tried, but I don't really feel like making a big scientific study of it.)  This will be my source of hot chocolate from now on.<br /><br />I was a little disappointed to see how many ingredients it contains.  That sort of thing worries me a little.  Still, I don't drink hot chocolate that much, so I think I'll survive.  I'll copy the ingredient label here for those concerned plus a few items from the nutrition info:<br /><br />Calories 60, from fat 20.  Trans Fat 0g. Sodium 200mg. Sugars 6g.<br /><br />INGREDIENTS: sugar, glucose syrup solids, cocoa (processed with alkali), partially hydrogenated vegetable oil (may contain coconut, soybean, sunflower, palm and/or canola), modified whey, maltodextrin, salt, natural and artificial flavors, cellulose gum, sodium caseinate, cornstarch, lactose, dipotassium phosphate, sucralose, mono- and diglycerides, silicon dioxide, soy lecithin, artificial color. [Contains milk and soy.]<br /><br />(I always hate seeing artificial coloring in ""dark"" chocolate products.)<br /><br />If I had hot chocolate every day I would consider making it from scratch with more cocoa and fewer chemicals, but since I enjoy the convenience of having it nearly instantly from my Keurig on the occasional whim, I'll just keep a box of these K-cups on hand.  I highly recommend it for the taste, it isn't easy finding good hot chocolate.",mainly use keurig coffee thought id try one since love dark chocolate getting mostly good review ive tried chocolate kcups given since seemed pretty watery taste water dont consider real hot chocolate pleasantly surprised taste much better others ive tried must admit many havent tried dont really feel like making big scientific study source hot chocolate oni little disappointed see many ingredient contains sort thing worry little still dont drink hot chocolate much think ill survive ill copy ingredient label concerned plus item nutrition infocalories fat trans fat g sodium mg sugar gingredients sugar glucose syrup solid cocoa processed alkali partially hydrogenated vegetable oil may contain coconut soybean sunflower palm andor canola modified whey maltodextrin salt natural artificial flavor cellulose gum sodium caseinate cornstarch lactose dipotassium phosphate sucralose mono diglycerides silicon dioxide soy lecithin artificial color contains milk soyi always hate seeing artificial coloring dark chocolate productsif hot chocolate every day would consider making scratch cocoa fewer chemical since enjoy convenience nearly instantly keurig occasional whim ill keep box kcups hand highly recommend taste isnt easy finding good hot chocolate
567813,B005K4Q68Q,A13L66J35SMYE5,Elizabeth Ramsoram,1,2,1,1330646400,Not good,This does not taste like cocoa it is very weak no matter what cup size you use.I is just not good.,taste like cocoa weak matter cup size usei good
567814,B005K4Q68Q,AUAT8KNYH4RAM,"T. torrez ""Kat""",1,2,1,1325635200,"Not bad, but not good either","When I got my Keurig I fell in love. I bought a bunch of different sample packs and two boxes of the grove square hot cocoa. I'm a bit of a hot cocoa nut, partially because I can't have caffeine, and partially because it brings back wonderful memories of playing in the snow and the fun of warming up afterwards. I really wanted to love this hot cocoa. I tried all three flavors multiple times, in different ways. I tried them on the different cup sizes, adding things, etc. There's just this strange taste to them that doesn't sit well on the tongue. I'm not sure what it is, but it has a faint ring of sour milk. It really lingers, and I haven't found anything that takes the taste away. I'm going to give my second box to a friend, she doesn't seem to notice it. My daughter and husband both said it tasted weird, so it's not just me. I also took it to a friend's house and have tried them in three different Keurig machines, JUST to make sure mine didn't need to be descaled. So I guess my suggestion is to try it before you go for the multiple boxes.",got keurig fell love bought bunch different sample pack two box grove square hot cocoa im bit hot cocoa nut partially cant caffeine partially brings back wonderful memory playing snow fun warming afterwards really wanted love hot cocoa tried three flavor multiple time different way tried different cup size adding thing etc there strange taste doesnt sit well tongue im sure faint ring sour milk really lingers havent found anything take taste away im going give second box friend doesnt seem notice daughter husband said tasted weird also took friend house tried three different keurig machine make sure mine didnt need descaled guess suggestion try go multiple box
567815,B005K4Q68Q,A3LBPK4ABZSNB,Always Shopping,1,2,1,1324425600,Bad Taste,"I ordered this product because of a good price deal.  Amazon shipped accordingly, absolutely no problems there.  However, the taste of this product was horrendous.  It tasted as if someone through chemicals in a cup and told me to brew it.  I personally will go back to buying Swiss Miss in a can and just using the Keurig to give me Hot Water, cheaper and much better tasting.",ordered product good price deal amazon shipped accordingly absolutely problem however taste product horrendous tasted someone chemical cup told brew personally go back buying swiss miss using keurig give hot water cheaper much better tasting
567816,B005K4Q68Q,A3FJ7K6XRP3MPM,J. Voss,1,2,1,1324166400,Worst Hot chocolate ever!,"This has to be without a doubt the WORST tasting Hot Chocolate ever! The best way to describe the taste of ""This Stuff"" is really cheap suger free instant hot chocolate. Swiss Miss instant is way better and cost less. After only 3 cups threw the rest in the garbage where it belongs and canceled my subscribe and save for this ""SLOP""!",without doubt worst tasting hot chocolate ever best way describe taste stuff really cheap suger free instant hot chocolate swiss miss instant way better cost less cup threw rest garbage belongs canceled subscribe save slop
567817,B005K4Q68Q,A1Y5J68F22DRUR,Allison H.,1,2,3,1322611200,It's decent...,"This is okay cocoa. It's not really very smooth, and it's a little watery. I had high hopes, as I love dark chocolate hot cocoa, and the reviews were good. I will finish the box I bought, but will try another brand next time.",okay cocoa really smooth little watery high hope love dark chocolate hot cocoa review good finish box bought try another brand next time
567818,B005K4Q68Q,A1TIHREO1GJW5,dysfuncional veteran,1,2,3,1321747200,nothing special,just got a new keurig and was looking for a great chocklate drink/still looking/this is fair at best/watery and nothing to brag about,got new keurig looking great chocklate drinkstill lookingthis fair bestwatery nothing brag
567819,B005K4Q68Q,A8KGHZMPMRNMY,Userva3,1,2,4,1319846400,Great as a creamer or added chocolate flavoring,I haven't actually tried drinking these just as hot cocoa but I know the peppermint flavor is great as a creamer for the Van Houtte Mexican coffee...I'm ordering another box as this adds just the right amount of chocolate to my coffee.  Been trying to find a coffee flavor that does that but so far adding these to the coffee has worked out better :-) I usually have 14 oz at a time so I run 4 oz through as hot chocolate and the other 10 as coffee. I did try another brand of kcup hot cocoa and it wasn't as good as this brand.,havent actually tried drinking hot cocoa know peppermint flavor great creamer van houtte mexican coffeeim ordering another box add right amount chocolate coffee trying find coffee flavor far adding coffee worked better usually oz time run oz hot chocolate coffee try another brand kcup hot cocoa wasnt good brand
567820,B005K4Q68Q,A24C0RPF1TGY7,L. Ketchum,0,1,5,1342915200,"The ""Replicator"" of our time.","We have a new hot beverage cooker. This thing is the closest thing to the futuristic ""replicators"", made know via Star Trek movies and series of various efforts.<br /><br />We love our hot beverage brewer and have added a higher-end unit to our own home environment.<br /><br />We've used such a device and various coffee and tea pods over the last few years, but this kit tops that experience.<br /><br />I especially like the Hot-Chocolate and Tea beverages apart from the hundreds of coffee options.<br /><br />Do consider buying one of their devices and also sample the so very many flavors of coffees, teas and other hot beverages attached to the brewing station.",new hot beverage cooker thing closest thing futuristic replicators made know via star trek movie series various effortswe love hot beverage brewer added higherend unit home environmentweve used device various coffee tea pod last year kit top experiencei especially like hotchocolate tea beverage apart hundred coffee optionsdo consider buying one device also sample many flavor coffee tea hot beverage attached brewing station
567821,B005K4Q68Q,A1I83GB8DSDCK4,Greg,0,1,5,1332288000,Delicious,"I'd never heard of this brand but they were very cheap here on Amazon and I was extremely surprised at how good the Dark Chocolate Hot Cocoa is.  Absolutely worth trying, it's really quite good.",id never heard brand cheap amazon extremely surprised good dark chocolate hot cocoa absolutely worth trying really quite good
567822,B005K4Q68Q,A1XUSUK54IFXYL,B. Webb,0,1,3,1331856000,It's Ok. Best I Have Found So Far,"This is the best Hot Cocoa I have found so far, BUT I hope I can find better. It's not real chocolately. Wish it were a bit sweeter but on the whole, I would buy it again if I can't find better.",best hot cocoa found far hope find better real chocolately wish bit sweeter whole would buy cant find better
567823,B005K4Q68Q,A2E0OQ4WMC45ER,Amberley's mom,0,1,5,1331337600,Great Hot Chocolate,This is really great Hot chocolate. The price is right too. Usually I find that hot chocolate k-cups are weak or watery but not this one. I was impressed. The dark chocolate is really yummy! I will be ordering more.,really great hot chocolate price right usually find hot chocolate kcups weak watery one impressed dark chocolate really yummy ordering
567824,B005K4Q68Q,A1J2YIPCE9PHCQ,K. Maffei,0,1,3,1330560000,"Why, oh why, add fake sugar?","Fortunately, before I purchased I read through enough reviews of these k-cups to discover that they add some artificial sweetener to them along with sugar.  I'm shocked that the item descriptions don't make this clear.  I consider that important information!<br /><br />I decided to give them a try, anyway, considering some reviewers thought it was hard to tell.  I realize that many products do this recently, but they usually fall short of hiding that nasty aftertaste.<br /><br />Sadly, this one does too.  It's close - I can almost enjoy a cup - but it's still unmistakable, especially if you don't consume much artificial sweetener.  (I chew sugar-free gum, and that's it for me.)<br /><br />It's a shame, too, because the chocolate flavor is nice.  In fact, I rated these a 3 simply because my son tolerates the sweetener enough to drink them.  And I was really jazzed about the caramel cappuccino before I found out about the sweetener...but now I won't be buying any.  (Side note: many cappuccino reviewers complained that they're instant coffees that taste like gas station cappuccino - that would be fine with me, if it weren't for the artificial sweetener which those gas station cappuccinos don't have.)<br /><br />If they begin to offer a line without the artificial sweetener, I'd buy it, but until then I'm staying away from Grove Square products.",fortunately purchased read enough review kcups discover add artificial sweetener along sugar im shocked item description dont make clear consider important informationi decided give try anyway considering reviewer thought hard tell realize many product recently usually fall short hiding nasty aftertastesadly one close almost enjoy cup still unmistakable especially dont consume much artificial sweetener chew sugarfree gum thats meits shame chocolate flavor nice fact rated simply son tolerates sweetener enough drink really jazzed caramel cappuccino found sweetenerbut wont buying side note many cappuccino reviewer complained theyre instant coffee taste like gas station cappuccino would fine werent artificial sweetener gas station cappuccino dont haveif begin offer line without artificial sweetener id buy im staying away grove square product
567825,B005K4Q68Q,A1Y20RMXCE71KJ,christinao,0,1,5,1329955200,"Grove square hot cocoa cups, Dark, single serve cup","We use our Keurig every day.  When a friend gave us a sample we went crazy, it is the best hot chocolate ever.  I highly recommend this, it is a treat in the evening to take the place of dessert.",use keurig every day friend gave u sample went crazy best hot chocolate ever highly recommend treat evening take place dessert
567826,B005K4Q68Q,A2K4QHGOVF7VZ0,Gameformulator,0,1,1,1329004800,First ingredient is trans fat ( partially hydrogenated oil ),"I guess there is a reason that the ingredient section on this page doesn't mention that the first ingredient is trans fat (partially hydrogenated oil).  Had I know, I would not have purchased this.  Consumers need to vote with their dollars and avoid buying items where the manufacturer is using cheap and unhealthy ingredients.",guess reason ingredient section page doesnt mention first ingredient trans fat partially hydrogenated oil know would purchased consumer need vote dollar avoid buying item manufacturer using cheap unhealthy ingredient
567827,B005K4Q68Q,A32O62KM9LMJ3I,M. Egger,0,1,1,1326499200,Grove Square,Please stay away from artificial sweetners.<br /><br />Some of them actually change the shape of human cells.<br /><br />this has an artificial sweetner,please stay away artificial sweetnerssome actually change shape human cellsthis artificial sweetner
567828,B005K4Q68Q,A33TUOZF1D5UT3,PennyTheCorgi,0,1,1,1325894400,"Mmmmm,plastic","I've been excitedly trying every type of K cup I can get my hands on since I got my Keurig for christmas and, until now, have not encountered any that I truly hate. Until I discovered this one. I would have though it pretty difficult to ruin hot chocolate but the people at Grove Square certainly did a good job. Not only was the hot chocolate watery, but it had a horrible plastic aftertaste also. Yuck!",ive excitedly trying every type k cup get hand since got keurig christmas encountered truly hate discovered one would though pretty difficult ruin hot chocolate people grove square certainly good job hot chocolate watery horrible plastic aftertaste also yuck
567829,B005K4Q68Q,A1P1BJMLJYJCR2,Nikki,0,1,1,1325894400,Taste like diet,"I ordered this specifically b/c they said ""dark chocolate"" so i was hoping for a rich chocolate flavor. They taste very watery, even using the lowest amount of water on the Keurig. The nutritional fact show that it only has 6 grams of sugar - where the normal store bought powder has 22 grams. I didn't like these at all. If you're going for something low sugar, they might be for you!",ordered specifically bc said dark chocolate hoping rich chocolate flavor taste watery even using lowest amount water keurig nutritional fact show gram sugar normal store bought powder gram didnt like youre going something low sugar might
567830,B005K4Q68Q,A3CAZVZTJ411SB,Twoblueeyesmn,0,1,2,1325721600,Not Good,"I read all the reviews on every hot chocolate k-cup on the market and decided to try this one first. Its not good. Even on the smallest cup setting it tastes watered down and there is a distinct ""plasticy"" taste. I think that this an inherent problem with all the k-cup hot chocolates. You just can't fit enough chocolate in the cup so that it doesn't taste watered down. I'm going to stick with making hot chocolate the old way.",read review every hot chocolate kcup market decided try one first good even smallest cup setting taste watered distinct plasticy taste think inherent problem kcup hot chocolate cant fit enough chocolate cup doesnt taste watered im going stick making hot chocolate old way
567831,B005K4Q68Q,AZE0XC66FVSDE,Stephen,0,1,2,1325462400,SoSo,This hot chocolate is ok but not nearly as rich and smooth as the cafe escapes products.  We tried it out because they were less expensive but once they are al gone we'll be going back to the cafe escapes brand.,hot chocolate ok nearly rich smooth cafe escape product tried less expensive al gone well going back cafe escape brand
567832,B005K4Q68Q,A3Q2BKXTMV4AP3,TallGuy,0,1,3,1325203200,Ok...but has a funny aftertaste,"Just tried this for the first time today.  They are ""ok"", but they do have an odd aftertaste.  Not sure I'll be ordering these again.  Also -- the packaging notes that you need to run a hot water cycle (without a k-cup) after making them (I assume to clean the machine out).",tried first time today ok odd aftertaste sure ill ordering also packaging note need run hot water cycle without kcup making assume clean machine
567833,B005K4Q68Q,A1QSONZR5L6UV2,NGeromette,0,1,5,1324512000,Great pricing!,"Compared to other k-cup products, Grove Square offers tasty products at a reasonable price.  This hot cocoa was rich and delicious!",compared kcup product grove square offer tasty product reasonable price hot cocoa rich delicious
567834,B005K4Q68Q,A1BZ2CV2CC2SH3,"M. Angell ""be_a_stayhome_mom""",1,3,1,1332201600,W-E-A-K! NOT WORTH THE COST!!!!,I ORDERED THE DARK HOT COCOA IN HOPES IT WOULD BE REAL CHOCOLATEY AND IT WAS NO BETTER THAN BUYING A POUCH OF HOT CHOCOLATE AND ADDING IT TO HOT WATER. I ACTUALLY THINK THE POUCH ADDED TO HOT WATER IS LOADS BETTER AND A WHOLE LOT CHEAPER!!!! V-E-R-Y ...D-I-A-P-P-O-I-N-T-E-D! FOR THE PRICE...IT'S A RIP-OFF!,ordered dark hot cocoa hope would real chocolatey better buying pouch hot chocolate adding hot water actually think pouch added hot water load better whole lot cheaper diappointed priceits ripoff
567835,B005K4Q68Q,A1YHP9ICXBD6GC,MissMarlin,1,3,2,1326153600,Cocoa wasn't bad. . .Price was horrible,The Cocoa wasn't too bad. The taste is ok and as good as other hot chocolate mixes.  I was disappointed though when I went to a local store and saw it for less than what I paid just for shipping.  I really thought I was getting a good deal until I went home and checked the ticket.  I just paid three times as much for a box of hot chocolate to be delivered to my house! SO DISAPPPOINTED!!:(,cocoa wasnt bad taste ok good hot chocolate mix disappointed though went local store saw less paid shipping really thought getting good deal went home checked ticket paid three time much box hot chocolate delivered house disapppointed
567836,B005K4Q68Q,A2BZN96W6QP6XH,mathew lothian,0,2,1,1323820800,not quality at all,this product taste stale and is full of artificial ingredients.<br />NO REAL PEPPERMINT IS IN THIS PRODUCT and to be honest it doesnt even taste like real cocoa is either.,product taste stale full artificial ingredientsno real peppermint product honest doesnt even taste like real cocoa either
567837,B005K4Q68Q,A35R32TA60XD57,M. Torma,2,6,1,1323475200,I wish I would've known!,"I can't believe I didn't check out the ingredients for this.  I never would have bought it if I would have known there was artificial sweetener in it!  First cup though, I got that weird after taste it gives and that was all she wrote.  If you don't have a problem with a chemical taste or concerns about health problems, you may like it.  Not worth it to us.",cant believe didnt check ingredient never would bought would known artificial sweetener first cup though got weird taste give wrote dont problem chemical taste concern health problem may like worth u
567838,B005K4Q68Q,A2UGWYQ0MVVDVL,"Builder Carl ""BC""",1,5,2,1323561600,"Not worth it, bad concept","Found my kids actually cutting open the pods and dumping them into a cup to add hot water too.  They complained that lots of the good stuff stays in the pod.  Kind of defeats the purpose of the packaging, so we switched back to packets.",found kid actually cutting open pod dumping cup add hot water complained lot good stuff stay pod kind defeat purpose packaging switched back packet
567839,B005K4Q68Q,AUBRIJEO0DY7F,monicalemon,3,3,5,1324512000,Wonderful Hot Cocoa,GREAT! Hot Chocolate! By far the best Kcup hot chocolate I have found. I use a little milk or half and half and it's so..... good. I definitely will order again! Thanks for the super FAST SHIPPING!,great hot chocolate far best kcup hot chocolate found use little milk half half good definitely order thanks super fast shipping
567840,B005K4Q68Q,ACR6QJNQON47X,CB123,3,3,5,1324339200,Delish,"My whole family loves this product, often times we struggle to find something like this that we can all have (some members of my family have severe nut allergies).  This product is nut free and clearly states what the ingredients are.",whole family love product often time struggle find something like member family severe nut allergy product nut free clearly state ingredient
567841,B005K4Q68Q,A3J56VQ11MKTJT,D. Janz,3,3,4,1323043200,Very acceptable K Cup Hot Chocolate,"Unlike some others, this is actually IN a K Cup and not just an overpriced version of Swiss Miss.  While the flavor is not super premium like a Godiva or Ghiradhelli, it is better than your average instant mix and much better than the other weak K Cup versions I've had.  The sucralose does give it an aftertaste that reminds me of the sweetness of a commercial cake mix, but it isn't unpleasant.<br /><br />I like to brew this on the smallest setting (4oz) and then add milk to fill the cup and warm it in the microwave, I think that gives a richer taste. The peppermint is my favorite, followed by the dark and then the light chocolate.  They are all very good.  My only wish is that I could buy the peppermint on its own and not in a combo pack only.",unlike others actually k cup overpriced version swiss miss flavor super premium like godiva ghiradhelli better average instant mix much better weak k cup version ive sucralose give aftertaste reminds sweetness commercial cake mix isnt unpleasanti like brew smallest setting oz add milk fill cup warm microwave think give richer taste peppermint favorite followed dark light chocolate good wish could buy peppermint combo pack
567842,B005K4Q68Q,AK8XIWE6OCE3O,Dragon_Lady,3,3,4,1322352000,Pretty good,"These are the only kind of cocoa k-cups I have tried, as I have a fairly new machine. My only complaint is that it seems like the taste of chocolate in the milk chocolate version needs a bit of a boost. However, I usually add another teaspoon of regular cocoa mix and the taste is great. The peppermint and dark chocolate k-cups are delicious. Definitely worth a shot for this great price!",kind cocoa kcups tried fairly new machine complaint seems like taste chocolate milk chocolate version need bit boost however usually add another teaspoon regular cocoa mix taste great peppermint dark chocolate kcups delicious definitely worth shot great price
567843,B005K4Q68Q,ARAKTT5M3DDYA,JustMe,3,3,5,1319587200,Good Stuff,"Whole family liked all three flavors.  We've had some of the other brands of hot chocolates and they were good also but just couldn't get myself to pay that much  for hot  chocolate.  The  price was right on these for sure but I was skeptical after reading reviews on the coffees made by this brand.  But it's just hot chocolate so I figured what the heck.  All three are actually plenty chocolaty on the biggest size serving.  Honestly, I think they're a little bit better than the other brands we've had.",whole family liked three flavor weve brand hot chocolate good also couldnt get pay much hot chocolate price right sure skeptical reading review coffee made brand hot chocolate figured heck three actually plenty chocolaty biggest size serving honestly think theyre little bit better brand weve
567844,B005K4Q68Q,A232R554J2QZR1,James C. Boland,5,6,5,1320278400,nice flavor,What I really like about this selection is the choice of three different hot cocoa chocolates.  My favorite is the mint chocolate for it not only tastes like mint chocolate but it has the aroma of a hot mint chocolate.  The milk chocolate and dark chocolate are equally flavorful as well. The price through Amazon is very reasonable.,really like selection choice three different hot cocoa chocolate favorite mint chocolate taste like mint chocolate aroma hot mint chocolate milk chocolate dark chocolate equally flavorful well price amazon reasonable
567845,B005K4Q68Q,A35MXI294400EW,A. Henderson,2,2,5,1328572800,Wonderful!,"Very good hot chocolate.  Nice rich flavor.  We used the smallest setting on our Keurig, and made sure to shake it to make sure the powder was loose in the K-cup. The K-cup was completely empty after brewing. There is sucralose in it, but I could not detect the aftertaste of it.  I'm pretty sensitive to that aftertaste. I will buy this product again.<br /><br />Here are facts on the box:<br /><br />Calories 60, Fat (Saturated)2g, Sodium 220mg, Carbs 11g, Fiber &lt;1g, Sugars 6g, Protein 1g (if it's not listed it is 0)<br /><br />The ingredients list for this is:<br />Sugar, Glucose Syrup Solid, Cocoa (Processed with Alkali) Partially Hydrogenated Vegetable Oil (may contain Coconut, Soybean, Sunflower, Palm and/or Canola), Nonfat Dry Milk, Modified Whey, Maltodextrin, Salt, Natural and Artificial Flavors, Cellulose Gum, Sodium Caseinate, Cornstarch, Lactose, Dipotassium Phosphate,Sucralose, Mono- And DiGlycerides, Silicone Dioxide, Silicon Dioxide, Soy Lecithin, Artificial Color. Contains Milk and Soy.",good hot chocolate nice rich flavor used smallest setting keurig made sure shake make sure powder loose kcup kcup completely empty brewing sucralose could detect aftertaste im pretty sensitive aftertaste buy product againhere fact boxcalories fat saturatedg sodium mg carbs g fiber ltg sugar g protein g listed ingredient list issugar glucose syrup solid cocoa processed alkali partially hydrogenated vegetable oil may contain coconut soybean sunflower palm andor canola nonfat dry milk modified whey maltodextrin salt natural artificial flavor cellulose gum sodium caseinate cornstarch lactose dipotassium phosphatesucralose mono diglycerides silicone dioxide silicon dioxide soy lecithin artificial color contains milk soy
567846,B005K4Q68Q,A3EDHHNA8R84S6,Siannaj,2,2,4,1325548800,Good Chocolate!,The price is wonderful! The Hot cocoa tastes great in 6 and 8 oz but 10oz was a bit watery to me.<br />Dark Chocolate: YUM<br />Milk Chocolate: Is very yummy<br />Peppermint: For me wasn't enough peppermint but I just add a candy cane to mine.<br />  I would recommend this again and plan on ordering more soon!,price wonderful hot cocoa taste great oz oz bit watery medark chocolate yummilk chocolate yummypeppermint wasnt enough peppermint add candy cane mine would recommend plan ordering soon
567847,B005K4Q68Q,A1NUBEE4QFU1YR,"Barb H ""Barb H""",2,2,1,1324512000,Not my favorite,We prefer the Swiss Miss brand K-cup.  This one was watery in both milk and dark chocolate. This is my least favorite of all k-cup brands.,prefer swiss miss brand kcup one watery milk dark chocolate least favorite kcup brand
567848,B005K4Q68Q,A2KM0NWZ830SRP,Country Mama,2,2,1,1323302400,"Good Price, Bad Taste","Nice price, and glad to see a subscribe & save option on k-cups. However this was undrinkable in our opinion. Didn't seem to be too watery like another reviewer said, just a bad off taste.",nice price glad see subscribe save option kcups however undrinkable opinion didnt seem watery like another reviewer said bad taste
567849,B005K4Q68Q,A120BPRX233DLL,"Greg ""smitz0327""",2,2,3,1323216000,I like it but the cost,I think the hot cocoa taste great but my wife thinks it is watery. My wife is a big Swiss Miss drinker and knows her hot cocoa. Not sure I will buy again because of the cost of paying for the k cups. Sometimes I think you are better off buying Swiss Miss packets and just use the hot water function on the k cup machine.,think hot cocoa taste great wife think watery wife big swiss miss drinker know hot cocoa sure buy cost paying k cup sometimes think better buying swiss miss packet use hot water function k cup machine
567850,B005K4Q68Q,A35MLHJG9ZRWL7,"Roxie ""Roxie Muzic""",2,2,4,1323129600,If You Are Wondering???,"Unlike the other hot chocolate(s), this one does not have that obnoxious after taste.  What a relief.  When I purchased my Keurig it came with a box of 16 hot chocolate K-Cups (name not used to protect the guilty), that have the most indescribable, particularly unpleasant after taste, all due to the ""fake"" sugar that seems to comprise most if not all of the product.<br /><br />This manufacturer does use some sucralose, but no where near the amount that ""other"" uses.  In fact, it actually tastes like hot chocolate during and after the sipping.  WhooHoo!!!!<br /><br />Will be ordering more - Thank You for my Kuerig hot chocolate reaffirmation.",unlike hot chocolate one obnoxious taste relief purchased keurig came box hot chocolate kcups name used protect guilty indescribable particularly unpleasant taste due fake sugar seems comprise productthis manufacturer use sucralose near amount us fact actually taste like hot chocolate sipping whoohoowill ordering thank kuerig hot chocolate reaffirmation
567851,B005K4Q68Q,A38AK9ROCL1UN6,Deanna M. Mcdonald,2,2,5,1321833600,Winter delight!!,What a fun winter treat!  This is a perfect cup of cocoa in seconds!  We like to put a tablespoon or two of heavy whipping cream in the bottom of mug before brewing! A family favorite.,fun winter treat perfect cup cocoa second like put tablespoon two heavy whipping cream bottom mug brewing family favorite
567852,B005K4Q68Q,A387PIZQDJCK23,"Robert D. Gregory ""Sgt Bob""",2,2,5,1320710400,Excellent Hot Chocholate,"Was skeptical about the quality of hot chocolate from a K cup but Grove Square is amazing.  It is just as good as making it from scratch but without the fuss.  The milk chocolate is mild, the dark has enough bite to make it interesting and the peppermint is perfect for after dinner.",skeptical quality hot chocolate k cup grove square amazing good making scratch without fuss milk chocolate mild dark enough bite make interesting peppermint perfect dinner
567853,B005K4Q68Q,A2C494FJ3TX9DI,Danielle Clayton,2,2,5,1320451200,Great!,"I love these! The price is VERY good...all the flavors are really good! The peppermint one is my favorite and I would gladly take more of that before the others. Though the others aren't lacking at all, I'm just a peppermint fan! Will be buying more when my others get low! Thanks so much!",love price goodall flavor really good peppermint one favorite would gladly take others though others arent lacking im peppermint fan buying others get low thanks much
567854,B005K4Q68Q,A2RKL3Y3YV0D50,"Susan Kornblut ""marathon woman""",2,2,5,1319587200,Grove Square Single Serve Hot Cocoa For Keurig,"I like this hot cocoa very much it has a very rich taste compared to the others I have tried.Just bought some more of these.<a href=""http://www.amazon.com/gp/product/B005K4Q1VI"">Grove Square Single Serve Hot Cocoa Cups, Milk, K-Cups for Keurig Brewers, 24-Count</a>A+++!!!!cocoa!",like hot cocoa much rich taste compared others triedjust bought thesegrove square single serve hot cocoa cup milk kcups keurig brewer countacocoa
567855,B005K4Q68Q,ASGWEAO5R1NI7,Janet W. Lindsey,2,2,5,1319500800,Delicious!!,I was skeptical about buying this because all of the other hot cocoa items I've purchased for the Keurig have been awful. I was pleasantly pleased with this!  It is simply delicious!  I will definitely reorder!,skeptical buying hot cocoa item ive purchased keurig awful pleasantly pleased simply delicious definitely reorder
567856,B005K4Q68Q,A1BYJS65KM4PWU,C. A. Miller,2,2,4,1319414400,Really good!,This is a really great K-cup cocoa. I had been drinking the Cafe Express but they have really gone up lately so this is a good buy . Nice creamy chocolate flavor so I switched to this. I found it at Walmart but this price is better  here for the 3 pack. Give it a try :),really great kcup cocoa drinking cafe express really gone lately good buy nice creamy chocolate flavor switched found walmart price better pack give try
567857,B005K4Q68Q,A2U74VFUK2XO3N,Mogg,2,2,5,1319414400,Great tasting cocoa for your Keurig,"For those who do not drink coffee, this is a great compliment to the teas and ciders also available for your Keurig.",drink coffee great compliment tea cider also available keurig
567858,B005K4Q68Q,A2YHXAZLCLDT8D,"Mark Smith ""Food lover""",4,5,5,1319068800,Great cocoa !!,Super good price and the best k cup cocoa we have found.<br /><br />I am glad I found this for our family before the big cocoa season hits !<br /><br />love it,super good price best k cup cocoa foundi glad found family big cocoa season hit love
567859,B005K4Q68Q,AUVUTAC87UL1X,"Lisa Chu ""twin_mommy_in_CA""",1,1,3,1350950400,It's office hot cocoa - but add milk and it's halfway decent,"I didn't expect much from powdered cocoa in a cup, but here's a tip: put on 8oz setting, then add a 1:1 ratio of heated milk. It tastes amazingly good!<br /><br />Of course if you add a little Baileys Irish Cream, it tastes even better.",didnt expect much powdered cocoa cup here tip put oz setting add ratio heated milk taste amazingly goodof course add little bailey irish cream taste even better
567860,B005K4Q68Q,A1GD2URTB9KU4X,Holby137,1,1,5,1335484800,very yummy hot cocoa!,"we have bought several types, brands of hot cocoa k cups. These our definitely one of the best! They have a great flavor and everyone in my house liked them, even my 9 year old who only likes some hot cocoa loved this. It is creamy, it actually tasted like a melted candy bar, very good taste, not watered down like some of them. Of course the price is amazing, but don't let that fool you! This is one of those products that is actually good even though it isn't very expensive.",bought several type brand hot cocoa k cup definitely one best great flavor everyone house liked even year old like hot cocoa loved creamy actually tasted like melted candy bar good taste watered like course price amazing dont let fool one product actually good even though isnt expensive
567861,B005K4Q68Q,AG8XXURGEVC3,Greg Acuff,1,1,5,1334620800,Yum!,"Wow, I did a lot of reading trying to make a good decision on a K-cup hot chocolate, and of course taste is something that is very subjective.  If you read all the reviews on every product you'll discover that nothing gets past everyone and maintains a perfectly spotless reputation.  So I decided that even with some bad reviews I'd try this one since it has a lot of good reviews.  I'm just going to say that there are some real hot chocolate connoisseurs writing reviews in this thread.  Some discerning reviewers say it has a slight taste of sugar substitute, or some such thing.  All I can tell you is I must have under-achieving taste buds because all I can taste is yummy hot chocolate.  My family burned through the first box and I just ordered two more.  If you don't like this I feel sorry for you. Better to have numb taste buds I guess.  Enjoy.",wow lot reading trying make good decision kcup hot chocolate course taste something subjective read review every product youll discover nothing get past everyone maintains perfectly spotless reputation decided even bad review id try one since lot good review im going say real hot chocolate connoisseur writing review thread discerning reviewer say slight taste sugar substitute thing tell must underachieving taste bud taste yummy hot chocolate family burned first box ordered two dont like feel sorry better numb taste bud guess enjoy
567862,B005K4Q68Q,A3H3ALAMEZUBEF,V. Crown,1,1,5,1332806400,Excellent Flavor,"When I got my Keurig brewer last month, I bought two different types of hot chocolate.  The Grove Square Hot Chocolate is far superior.  I have so far brewed it on 6oz and 8oz with good flavor at both sizes.  The flavor is rich and it leaves no residue in the bottom of the kcup (the other brand does, maybe I got a bad batch?).  Overall, I will happily buy this one again.",got keurig brewer last month bought two different type hot chocolate grove square hot chocolate far superior far brewed oz oz good flavor size flavor rich leaf residue bottom kcup brand maybe got bad batch overall happily buy one
567863,B005K4Q68Q,A18ZB4D4Y35516,JerryW,1,1,5,1332720000,Great Cocoa,I got these cocoa cups based on my sister-in-law's recommendation.  It has a great flavor and is inexpensive.  Quite a good combination.  I'll be ordering more very soon.,got cocoa cup based sisterinlaws recommendation great flavor inexpensive quite good combination ill ordering soon
567864,B005K4Q68Q,A2CWO64OI8D8TN,coffee queen,1,1,5,1332201600,smooth,This is excellent hot chocolate for those of you that love love hot chocolate- go for it - you will love it to... I would purchase this again.,excellent hot chocolate love love hot chocolate go love would purchase
567865,B005K4Q68Q,A34LILWGBUXLIJ,Steven Grimm,1,1,4,1331769600,Best K-cup cocoa,"I've tried all the available brands and flavors of hot cocoa for the Keurig, and this is the only one I keep buying more of when I run out. Of course it's not going to be as good as melting your own chocolate in a pot of fresh milk, but I find it at least as tasty as any non-K-cup cocoa mix I've had. It is richer than the same company's milk-chocolate cocoa (which would, however, be my #2 pick of K-cup cocoas).<br /><br />One star off because of the fact that if you prepare a small cup, there will usually be some cocoa goop left behind in the K-cup, which you have to move to your mug if you want maximum-strength cocoa. Shaking the K-cup first to break up large chunks of powder as recommended on the package seems to help some.",ive tried available brand flavor hot cocoa keurig one keep buying run course going good melting chocolate pot fresh milk find least tasty nonkcup cocoa mix ive richer company milkchocolate cocoa would however pick kcup cocoasone star fact prepare small cup usually cocoa goop left behind kcup move mug want maximumstrength cocoa shaking kcup first break large chunk powder recommended package seems help
567866,B005K4Q68Q,A15IX824PPP1JW,J. GOFF,1,1,5,1331596800,yummy hot choc--olate,I love the flavor and the speed of this cocoa I drink one at night and each is the same good stuff.,love flavor speed cocoa drink one night good stuff
567867,B005K4Q68Q,A1UA8WGUYKYH7G,kylred,1,1,5,1331424000,The best tasting hot cocoa I have had!,I am very pleased with this selection.  I have not tried the other hot cocoa brands for Keurig but this one is awesome!  I bought the milk chocolate.,pleased selection tried hot cocoa brand keurig one awesome bought milk chocolate
567868,B005K4Q68Q,A2HL2BY512HTVQ,Starsy,1,1,2,1330646400,"Gave it a try, but not as good","Thought I'd try these because it's a good price, but the chocolate flavor is not that good. And the sucralose taste is very strong. I like the Swiss Miss Hot Chocolate ones better, even though those have sucralose too, you can't really taste it.",thought id try good price chocolate flavor good sucralose taste strong like swiss miss hot chocolate one better even though sucralose cant really taste
567869,B005K4Q68Q,ALD467ZEFBPDF,"DenDen ""Dennis""",1,1,5,1329696000,GREAT Cocoa for the price.,"Lets face it, $11 isn't going to get you the most succulent chocolate in the world.  But it does give you a GREAT everyday cocoa in a 6oz brew. Great to mix with a coffee for an instant mocha, and no sugar needed!  Kids will LOVE it. VERY happy with this purchase.  Will keep this in my pantry always!",let face isnt going get succulent chocolate world give great everyday cocoa oz brew great mix coffee instant mocha sugar needed kid love happy purchase keep pantry always
567870,B005K4Q68Q,ANFLCTZSKMZ3O,Carol F,1,1,5,1329609600,I love this Hot Chocolate!,"I have searched for hot chocolate for my Keurig, but couldn't find any that were economical to purchase. I found this at a decent price, and was I glad!  My husband absolutely loves this hot chocolate and says it reminds him of his childhood. Try it - you'll like it!",searched hot chocolate keurig couldnt find economical purchase found decent price glad husband absolutely love hot chocolate say reminds childhood try youll like
567871,B005K4Q68Q,A15U64VGUV6RBF,S. Carlson,1,1,5,1329264000,Hot chocolate in seconds,"My brother owns a Keurig one cup coffee maker, which is an amazing device. I, however, don't drink coffee. When I came across these Hot Cocoa K-cups, I took a chance. They're incredibly good, and it gives me a chance to share a hot drink with the coffee crowd without having to boil water or milk. This 24-pack is priced well against the coffee K-cups as well.",brother owns keurig one cup coffee maker amazing device however dont drink coffee came across hot cocoa kcups took chance theyre incredibly good give chance share hot drink coffee crowd without boil water milk pack priced well coffee kcups well
567872,B005K4Q68Q,AU8V0SKOUD6OD,Clothed in Grace,1,1,1,1328486400,Downright awful!,"I have never tasted such a poor excuse for a cocoa drink. It has such a bad aftertaste that I checked the box to see if I ordered sugarfree by mistake! I will toss this  and chalk it up to a loss but if you are reading this, dont buy this brand. Its downright awful!",never tasted poor excuse cocoa drink bad aftertaste checked box see ordered sugarfree mistake toss chalk loss reading dont buy brand downright awful
567873,B005K4Q68Q,A1GMAEKVDZ8AUM,H. Pettigrew,1,1,2,1328313600,not as good as Cafe Escapes,We bought both brands to try and found this one with much less chocolate taste then Cafe Escapes dark chocolate.  It was also thinner in consistency. Won't buy again,bought brand try found one much less chocolate taste cafe escape dark chocolate also thinner consistency wont buy
567874,B005K4Q68Q,AGRFBK902RY80,"M. Tomaszewski ""cleojo42""",1,1,4,1327017600,"This ISN""T Sugar Free","I ordered this because so many people were saying that it was sugar free. It's not. The first ingredient is ""SUGAR"". It's too much of a pain to return, so I'll keep it and drink it (because it's a pretty good K-cup hot chocolate). I will think twice about ordering it again though. I'd really like to get what I ordered.",ordered many people saying sugar free first ingredient sugar much pain return ill keep drink pretty good kcup hot chocolate think twice ordering though id really like get ordered
567875,B005K4Q68Q,A359CWRWFITN00,Yogagirl,1,1,2,1326412800,Artificially Sweet,"We bought this to replace our Cafe Escapes Dark Chocolate Cocoa.  They are less expensive- but you get what you pay for.  This cocoa is watery brown sugar water with an aftertaste.  I do not recommend it.<a href=""http://www.amazon.com/gp/product/B005K4Q1T0"">Grove Square Hot Cocoa Cups, Dark,Single Serve Cup for Keurig K-Cup Brewers, 24-Count</a>",bought replace cafe escape dark chocolate cocoa less expensive get pay cocoa watery brown sugar water aftertaste recommend itgrove square hot cocoa cup darksingle serve cup keurig kcup brewer count
567876,B005K4Q68Q,AG7D7ZIJHJUVO,scmccarty,1,1,1,1326326400,Very Disapointed,"I love hot chocolate and was very excited to find a variety pack, however, these are gross.  Horrible after taste, my kids dont even like them.  Now I have 3 boxes of the stuff that no one will drink.  Very disapointed.",love hot chocolate excited find variety pack however gross horrible taste kid dont even like box stuff one drink disapointed
567877,B005K4Q68Q,A24V5CL0EW0ZVY,Jaime P. Sigillo,1,1,1,1326326400,Had much higher hopes!,"I was very excited to get some hot chocolate cups for my Keurig and even happier there was a variety pack.  I read the reviews and even there were some negative ones, I went with it anyways.<br />I tried the milk chocolate.  It has such a weird taste to it.  But I gave it the benefit of the doubt and tried another later that night.  Same weird aftertaste.  I asked my husband to try it to make sure my taste buds weren't off. He commented that it had a ""hot plastic-y"" aftertaste to it.  Not even worth drinking.  Too bad I have 34 more cups that will go to waste.",excited get hot chocolate cup keurig even happier variety pack read review even negative one went anywaysi tried milk chocolate weird taste gave benefit doubt tried another later night weird aftertaste asked husband try make sure taste bud werent commented hot plasticy aftertaste even worth drinking bad cup go waste
567878,B005K4Q68Q,A3Q307658TBYCR,Shirley A Sluskonis,1,1,5,1326326400,Great,"Best K-cup hot cocoa on the market, bar none. Would not be without it in the house, especially with the winter months coming.",best kcup hot cocoa market bar none would without house especially winter month coming
567879,B005K4Q68Q,A2I6ST0W7Z0H7S,AS,1,1,1,1326153600,YUCK!!! Artifical sweetener,"As a hot chocolate lover, I was verrrrry disappointed when I tried this product. I first had the peppermint (disgusting) and then tried the dark chocolate (a little better). The problem is that you can REALLY taste the artifical sweetener. I am a diet soda drinker, so I don't have a problem with artifical sweetener. It's just that the taste was so strong in these hot chocolates that it overpowered the chocolate taste. I definitely will NOT buy again.... I would not recommend these to anyone.",hot chocolate lover verrrrry disappointed tried product first peppermint disgusting tried dark chocolate little better problem really taste artifical sweetener diet soda drinker dont problem artifical sweetener taste strong hot chocolate overpowered chocolate taste definitely buy would recommend anyone
567880,B005K4Q68Q,A1LEEQYWYSEVUK,Shannon D. Pinder,1,1,2,1325030400,It's not the greatest,"I'm an avid hot chocolate drinker, and this is just doesn't measure up.  It reminds me of the sugar free Swiss Miss.  No matter what size you set your cup on, it's just missing that cocoa flavor.  Maybe the dark chocolate would be better.  I personally like the Cafe Escapes Milk Chocolate better!<br /><br />I bought a 24 pack, and then I was able to find it at my local grocery store, so I bought another one.  Now, I'm stuck with the 24 pack.",im avid hot chocolate drinker doesnt measure reminds sugar free swiss miss matter size set cup missing cocoa flavor maybe dark chocolate would better personally like cafe escape milk chocolate betteri bought pack able find local grocery store bought another one im stuck pack
567881,B005K4Q68Q,A3W3VAVEJVN2OS,Elizabeth Crasten,1,1,4,1324684800,Grove Square Hot Cocoa cups,This is a very mild hot cocoa.  Perfect for those winter evenings or even good in the morning instead of coffee.  We love it anytime.  Next time I will try the dark chocolate.,mild hot cocoa perfect winter evening even good morning instead coffee love anytime next time try dark chocolate
567882,B005K4Q68Q,A3D9XTM4L39OJN,james,1,1,1,1324252800,taste and smells like rubber,"taste nothing like how cocoa should taste, i'll never touch this again, i'll be trying the swiss miss cocoa maybe better luck",taste nothing like cocoa taste ill never touch ill trying swiss miss cocoa maybe better luck
567883,B005K4Q68Q,AVOFW4IP3ZVC9,"Nancy ""mamabear""",1,1,5,1323993600,yummy,"This is very good hot chocolate, creamy and tasty.  All of the flavors are good, my favorite is the peppermint.  I wish the peppermint was available on its own, not in the variety pack.  My son and I also like to add peppermint flavored marshmallows, for an extra shot of peppermint taste.  In my opinion, better than the Swiss Miss K-cups.",good hot chocolate creamy tasty flavor good favorite peppermint wish peppermint available variety pack son also like add peppermint flavored marshmallow extra shot peppermint taste opinion better swiss miss kcups
567884,B005K4Q68Q,A26CPDPXCQLIVP,Ameri_star,1,1,4,1323993600,Nice tasting cocoa,"The hot cocoa does have a sugar substitute in it, but as far as I could tell, wasn't strong enough to leave that bitter aftertaste you get when they put a lot of it in the ingredients. If you have a very very sophisticated palate perhaps you could taste it a little, but it doesn't take away from the taste of the cocoa, so as far as I'm concerned it wasn't an issue. I would say this is on par with the type of cocoa you'd get in a coffee machine, which is fine, because I don't hate coffee machine cocoa. I have only tried the peppermint so far, and it tasted like peppermint... what can I say? That's what it's supposed to taste like.",hot cocoa sugar substitute far could tell wasnt strong enough leave bitter aftertaste get put lot ingredient sophisticated palate perhaps could taste little doesnt take away taste cocoa far im concerned wasnt issue would say par type cocoa youd get coffee machine fine dont hate coffee machine cocoa tried peppermint far tasted like peppermint say thats supposed taste like
567885,B005K4Q68Q,A2ALSH7ZYSVPK3,dopey62,1,1,5,1323907200,Love it!,"We enjoy a cup of hot chocolate with our Keurig machine and used to have Cafe Escapes as our favorite.  When I saw the Grove Square brand at such a great price, I thought I'd give it a try.  We love it - it is now our favorite brand.  I will be back for more!",enjoy cup hot chocolate keurig machine used cafe escape favorite saw grove square brand great price thought id give try love favorite brand back
567886,B005K4Q68Q,A37V4MEAMIWDOO,"John A. B. ""Coach""",1,1,5,1322956800,Great product,"Had never heard of this brand before, however the price was right for ordering.  Turns out the family likes this better than the Swiss Miss K-cups we had been using.  Will continue to buy, will continue to use.  Don't forget to buy the mini-marshmallows at the store!",never heard brand however price right ordering turn family like better swiss miss kcups using continue buy continue use dont forget buy minimarshmallows store
567887,B005K4Q68Q,A15TBVXE822S7D,kathy allen,1,1,5,1322870400,Hot Cocoa k cups,My Husband said it tastes wonderful!! Just like you would get in a restaurant....creamy and flavorful! Hightly Recommends this product!,husband said taste wonderful like would get restaurantcreamy flavorful hightly recommends product
567888,B005K4Q68Q,AJ7HUF3TQ892G,K. Gray,1,1,3,1322524800,Has sucralose :(,"This has artificial sweetener just like the other hot chocolates out there. If anyone knows of one that does not have it, please let me know! It definitely isn't very strong, but I coulod handle it if it didn't have the artificial sweetener aftertaste.",artificial sweetener like hot chocolate anyone know one please let know definitely isnt strong coulod handle didnt artificial sweetener aftertaste
567889,B005K4Q68Q,AQ0XBKK46LOUH,Chris G. Ward,1,1,5,1322438400,Great Hot Chocolate,This hot chocolate is very good and flavorful. Compared to other hot chocolate that we have tried it is cheaper and we would recommend.,hot chocolate good flavorful compared hot chocolate tried cheaper would recommend
567890,B005K4Q68Q,A3V3UBAWP3FUTP,"C. Grange ""NYCTrain""",1,1,3,1322438400,Chocolately -- but too sweet . . .,"Everyone has their own preferences, I know -- I actually liked the flavor, but my wife tried it and couldn't stand how sweet it was.  To each his/her own, I guess.  But, now that I'VE had a second cup, I tend to agree -- very sweet.",everyone preference know actually liked flavor wife tried couldnt stand sweet hisher guess ive second cup tend agree sweet
567891,B005K4Q68Q,ATVAXMCSYVATX,"M. Ellis ""Superchop728""",1,1,3,1321920000,OK product...good for price,I bought this becaue they were $9.99 for the 24 pack.  I could try them for .50/cup.  Other in the store were almost $1/cup.  Overall they are ok/good but you need to run a hot water flush throuhg you maschine afetr each use or there is a potential to have the residue gunk up you drain area.,bought becaue pack could try cup store almost cup overall okgood need run hot water flush throuhg maschine afetr use potential residue gunk drain area
567892,B005K4Q68Q,A1SPFZ5BOIMIXR,"Gracia K. Brailey ""music lovr""",1,1,4,1321833600,VERY PLEASED!!,"This is a great assortment and price...I only give it 4 stars because the peppermint is very weak in peppermint, so I add extract. Nice cocoa flavor to all, tho. Reminds me of ""homemade""",great assortment pricei give star peppermint weak peppermint add extract nice cocoa flavor tho reminds homemade
567893,B005K4Q68Q,A5AJKFDNSA4J5,Marjorie Richmond,1,1,5,1321833600,Yummy!!,"Best one in K cups todate not watery like several of the others I have tried. Will now join the subscribe and save group!<a href=""http://www.amazon.com/gp/product/B005K4Q64K"">Grove Square Hot Cocoa Cups Variety Pack, K-Cups for Keurig Brewers, 12-Count (Pack of 3)</a>",best one k cup todate watery like several others tried join subscribe save groupgrove square hot cocoa cup variety pack kcups keurig brewer count pack
567894,B005K4Q68Q,A16BZEC45QNMCA,"P. L. Watkins ""Shoppamania""",1,1,4,1320624000,HOT COCOA,Well the product was good and the taste is great. The convenience was excellent and the delivery was quick. So what's not to love? The darn things tend to clog up my machine. Never ever happens with coffee. May one could run hot water after each serving to prevent the clog. Otherwise an excellent product.,well product good taste great convenience excellent delivery quick whats love darn thing tend clog machine never ever happens coffee may one could run hot water serving prevent clog otherwise excellent product
567895,B005K4Q68Q,A108GQ9A91JIP4,H Hulsing,5,7,1,1328140800,PARTIALLY HYDROGENATED VEGETABLE OIL,"INGREDIENTS: SUGAR, GLUCOSE SYRUP SOLIDS, COCA (PROCESSED WITH ALKALI), PARTIALLY HYDROGENATED VEGETABLE OIL (MAY CONTAIN COCONUT, SOYBEAN, SUNFLOWER, PALM AND/OR CANOLA), NONFAT DRY MILK, MODIFIED WHEY, MALTODEXTRIN, SALT, NATURAL AND ARTIFICIAL FLAVORS, CELLULOSE GUM, SODIUM CASEINATE, CORNSTARCH, LACTOSE, DIPOTASSIUM PHOSPHATE, SUCRALOSE, MONO- AND DIGLYCERIDES, SILICON DIOXIDE, SOY LECITHIN, ARTIFICIAL COLOR.<br />CONTAINS: MILK AND SOY<br /><br />People, please read labels....",ingredient sugar glucose syrup solid coca processed alkali partially hydrogenated vegetable oil may contain coconut soybean sunflower palm andor canola nonfat dry milk modified whey maltodextrin salt natural artificial flavor cellulose gum sodium caseinate cornstarch lactose dipotassium phosphate sucralose mono diglycerides silicon dioxide soy lecithin artificial colorcontains milk soypeople please read label
567896,B005K4Q68Q,A2A4HGFGKO6BKP,"Casperina ""Casperina""",5,7,2,1323129600,"Weird after taste, sugar substitute","there is a taste of sugar substitute, the aftertaste turns me off, I've even tried using a little bit of milk in the mug before hand to hide the taste. It didn't, so i'm just using Swiss miss powder and a little milk to make it a creamier hot chocolate before using using my keurig.",taste sugar substitute aftertaste turn ive even tried using little bit milk mug hand hide taste didnt im using swiss miss powder little milk make creamier hot chocolate using using keurig
567897,B005K4Q68Q,A37WXCXM9DXE4U,A. Meyers,4,6,1,1322611200,Stay away from artificial sweeatners,"If anyone knows of one that does not have it, please let me know! It definitely isn't very strong, but I coulod handle it if it didn't have the artificial sweetener aftertaste.This has artificial sweetener (sucorse)  just like the other hot chocolates out there.",anyone know one please let know definitely isnt strong coulod handle didnt artificial sweetener aftertastethis artificial sweetener sucorse like hot chocolate
567898,B005K4Q68Q,A3VIMB8ETZSZH0,Jenna Moore,2,3,1,1331510400,"Good taste, bad product","I enjoyed these k-cups when I used them. They tasted pretty good. However, I quickly noticed that my Keurig brewer began to have problems after I started using these and other Grove Square k-cups. Even when I would brew other cups, I would get half-brewed cups of coffee, smaller cups, and other issues. I cleaned the brewer, following all the instructions and tips in the manual. The issues came up again as soon as I used these k-cups. What I discovered is that the Grove Square k-cups were gunking up my brewer badly. I had to clean out every part of the brewer completely, including the brewer basket area, the water reservoir, and the internal mechanism. After completing the entire cleaning process two more times my brewer got back to normal. I won't order any Grove Square products again.",enjoyed kcups used tasted pretty good however quickly noticed keurig brewer began problem started using grove square kcups even would brew cup would get halfbrewed cup coffee smaller cup issue cleaned brewer following instruction tip manual issue came soon used kcups discovered grove square kcups gunking brewer badly clean every part brewer completely including brewer basket area water reservoir internal mechanism completing entire cleaning process two time brewer got back normal wont order grove square product
567899,B005K4Q68Q,A1ACY29BTHNJU2,"W. Padget ""SharpsvilleBill""",2,3,4,1324512000,Very good hot cocoa.,"I'm really baffled by the great differences of opinion on this product. I've tried a couple of different brands and the Grove Square was without doubt the best. I recently purchased a cup of hot cocoa at a local Joe Muggs (in a local BAM store) that was over $2  for the smallest size and really couldn't tell much difference. Obviously every person has different tastes and opinions but so many 1 and 5 star ratings for the exact same product? Oh well, I like it.<br />p.s. 11-27  I like this cocoa well enough that I have subscribed to momthly delivery with free shipping and reduced cost!",im really baffled great difference opinion product ive tried couple different brand grove square without doubt best recently purchased cup hot cocoa local joe muggs local bam store smallest size really couldnt tell much difference obviously every person different taste opinion many star rating exact product oh well like itps like cocoa well enough subscribed momthly delivery free shipping reduced cost
567900,B005K4Q68Q,A3A2M1Z8HO7RZ5,K. Jones,2,3,2,1321228800,Tastes like hot sugar water,"This hot chocolate tastes like hot sugar water with a pinch of coco in it. Although, even the sugary taste is weak, and tainted by the flavor of the artificial sweetener sucralose. The consistency is watery and bland. This is when I made the 8oz cup as directed by the directions on the box.<br /><br />I do not recommend this product.",hot chocolate taste like hot sugar water pinch coco although even sugary taste weak tainted flavor artificial sweetener sucralose consistency watery bland made oz cup directed direction boxi recommend product
567901,B005K4Q68Q,A2E65ZXD654761,Barbara L,0,0,5,1351036800,Great tasting,The price was as fantastic as the taste. So convenient to make and no messy powder  that is hard to dissolve. No major cleanup to deal with either. Highly recommended!,price fantastic taste convenient make messy powder hard dissolve major cleanup deal either highly recommended
567902,B005K4Q68Q,A12ZQSJ9TNH9ZE,"R. Caguioa ""silver pen""",0,0,5,1350518400,Can't Complain...,The kids like cocoa. Perfect when you can't make the kids hot choco. Tastes good too. 24 Count? not bad...,kid like cocoa perfect cant make kid hot choco taste good count bad
567903,B005K4Q68Q,A2G18A5SOD4WQC,"Paul James Vesely ""String bean""",0,0,5,1350518400,"Splendid product, exceeded my expectations",Grove Square hot chocolate is very tasty.  I was searching for The Swiss Miss brand and the search pulled up this one. The price was right so I ordered some with hopeful expectations and was pleasantly surprised at Grove Squares wonderful chocolate creamy taste even on the large cup Koerig setting. You won't be disapointed,grove square hot chocolate tasty searching swiss miss brand search pulled one price right ordered hopeful expectation pleasantly surprised grove square wonderful chocolate creamy taste even large cup koerig setting wont disapointed
567904,B005K4Q68Q,A2H0LXLB09PYZI,Sadie,0,0,5,1350518400,Great for winter !,"I love a cup of Hot Choc. in the cold winter months. We live in Penna. and it gets quite chilly here. The Hot Coc. is a little sweet for my taste, but I've gotten used to it and enjoy a cup once in a while",love cup hot choc cold winter month live penna get quite chilly hot coc little sweet taste ive gotten used enjoy cup
567905,B005K4Q68Q,A2RHFQS6K0ERIY,L. Segal,0,0,5,1350432000,Mmmmmm-Mmm Good!,My daughter says this is the very best hot chocolate she has ever had! And I love it because no more spilled envelope messes!,daughter say best hot chocolate ever love spilled envelope mess
567906,B005K4Q68Q,A16XJ5P33M7S1S,ellenp,0,0,5,1350345600,Thanks for the best hot cocoa outthere!,I finally found a hot cocoa for the keurig that isn't too sweet. I made a cup the day it came in the mail and from the first sip I was hooked. From now on this will be the only hot cocoa I drink.,finally found hot cocoa keurig isnt sweet made cup day came mail first sip hooked hot cocoa drink
567907,B005K4Q68Q,A17H97W857Q698,Claudia's hobbies,0,0,5,1350259200,good for all ages,My grandson and husband love to bond drinking this hot chocolate together. I get it every other month.  I can't ever be without it.,grandson husband love bond drinking hot chocolate together get every month cant ever without
567908,B005K4Q68Q,A3LJ6ZJ3MB6NNO,princess1,0,0,2,1349913600,hot chocolate,I thought the Grove hot chocolate is to sweet. It also has an off taste. I would not recommend this to anybody,thought grove hot chocolate sweet also taste would recommend anybody
567909,B003ZS2ID6,A26O21A2OZVHSC,"George D. Darnell ""Beach Lover""",0,0,5,1349740800,The Perfect Bloody Mary Mix,"Whether you drink it plain or with vodka and a celery stick this is the perfect Bloody Mary mix, just like the one on air flights. Hard to find this convenient size in stores. Just pop the top, add ice and vodka, and you are good to go. Great for Sunday brunch at home. Nice knowing I have a case in the pantry for emergencies.",whether drink plain vodka celery stick perfect bloody mary mix like one air flight hard find convenient size store pop top add ice vodka good go great sunday brunch home nice knowing case pantry emergency
567910,B003ZS2ID6,A28UVTIOMBGS7L,wells,0,0,5,1346889600,great drink,best tasting tomato juice on market. mr. and mrs. t's bloody mary mix has such a delightful kick to it that you can't stop drinking after one can.,best tasting tomato juice market mr mr t bloody mary mix delightful kick cant stop drinking one
567911,B003ZS2ID6,A120RS2138W2WT,"Willie ""WG""",0,0,5,1344384000,Convient BM Mix,"This size is great if you're going on vacation or a trip.  A little more expensive, but hard to find on the shelves.",size great youre going vacation trip little expensive hard find shelf
567912,B005Q8BP0U,A1FWI6Y9B0KY19,jamie,0,0,5,1350864000,tasty,My boys have severe allergies. This is something that they enjoy and are able to eat.<br />I love these because they are easy to pack on the go.,boy severe allergy something enjoy able eati love easy pack go
567913,B005Q8BP0U,A2J50FTJOIHXX,smclauchlin,0,0,5,1350518400,Best fig bars ever,These bars are awesome.  I eat one before I work out and they give me lots of energy. I am also on Weight Watchers and they are only 3 points. Not bad for a great snack.,bar awesome eat one work give lot energy also weight watcher point bad great snack
567914,B005Q8BP0U,A32OA5XWJK7BHS,Z. Nasser,0,0,1,1349827200,Didn't taste like figs,"Flavor was off, seeds of figs were there but the rests had a processed flavor or was going bad...not sure what it was...but it definitely didn't taste like figs.",flavor seed fig rest processed flavor going badnot sure wasbut definitely didnt taste like fig
567915,B0030VJ8YU,A236UUZ5DL8ZKJ,Julyoutlaw,0,0,1,1331856000,Yuck!,My 10 month old took one bite made a face and refused the rest. She eats anything. I tried it and so did my husband. It tasted like potting soil and has a very bitter after taste. I feel like some of the veggies are not cooked long enough and thats why its bitter.,month old took one bite made face refused rest eats anything tried husband tasted like potting soil bitter taste feel like veggie cooked long enough thats bitter
567916,B0030VJ8YU,AGVKDNNHSTD20,Roxy0072,0,0,1,1331683200,They call this baby food!?!?,"My 1 year old will eat anything...well that was until I gave him Happybaby Gobble Gobble. Immediately when I opened the package I was turned off by it. It looked and smelled awful...this does not look like tastey baby food at all. Against my better judgement, I still let my son try it. The first bite he choked and gagged. I thought, ""ok, it's just too thick"". So I thinned it out with a bit of formula and tried again. Second bite he spit it out and tried to scrape off what was left on his tongue with his fingers! My son is NOT a picky eater by any means and loves food in general, so I knew this MUST be awful if he wouldn't eat it. Rather than torture my kid, I threw the rest out. Thankfully I had only purchased two pouches at the store before commiting to a pack of 16 on Amazon. If only I had read the reviews first!<br /><br />Bottom line, don't torture your kid with this OR waste your money!",year old eat anythingwell gave happybaby gobble gobble immediately opened package turned looked smelled awfulthis look like tastey baby food better judgement still let son try first bite choked gagged thought ok thick thinned bit formula tried second bite spit tried scrape left tongue finger son picky eater mean love food general knew must awful wouldnt eat rather torture kid threw rest thankfully purchased two pouch store commiting pack amazon read review firstbottom line dont torture kid waste money
567917,B0030VJ8YU,A1J70REBC40O7G,xalsk3v,0,0,3,1331424000,It's just ok,"My baby is a wonderful eater and has loved all of the variety I've given him until this food. He tried it and vomited instantly. I tried the next day and just let him smell it and he vomited again - lol. I tried it too and it was not tasty to me at all. I had two of these packs left so I waited a couple of weeks to try again. He liked it that time. Anyway, don't give up and keep trying because they just may like it after a few tries (or even 15 tries). It's a healthy meal.",baby wonderful eater loved variety ive given food tried vomited instantly tried next day let smell vomited lol tried tasty two pack left waited couple week try liked time anyway dont give keep trying may like try even try healthy meal
567918,B0030VJ8YU,A2NYJV50NHOMFZ,Dumpling,0,0,1,1330128000,"Watery, flavorless, sour","Agree with the reviewers who pointed out this is too watery, acidic, and tomatoe-y. It doesn't taste like beef at all. It's a little sweet from the tomato, not in a good way. I think it's a problem with all Happy Baby foods I've tried--they are all sweet, maybe to appeal to baby's tastes. This works well for the fruits and veggies, but not so much for the meat and chicken. I want my baby to eat savory food too! The texture was not appealing--very mushy with some quinoa globs. Again, where's the meat? I guess I'll stick with the fruit pouches, and make my own baby meats, which my girl loves.",agree reviewer pointed watery acidic tomatoey doesnt taste like beef little sweet tomato good way think problem happy baby food ive triedthey sweet maybe appeal baby taste work well fruit veggie much meat chicken want baby eat savory food texture appealingvery mushy quinoa glob wheres meat guess ill stick fruit pouch make baby meat girl love
567919,B0030VJ8YU,AOWHV1P78VYG0,CC,0,0,1,1329868800,Very thick and dry,"We love happybaby products, our twins like most of them.  Unfortantely this is nothing like the others.  Very dry, paste like.  Babies refused to eat it.",love happybaby product twin like unfortantely nothing like others dry paste like baby refused eat
567920,B0030VJ8YU,A1OLFBL6HQESGP,Christina M,0,0,1,1328140800,My baby and my cat won't eat this!,"We had ordered some of these pouches after trying some other Happy Baby products that my baby loved. These had very little flavor and my baby tried a couple bites and then started to fight me. She even gagged in the process. Bummed that I had ordered a whole box, we tried again to no avail. Next, we  tried to feed it to the cat because she seemed interested when I opened the pouches. My cat won't even eat it. I recommend getting a small quantity to see if your baby likes it before ordering a whole box.",ordered pouch trying happy baby product baby loved little flavor baby tried couple bite started fight even gagged process bummed ordered whole box tried avail next tried feed cat seemed interested opened pouch cat wont even eat recommend getting small quantity see baby like ordering whole box
567921,B0030VJ8YU,A1LYZF2VZCJR51,benmcvay,0,0,5,1327968000,Wonderful Beef Stew by Happy Family,"This Beef Stew is fantastic!  It actually tastes like beef stew, no artificial flavorings or colors.  Everything in it is organic and there is quinoa too.  Babies need to be able to taste what real food tastes like.  This product delivers!  All of the other baby beef stews taste like a mystery and loaded with extra ""stuff"" that babies do not need.  It has great portable packaging for moms on the go.  Great price too!",beef stew fantastic actually taste like beef stew artificial flavoring color everything organic quinoa baby need able taste real food taste like product delivers baby beef stew taste like mystery loaded extra stuff baby need great portable packaging mom go great price
567922,B0030VJ8YU,A32TYCJ4JJVCIM,carrie tutera martin,0,0,5,1327795200,Just Love this Combo!,"One of the things I just love about HAPPYBABY organic baby food is the unique combination of ingredients they offer.  I mean, how many companies utilize quinoa as the primary grain in their baby food?  I love that HAPPYBABY thinks outside the box to come up with an innovative mix of super healthy foods for our babies.  The bananas, black beans and rice work well together, both in taste and texture, and I know this is one meal my baby will gobble down every time.  Did I mention how much I love the portability of these pouches?!  I only wish they had been around when my older daughter was a baby!",one thing love happybaby organic baby food unique combination ingredient offer mean many company utilize quinoa primary grain baby food love happybaby think outside box come innovative mix super healthy food baby banana black bean rice work well together taste texture know one meal baby gobble every time mention much love portability pouch wish around older daughter baby
567923,B0030VJ8YU,AMVZ2L5AOV098,Sunny,0,0,1,1327708800,dried texture and crappy blend for baby food,"I have tried many different flavors from many different brands and by far, this particular flavor from Happy Baby is the worst texture and taste that I ever bought for my baby.  My baby just doesn't like it.  I let her try it three times and she just hates the texture and the taste.  I don't why they made the food so dry to begin with.  Turkey itself gives a little dried texture compared to chicken and they should have taken that into consideration.  And the food is so lumpy and it's not even in good chunky blend either.  In the end it was a total waste of money to buy this product.",tried many different flavor many different brand far particular flavor happy baby worst texture taste ever bought baby baby doesnt like let try three time hate texture taste dont made food dry begin turkey give little dried texture compared chicken taken consideration food lumpy even good chunky blend either end total waste money buy product
567924,B0030VJ8YU,A35FE2L51D55,Olga,0,0,3,1327449600,Healthy but not eatable,The ingredients are just great that's why I ordered it but when I opened the pouch and tasted... I know it's very healthy but this meal is not eatable.  I have ended up adding few spoons to meals I cook or just other baby food but this is it.,ingredient great thats ordered opened pouch tasted know healthy meal eatable ended adding spoon meal cook baby food
567925,B0030VJ8YU,A1UFPQ3C1MI3QC,Kate Wolf,0,0,5,1326585600,Great Product & Reasonable Price!,"Love this product!  Our daughter couldn't have soy or dairy so we really struggled to find food she could eat, not to mention organic food that fit that profile.  Loved this product, highly recommended!",love product daughter couldnt soy dairy really struggled find food could eat mention organic food fit profile loved product highly recommended
567926,B0030VJ8YU,A219WUOP4BNUX1,C. Jones,0,0,5,1325980800,Fish for baby!,"Fish has that all important DHA that helps brain and eye development so I went looking for a baby food with fish. I was so excited to find WILD CAUGHT salmon in a baby food (wild caught salmon does not have the mercury content other fish have)! Plus it has other super foods such as lentils, sweet potatoes, and carrots! But all this goodness is only good if baby will eat it and she gobbled it right up!!",fish important dha help brain eye development went looking baby food fish excited find wild caught salmon baby food wild caught salmon mercury content fish plus super food lentil sweet potato carrot goodness good baby eat gobbled right
567927,B0030VJ8YU,A1ZEB03H86WI3F,April Humphrey,0,0,3,1324944000,"I think it tastes great, but my daughter will have nothing to do with it","We bought a 16 pack and have 13 left.  Of the 3 that we tried, she never once finished a single pouch.  I tried it and was really surprised because it is well seasoned with herbs and spices compared to other things she will eat.  It could be the texture - I don't know.  It's a little mushy, like baby food.  Probably would be better with pasta instead of amaranth, although I appreciate the diversity of grains.  Anyway, I love it, she hates it, so 3 stars.",bought pack left tried never finished single pouch tried really surprised well seasoned herb spice compared thing eat could texture dont know little mushy like baby food probably would better pasta instead amaranth although appreciate diversity grain anyway love hate star
567928,B0030VJ8YU,A3VTWM27O0SZ42,"A. Grinins ""First time mom""",0,0,5,1324944000,So good with an avocado!,"This has been my baby's (now 21 months) favorite since he was 10 months old. He seemed to be bored of it after a couple of months. My husband then was going to claim the rest of pouches as his snacks and started to have it with an Avocado, my son reached for it. So now, we mashed, somewhat, an avocado in the Ratatouille and he would inhale it down in no time! It's also a go-to meal when we are having spicy grown-up food and I'm too lazy to cook him up something else. It also helps him ""go"" regularly.",baby month favorite since month old seemed bored couple month husband going claim rest pouch snack started avocado son reached mashed somewhat avocado ratatouille would inhale time also goto meal spicy grownup food im lazy cook something else also help go regularly
567929,B0030VJ8YU,A2EP2E4UMM19LC,my opinion,0,0,3,1324512000,Try Before You Buy in Bulk,"My son is not a picky eater, but he really doesn't like this flavor.  I love the HappyBaby brand in general and so does my son, who is 11 months old.  I'm not saying this is a bad product, but I definitely would not buy it in bulk before you let your child try it.  You are much safer doing that with the fruit/veggie mixes.  Try before you buy seems like common sense.  However, the only store that carries this brand locally for me (Target) has a very limited selection so I couldn't let my son try this flavor before I bought it.  I imagine that is the same for other people shopping on-line.  I thought I could mix it with something else if he didn't care for it, but he will have nothing to do with it, mixed or otherwise.  I have to say that I agree with another review that says it looks & smells like cat food.  I try all of the food I feed my son and thought this product was bland, bordering on bad tasting.  I give it 3 stars, because I think this product is definitely not for everyone, and more of an acquired taste.  I highly recommend HappyBaby though!",son picky eater really doesnt like flavor love happybaby brand general son month old im saying bad product definitely would buy bulk let child try much safer fruitveggie mix try buy seems like common sense however store carry brand locally target limited selection couldnt let son try flavor bought imagine people shopping online thought could mix something else didnt care nothing mixed otherwise say agree another review say look smell like cat food try food feed son thought product bland bordering bad tasting give star think product definitely everyone acquired taste highly recommend happybaby though
567930,B0030VJ8YU,A3GSXKWS1B8435,"Sofia Van Nostrand ""S Nostrand""",0,0,4,1323388800,Baby Loved It!,"My daughter loved this because it was chunkier than the Earth's Best stage 3 foods.  The only thing is that while Earth's Best is cheaper through Amazon Mom, this is actually cheaper through Fresh Direct, so we get our through them.",daughter loved chunkier earth best stage food thing earth best cheaper amazon mom actually cheaper fresh direct get
567931,B0030VJ8YU,A30OVBJRKPYLJA,AEM,0,0,2,1322697600,They are kind of gross,"My daughter is not very picky, and would usually eat anything. I got her to eat about half a pouch the first time I introduced them to her, but it was a losing battle after that. They don't smell pleasant nor do they look appetizing. I really wanted to like these too, because they looked to be quite healthy.",daughter picky would usually eat anything got eat half pouch first time introduced losing battle dont smell pleasant look appetizing really wanted like looked quite healthy
567932,B0030VJ8YU,AKFIAOIN67MML,VW88,0,0,4,1322438400,Good stuff,"Baby loves this.  She is 14 months old and I scoop it into her bowl and she feeds herself.  I love that it is salmon, which I don't buy for the family, so she is eating healthier than we do! It would be nice it this food were a little easier removed from the package to ensure getting every ounce of goodness, but still love the pouches better than other packages for travel and storing ease.  My older children are always asking to have some of the baby's food.",baby love month old scoop bowl feed love salmon dont buy family eating healthier would nice food little easier removed package ensure getting every ounce goodness still love pouch better package travel storing ease older child always asking baby food
567933,B0030VJ8YU,A5993LK5CYHAA,"Alice M ""Alice M""",0,0,2,1321574400,It does not taste good,"My baby does not like this kind. I do not like it either, it tastes fishy. Salmon is good for baby brain development. I tried to put butter or some seasoning to cover the fishy taste, but my son still does not want to eat it. He like other happy baby product like spinah, mango and pear, blue berries, banana and beet and broccoli, pear and peas. This one needs seasoning or I will not eat it either.",baby like kind like either taste fishy salmon good baby brain development tried put butter seasoning cover fishy taste son still want eat like happy baby product like spinah mango pear blue berry banana beet broccoli pear pea one need seasoning eat either
567934,B0030VJ8YU,ATL9UZL47S38Y,ForPJ,0,0,5,1321315200,*Less Sodium than other brands,"My baby loves this salmon combination a lot more than the popular chick chick (which is actually her least favorite). Yes, it does stink... its fish! I don't care for fish myself, smell or taste, but she digs this and its good for her. This brand has a much lower sodium content than plum and sprout and is cheaper on a different website. I make most all of her other foods but am not quite ready to tackle preparing meat so Happy Baby has been great for introducing chicken, fish, beef, and turkey.",baby love salmon combination lot popular chick chick actually least favorite yes stink fish dont care fish smell taste dig good brand much lower sodium content plum sprout cheaper different website make food quite ready tackle preparing meat happy baby great introducing chicken fish beef turkey
567935,B0030VJ8YU,A1S6HK2R1KUC5E,data1701,0,0,5,1318291200,Triplets love this!,"This is great!  It smells great!  I love all of the vegetables in it.  Texture is not chunky and is eaten very well by my triplets, even the one with just 4 teeth.",great smell great love vegetable texture chunky eaten well triplet even one teeth
567936,B0030VJ8YU,A1S6HK2R1KUC5E,data1701,0,0,5,1318291200,Triplets love this!,This food is great!  My triplets love it.  I thought it tasted great too!  If I need to go on puree food I want this.,food great triplet love thought tasted great need go puree food want
567937,B0030VJ8YU,A20ZK5RX5QY1YP,"Danni ""mommy of 3""",0,0,5,1317945600,13 month old loves it !,"My son loves chick chick. This is the only baby food he will still eat. It is a little messy to open sometimes, but not a big deal.",son love chick chick baby food still eat little messy open sometimes big deal
567938,B0030VJ8YU,A90I4J49NU3XN,Amy W,0,0,3,1317772800,So so,"My 18 month old likes them, but he will eat pretty much antying. My pediatrician suggested increasing my 3 year old's protein. I saw these online and saw they have a ton of protien.<br />They arrived in the mail right away, and my 3 year old is not a big fan. She loves the Plumb brand fruit and veggie pouches and likes to suck them straight from the pouch. It is not very easy to suck it straight out of these pouches. I have been able to cut a small spot on the corner to make it work, but putting it in a bowl and using a spoon made it loose much of the thrill.<br />My 18 month old likes them, but I'm not sure I'll get my older one on the band wagon.",month old like eat pretty much antying pediatrician suggested increasing year old protein saw online saw ton protienthey arrived mail right away year old big fan love plumb brand fruit veggie pouch like suck straight pouch easy suck straight pouch able cut small spot corner make work putting bowl using spoon made loose much thrillmy month old like im sure ill get older one band wagon
567939,B0030VJ8YU,A2MF0C4E7GYCI,"VW ""VW""",0,0,5,1317686400,My son loves this,"My son loves this food.  He is 16 months now and I still use them.  Not all the time, but often.  The reason is that his molars are coming in very quickly and he is in a lot of pain.  He won't eat much when he's in pain, but these are easy on his gums.  They are organic and a quick meal.  My son is strong and a very healthy weight.  I make sure he gets as much organic, wholesome food as possible.  Buying these subscribe and save is a great way to give him good food and still save money.  He loves the whole line.",son love food month still use time often reason molar coming quickly lot pain wont eat much he pain easy gum organic quick meal son strong healthy weight make sure get much organic wholesome food possible buying subscribe save great way give good food still save money love whole line
567940,B0030VJ8YU,AL4269Y3JX766,NewMama,0,0,5,1317168000,Baby loved this on the first try!!!,"We tried this for the first time while on vacation this month(risky, I know...) and to our surprise our happy baby(13 mths) loved it! No problems, smelled delicious and gobbled it all up!  Definate must try! Signed up for regularly delivery!",tried first time vacation monthrisky know surprise happy baby mths loved problem smelled delicious gobbled definate must try signed regularly delivery
567941,B0030VJ8YU,A3PXG657WQEMKZ,"R Fitz ""Rachel""",0,0,5,1317168000,"yay! NOT SWEET , finally!!","I love the happy baby and similar brands of organic baby food in pouches, but they have one MAJOR downfall in my eyes- most of the blends are SUPER SWEET. It's difficult to find many pouches with just vegetables, and no super sweet fruits mixed in. I hate the idea of teaching my child that everything MUST taste sweet (spinach, broccoli, peas, etc- they're always mixed with mango, pear, apple, etc- they always just taste like fruit.) I LOVE that he Amaranth Ratatouilli is not sweet at all- it actually tastes like vegetables!! My child loves it. We frequently mix it into other things- pasta, rice, etc. It's great topped with cheese. One bit of warning though- this blend seems pretty acidic, so babies with sensative tummies might have trouble- I would just mix it in smaller portions with pasta or something else.",love happy baby similar brand organic baby food pouch one major downfall eye blend super sweet difficult find many pouch vegetable super sweet fruit mixed hate idea teaching child everything must taste sweet spinach broccoli pea etc theyre always mixed mango pear apple etc always taste like fruit love amaranth ratatouilli sweet actually taste like vegetable child love frequently mix thing pasta rice etc great topped cheese one bit warning though blend seems pretty acidic baby sensative tummy might trouble would mix smaller portion pasta something else
567942,B0030VJ8YU,A27OAX5V79RRKG,Scott T.,0,0,5,1317081600,The kid likes it!,"Mama Grain and Amaranth Ratatouille from Happy Baby have been long-time favorites since my son was about 10 months old. Even now he is a toddler, he still eats Mama Grain on occasion - it's good to take with us if we're eating out and he's being picky about what's available. It's thick and filling enough to supplement his meal. It has a sweetness from the bananas, obviously, but the black beans and the quinoa grain also help making it more lasting. So full of goodness! I agree the taste seems a little weird at first to us adults, but I actually like that's a different flavor - help to keep his taste buds open to different tastes, hopefully...",mama grain amaranth ratatouille happy baby longtime favorite since son month old even toddler still eats mama grain occasion good take u eating he picky whats available thick filling enough supplement meal sweetness banana obviously black bean quinoa grain also help making lasting full goodness agree taste seems little weird first u adult actually like thats different flavor help keep taste bud open different taste hopefully
567943,B0030VJ8YU,A2IRI9FQ3Y2THO,MomHaydee,0,0,5,1315267200,Great texture and tastes delicious,"The Happy Baby Chick Chick is delicious and my baby loves it.  It's a hearty puree, not so runny.  It's got little pea sized pieces of chicken and pasta in it which she loves to gum on.  It smells good and tastes good.  I like that it's organic and wholesome.",happy baby chick chick delicious baby love hearty puree runny got little pea sized piece chicken pasta love gum smell good taste good like organic wholesome
567944,B0030VJ8YU,A2IRI9FQ3Y2THO,MomHaydee,0,0,1,1315267200,"Dry, looks like cat food",I purchased the Turkey pouches because my 8 month old loved the Chick Chick.  This is nothing like the Chick Chick.  This looks like a dry paste and it smells bad too.  Currently I'm mixing them with a jar of the Earth's Best Organics 2oz veggie jar in order to give it some texture other than cat food.  This is absolutely nothing like the Chick Chick with is a hearty puree with actual pieces of chicken and pasta.  I would not recommend it.,purchased turkey pouch month old loved chick chick nothing like chick chick look like dry paste smell bad currently im mixing jar earth best organic oz veggie jar order give texture cat food absolutely nothing like chick chick hearty puree actual piece chicken pasta would recommend
567945,B0030VJ8YU,A8YXPPCCH0NFT,Becky,0,0,5,1313971200,The best salmon out there,"This is the only way I can get my daughter to eat fish.  I often add extra coconut oil and cinnamon to improve the taste though.  She didn't like it the first time, but after a few attempts she enjoys it.  She screams when I try to feed her any other brand of salmon, and so I think this one is worth a try.  If they don't like it, just mix it with something they do like. Great ingredients, great product.",way get daughter eat fish often add extra coconut oil cinnamon improve taste though didnt like first time attempt enjoys scream try feed brand salmon think one worth try dont like mix something like great ingredient great product
567946,B0030VJ8YU,A3DKU9YHKL58AQ,Swapneil Deshmukh,0,0,2,1312329600,My kids don't like it :(,"Cons:<br />1. Neither of my children liked the taste. They loved Earth's Best, even the vegetables.<br />2. It is not as convenient as the Earth's Best when travelling since you have to carry a spare container to serve this.<br /><br />Pros:<br />1. BPA free packaging<br />2. Organic and preservative free.<br /><br />The lining of the lids in Earth's Best is reported to contain BPA. My search for quality baby food continues...",con neither child liked taste loved earth best even vegetable convenient earth best travelling since carry spare container serve thispros bpa free packaging organic preservative freethe lining lid earth best reported contain bpa search quality baby food continues
567947,B0030VJ8YU,A3FIV3X7H4VLI7,mandm,0,0,3,1310601600,Not as good,"My daughter did not like this flavor, she will eat it with a little bit of vegetable or fruit puree every other bite.  It is a bit of a struggle, and honestly it is a strong fishy smell coming out of the package.  This is also a chunkier and drier pouch compared to the other flavors.",daughter like flavor eat little bit vegetable fruit puree every bite bit struggle honestly strong fishy smell coming package also chunkier drier pouch compared flavor
567948,B0030VJ8YU,A3FIV3X7H4VLI7,mandm,0,0,4,1310601600,pretty good,"My daughter likes these foods, but is not as keen on this flavor.  I think it is the the texture, this flavor is a little drier and more crumbly than the other flavors.  However, if I am not worried about the mess it almost makes a decent finger food for her.",daughter like food keen flavor think texture flavor little drier crumbly flavor however worried mess almost make decent finger food
567949,B0030VJ8YU,A3FIV3X7H4VLI7,mandm,0,0,5,1310601600,great food,"I got this food for my little one in all the flavors.  I have to say the chicken is her favorite.  The pouch is great for traveling, and is a good portion size.  The consistency is a little chunky, just right for mine with 4 teeth.  One pouch and some finger foods is perfect for her.",got food little one flavor say chicken favorite pouch great traveling good portion size consistency little chunky right mine teeth one pouch finger food perfect
567950,B0030VJ8YU,A2EHRGG31PJ52G,joanie,0,0,1,1310083200,YUCK!!,I'm sure this Mama Grain is pretty healthy but it taste disgusting. Even my daughter who is not a picky eater refuse to eat this. The combination of sweet banana and beans doesn't go well at all.,im sure mama grain pretty healthy taste disgusting even daughter picky eater refuse eat combination sweet banana bean doesnt go well
567951,B0030VJ8YU,AYPBBOCW24BIY,"J. C. Feldman ""Armchair Shopper""",0,0,2,1309392000,Very fishy...too fishy,"So fishy that our cat is all over this the moment I cut the packaging open.  The smell is very strong.  My baby did not take to it.  It is our cat's food now.<br /><br />Their other products are much better, but this one is way too fishy.  It doesn't smell pleasant when you go out to a friend's house or restaurant.  If I just wipe the spoon and bowl without washing after feeding this and put it back in the backpack, after I get home the whole thing reeks.",fishy cat moment cut packaging open smell strong baby take cat food nowtheir product much better one way fishy doesnt smell pleasant go friend house restaurant wipe spoon bowl without washing feeding put back backpack get home whole thing reek
567952,B0030VJ8YU,A3T4WDFS8S1G1X,jenny brown,0,0,1,1308614400,didn't love it!,I was so hoping she would like this because it is so healthy and would be easy to take camping and out to dinner...but she wouldn't eat any of it and kept spitting it out. I gave it to the dogs and they loved it and I am sure it is healthy for them!,hoping would like healthy would easy take camping dinnerbut wouldnt eat kept spitting gave dog loved sure healthy
567953,B0030VJ8YU,A2RGUV9NZRHVQY,L. Holland,0,0,1,1307923200,Had to throw out...,This is seriously the ONLY food we have purchased that my baby rejected EVER.  She has eaten everything we've given her.  Poor thing gagged and gagged every spoon I tried...,seriously food purchased baby rejected ever eaten everything weve given poor thing gagged gagged every spoon tried
567954,B0030VJ8YU,A2L97813WOG1V2,Carina,0,0,5,1307404800,Love! Love! Love!,"My son is a little foodie and at 10 months has REFUSED to eat anything other then home made food. Lately I had started to become overwhelemed because I was coolong 3 different meals and I was worried that I wasn't making my son balanced meals. Insert Happybaby Super Salmon. Oh my god, he LOVES it! He eats the entire package. Some reviewers complained about the smell and yeah it smells kind of gross but it is FISH and fish isnt known for having the best odor. I would definetly recommend.",son little foodie month refused eat anything home made food lately started become overwhelemed coolong different meal worried wasnt making son balanced meal insert happybaby super salmon oh god love eats entire package reviewer complained smell yeah smell kind gross fish fish isnt known best odor would definetly recommend
567955,B0030VJ8YU,A2CW96MG1IB65L,Lola,0,0,2,1307404800,I wish my toddler liked it,"I really wish my toddler liked this. It seems to be very high quality and it would provide more variety in his diet. Every so often he'll eat it, but it usually needs to be mixed with something else.  I think it tastes fine, but it wasn't a hit. I bought a case so I keep trying.",really wish toddler liked seems high quality would provide variety diet every often hell eat usually need mixed something else think taste fine wasnt hit bought case keep trying
567956,B0030VJ8YU,A3P9MK4EKMA892,PeruMom,0,0,1,1306800000,Yuck!,"I (and my little guy) have loved almost all other happy baby products, but this was revolting.  On the up side, my dog loves it . . .",little guy loved almost happy baby product revolting side dog love
567957,B0030VJ8YU,A3MJNJLRCJWO9V,JessicaH,0,0,2,1305331200,Smells like cat food,I wanted this for the omega 3's but my daughter wouldn't eat this.  It really smells and looks like cat food.,wanted omega daughter wouldnt eat really smell look like cat food
567958,B0030VJ8YU,A2MF0C4E7GYCI,"VW ""VW""",0,0,5,1305331200,My son loves this,"My son loves this food.  He is 16 months now and I still use them.  Not all the time, but often.  The reason is that his molars are coming in very quickly and he is in a lot of pain.  He won't eat much when he's in pain, but these are easy on his gums.  They are organic and a quick meal.  My son is strong and a very healthy weight.  I make sure he gets as much organic, wholesome food as possible.  Buying these subscribe and save is a great way to give him good food and still save money.  He loves the whole line.",son love food month still use time often reason molar coming quickly lot pain wont eat much he pain easy gum organic quick meal son strong healthy weight make sure get much organic wholesome food possible buying subscribe save great way give good food still save money love whole line
567959,B0030VJ8YU,A2MF0C4E7GYCI,"VW ""VW""",0,0,5,1305331200,My son loves this,"My son loves this food.  He is 16 months now and I still use them.  Not all the time, but often.  The reason is that his molars are coming in very quickly and he is in a lot of pain.  He won't eat much when he's in pain, but these are easy on his gums.  They are organic and a quick meal.  My son is strong and a very healthy weight.  I make sure he gets as much organic, wholesome food as possible.  Buying these subscribe and save is a great way to give him good food and still save money.  He loves the whole line.",son love food month still use time often reason molar coming quickly lot pain wont eat much he pain easy gum organic quick meal son strong healthy weight make sure get much organic wholesome food possible buying subscribe save great way give good food still save money love whole line
567960,B0030VJ8YU,A2ZXD6328TA3WY,Brit abroad - NJ,0,0,2,1305244800,Shop-rite price,"This is a really good product but not a great price.  Shop-rite's normal price is the same as the subscribe and save price.  They however have it on special offer so it is cheaper still, yet you don't have to buy 16 at once.",really good product great price shoprites normal price subscribe save price however special offer cheaper still yet dont buy
567961,B0030VJ8YU,A3LFOYGPCS5EOA,J. McElliott,0,0,4,1304380800,Happy Salmon Eating Baby,"I was worried about it before I served it to my 12 month old... but after a tentative first session (there is a pretty strong salmon smell, and he seems opposed to strong scents), he's since eaten this package w/o problem, and finishes it every time!  We're pretty pleased with this meal - great texture and I feel good that he's getting some salmon in his diet.  We had one instance of diarrhea after eating this for lunch, but since it only happened once, I'm not 100% sure that it was because of the salmon package, but definitely I keep an eye for now.  It might have been one bad package in the stack... so it's still probably advisable to not serve this if you're going to be away from home :).",worried served month old tentative first session pretty strong salmon smell seems opposed strong scent he since eaten package wo problem finish every time pretty pleased meal great texture feel good he getting salmon diet one instance diarrhea eating lunch since happened im sure salmon package definitely keep eye might one bad package stack still probably advisable serve youre going away home
567962,B0030VJ8YU,A137UIJXQZ2KFQ,JamieMcD,0,0,3,1304294400,"Healthy, maybe. Smells/looks like cat food","I really like the Happy Baby ""Chick Chick"" pouches and thought this would be a great way to introduce seafood to our baby. However, the consistency is much different - much thicker than the chicken pouch, and the smell! Well you definitely know it's seafood! It reminds me much too much of cat food.<br /><br />All is not lost - our little guy would eat it, provided I dunked each bite in some pureed sweet potato or squash first. But, I don't think we'll be buying this flavor again.",really like happy baby chick chick pouch thought would great way introduce seafood baby however consistency much different much thicker chicken pouch smell well definitely know seafood reminds much much cat foodall lost little guy would eat provided dunked bite pureed sweet potato squash first dont think well buying flavor
567963,B0030VJ8YU,A3M5Q1AKBTBL85,"Monica ""MONICA""",0,0,3,1303948800,I wish my kid liked this,we tried some other organic baby foods lately and she loved them but unfortunately she hates HATES HATES this food.  She's never had such a reaction to any food before but actually cried and screamed at the first taste of this.  I guess it's just not for her.  We've given her other foods from happy baby and she's loved them but this one she will not eat.  Too bad I bought a huge package!,tried organic baby food lately loved unfortunately hate hate hate food shes never reaction food actually cried screamed first taste guess weve given food happy baby shes loved one eat bad bought huge package
567964,B0030VJ8YU,A12WA0NDY18R6W,"Harrod Mom ""harrodk""",0,0,5,1303948800,Yummy organic baby food,This baby food is both convenient and healthy. it's great to not worry about what my son is eating and be able to grab this when I'm in a pinch!,baby food convenient healthy great worry son eating able grab im pinch
567965,B0030VJ8YU,A3AUPMMX3Q6JD9,linda halim,0,0,5,1299628800,my picky baby loves this,my super picky baby loves this. it taste good.packaging are so convenient too. when she wont eat anything else i always resort to this.,super picky baby love taste goodpackaging convenient wont eat anything else always resort
567966,B0030VJ8YU,A4DTM6B4IBYQX,C.O.,0,0,5,1298851200,Texture and taste,"This is great baby food.  It has an interesting texture that our baby likes in her mouth, and she loves the taste.  I love that she gets protein that is more than puree, but not so thick she can choke.",great baby food interesting texture baby like mouth love taste love get protein puree thick choke
567967,B0030VJ8YU,A1HW28P8ONVBH2,SM&A,1,2,1,1305676800,did not meet my expectations,"My baby and I both loved the stage 1 Happy Baby pouches that we tried, so I had high hopes for this as well. To my dismay, it smelled like cat food and was gritty. I expected there to be more morsels of food,  but this was just mush. My son took a few bites and refused to eat any more.",baby loved stage happy baby pouch tried high hope well dismay smelled like cat food gritty expected morsel food mush son took bite refused eat
567968,B0030VJ8YU,A1N8YWKJVXVXKY,buymorenow,1,2,5,1300752000,Natural fish oil for your baby. Stinky!,I have to give it to the makers of this line of organic baby food. This stuff is obviously high quality. It smells very fishy even though salmon is not one of the first listed ingredients. Again I was surprised but my little guy wolfed it down repeatedly. I was happy to find an organic fish food for my baby. Thumbs up.,give maker line organic baby food stuff obviously high quality smell fishy even though salmon one first listed ingredient surprised little guy wolfed repeatedly happy find organic fish food baby thumb
567969,B0030VJ8YU,A1G0U51YRASVP5,Shannon Eisel,1,2,3,1298246400,Not so hot,"My baby loves Happy Baby's Chick Chick meal, so we tried the salmon. It is the first food that my 11 month old has ever spit back at me. I tried to feed him this four different days to see if he would get used to it, or change his mind. No luck. It's too bad that you can only purchase them in lots of 16.... lots of leftover salmon here.",baby love happy baby chick chick meal tried salmon first food month old ever spit back tried feed four different day see would get used change mind luck bad purchase lot lot leftover salmon
567970,B0030VJ8YU,A2RD22RNVOKNJB,christina,0,1,5,1332806400,Good,"My baby like this very much.I think the salmon is delicious,the salmon is good food,it can make my baby happy.",baby like muchi think salmon deliciousthe salmon good foodit make baby happy
567971,B0030VJ8YU,A90I4J49NU3XN,Amy W,0,1,3,1317772800,"My 18 month old liked it, my 3 year old did not.","My pediatrician suggested increasing my 3 year old's protein, and try upping the fish. I saw these online and saw they have a ton of protien, and were salmon.<br />They arrived in the mail right away, and my 3 year old is not a big fan. She loves the Plumb brand fruit and veggie pouches and likes to suck them straight from the pouch. It is not very easy to suck it straight out of these pouches. I have been able to cut a small spot on the corner to make it work, but putting it in a bowl and using a spoon made it loose much of the thrill.<br />My 18 month old likes them, but I'm not sure I'll get my older one on the band wagon.",pediatrician suggested increasing year old protein try upping fish saw online saw ton protien salmonthey arrived mail right away year old big fan love plumb brand fruit veggie pouch like suck straight pouch easy suck straight pouch able cut small spot corner make work putting bowl using spoon made loose much thrillmy month old like im sure ill get older one band wagon
567972,B0030VJ8YU,A2KH0LR5G24O1Y,Jen,0,1,4,1315353600,Not bad!,"Okay, it does smell kind of like cat food. But it is packaged fish, which I think is what cat food is, so I guess that's not a huge surprise. My daughter really likes it, and I like that it's good for her, so overall we give this our seal of approval.",okay smell kind like cat food packaged fish think cat food guess thats huge surprise daughter really like like good overall give seal approval
567973,B0030VJ8YU,A2GV478E8T0QGN,LadyK,0,1,1,1313020800,I'd rather make this combination myself,"I believe the concept and the intended combination of ingredients is nutritious and may be delicious BUT not in this little package.  My 11 month old daughter took one bite and literally spit it out.  I tasted it and it was so lacking flavor.  I'll be making this combination for her on my own in our Beaba BabyCook.  The other fruit and veggie combinations are great, but this offering missed the mark completely.",believe concept intended combination ingredient nutritious may delicious little package month old daughter took one bite literally spit tasted lacking flavor ill making combination beaba babycook fruit veggie combination great offering missed mark completely
567974,B0030VJ8YU,ANDG3FQ7BNTUR,ta-da,0,1,1,1306108800,def more like cat food - baby did not like at all,"I don't see how there can be good quality salmon in this or lentils.....it is mostly potato and pollack (substitute cheap fish) --- this is really terrible for organic baby food - ugh, if i only had a cat to feed it to....",dont see good quality salmon lentilsit mostly potato pollack substitute cheap fish really terrible organic baby food ugh cat feed
567975,B0030VJ8YU,A2BT4NQWOUS5C0,sandybeaches,0,1,5,1283299200,Easy and tasty,"These pouches are the next best to homemade.  When I don't have time to steam and blend my own baby food, I always reach for happy baby!",pouch next best homemade dont time steam blend baby food always reach happy baby
567976,B0030VJ8YU,A2IRI9FQ3Y2THO,MomHaydee,1,3,1,1315267200,Smells and looks like cat food,"I purchased two boxes of this because previously I had purchased Happy Baby Chick Chick and my daughter loved it.  When I opened this pouch up I couldn't believe the smell and texture of the ""food"".  It smells just like cat food because it's fish.  And the texture is just like canned cat food.  I have two boxes of this that I can't use because my daughter gags as soon as I bring the spoon up to her mouth.  I don't blame her, I'm gagging as soon as I tear the package open.  The nutritional facts are outstanding but they need to make it taste and look better.  The Happy Baby Chick Chick is an actual hearty puree with pieces of chicken and pasta.  This is not even close.",purchased two box previously purchased happy baby chick chick daughter loved opened pouch couldnt believe smell texture food smell like cat food fish texture like canned cat food two box cant use daughter gag soon bring spoon mouth dont blame im gagging soon tear package open nutritional fact outstanding need make taste look better happy baby chick chick actual hearty puree piece chicken pasta even close
567977,B0030VJ8YU,A3VX9G8YEOD2XO,A. Connercoash,3,7,3,1288656000,Didn't sit well with my baby,I got a few different flavors of the HAPPYBABY food and this one in particular causes my daughter to gag and vomit. My daughter does not have a weak stomach by any means and eats a lot of different foods. But for whatever reason when she eats this flavor it comes right back out. After the third try I am giving up and concluding there is something wrong with this item.<br /><br />Even more disappointed that there is no option to return it with Amazon. I did however reach out to HAPPYBABY directly and are working with them to make this purchase a positive experience. For that I have changed my review from 1 stars to 3 stars.<br /><br />For now I will stick with the Chick Chick and Gobble Gobble flavors!,got different flavor happybaby food one particular cause daughter gag vomit daughter weak stomach mean eats lot different food whatever reason eats flavor come right back third try giving concluding something wrong itemeven disappointed option return amazon however reach happybaby directly working make purchase positive experience changed review star starsfor stick chick chick gobble gobble flavor
567978,B0030VJ8YU,A1N8YWKJVXVXKY,buymorenow,0,2,1,1300752000,sent me the wrong food,I ordered this one and the salmon but I got two salmon instead. I bet this one would be good if I ever got it.,ordered one salmon got two salmon instead bet one would good ever got
567979,B0030VJ8YU,ADKZU3Q9R6AS9,phamis,0,3,1,1319241600,"what baby does not like,","Please do not send the salmon as baby will no eat it, please send the chicken on Happybaby Organic Baby Food. I am to received this once a month.<br /><br />Marlene layman",please send salmon baby eat please send chicken happybaby organic baby food received monthmarlene layman
567980,B0030VJ8YU,A2BTKW7194ON92,William R Hardy,1,5,2,1301356800,Cooked?,"My son wouldn't eat it either! I tasted it... I would not eat it, also. Tasteless, unappetizing in texture and  flavor.<br />It says ""minimal processing""... does that mean it is not even cooked? No wonder our babies and toddlers hate it!!! I would NEVER knowingly feed my child or myself RAW meat.",son wouldnt eat either tasted would eat also tasteless unappetizing texture flavorit say minimal processing mean even cooked wonder baby toddler hate would never knowingly feed child raw meat
567981,B0030VJ8YU,A19SXBQWY5Y4YW,Kiersten Yost,5,13,3,1290556800,Ish,"I generally make all of LO's food organic from scratch (yes, I work full-time, but this is important to me, so I make the time).  However, I've tried a few pre-packaged foods...and while LO loves the taste of Chick Chick, and I like that it is more well-rounded than most others, I absolutely hate this packaging.  If my little one decides he doesn't want to finish the package after three bites, the rest is total waste...or I have to scoop it into a different container to store until he's ready to finish.<br />Absolutely love the item, but hate the packaging.",generally make los food organic scratch yes work fulltime important make time however ive tried prepackaged foodsand lo love taste chick chick like wellrounded others absolutely hate packaging little one decides doesnt want finish package three bite rest total wasteor scoop different container store he ready finishabsolutely love item hate packaging
567982,B0030VJ8YU,A2HZHNQHJOFQBW,SWN,15,15,1,1330041600,WARNING RECIPE CHANGED AS OF FEBRUARY 2012,"My daughter absolutely used to love the original version of the Chick Chick baby food (with Chicken, Sweet Potatoes, and Brown Rice). Unfortunately, the recipe has apparently just been updated (though not reflected on Amazon's page as of 2/24/2012) to include totally different ingredients (except for the chicken). Now my daughter absolutely refuses to eat this product. The consistency and flavor seem to have drastically changed. Hopefully your child will enjoy the new blend, but I wanted to provide a warning for those of you that may have tried the other version...",daughter absolutely used love original version chick chick baby food chicken sweet potato brown rice unfortunately recipe apparently updated though reflected amazon page include totally different ingredient except chicken daughter absolutely refuse eat product consistency flavor seem drastically changed hopefully child enjoy new blend wanted provide warning may tried version
567983,B0030VJ8YU,A2QXF249LSQPSQ,"K. Wheeler ""Miss Kris""",12,12,5,1289174400,Healthy Alternative for Working Moms,"I give props to any mom, especially one that holds down a full time job or two, that can puree and strain her own food.  If that's you, hat's off.  You're my hero.  I'm no superhero, so my goal was to find the best quality, best tasting food with minimal processing.  Let's face it, there are plenty of organic options out there.  And these days, I think most of them are good.  The little man likes the Gerber organics fruits.  They're easy to find and inexpensive.  But hands down, the Happy Baby products are the best quality, best tasting (in my opinion) and most convenient of them all.  The pouches are great, especially for when we're on the go.  We can eat the fruit varieties without even putting on a bib.  The Chick Chick is the man's favorite (bib required).  The negative is that they're about twice the price of the Gerber fruits and meats.  So if you're on a budget, this may be a bit of a stretch.  Nonetheless, keep some pouches around for when you travel.  Baby will love them!",give prop mom especially one hold full time job two puree strain food thats hat youre hero im superhero goal find best quality best tasting food minimal processing let face plenty organic option day think good little man like gerber organic fruit theyre easy find inexpensive hand happy baby product best quality best tasting opinion convenient pouch great especially go eat fruit variety without even putting bib chick chick man favorite bib required negative theyre twice price gerber fruit meat youre budget may bit stretch nonetheless keep pouch around travel baby love
567984,B0030VJ8YU,A4DTM6B4IBYQX,C.O.,9,9,5,1296950400,L O V E Chick Chick,"I make a lot of my own baby food, but was not about to make a meat baby food. After buying a few different purees, I tried Chick Chick.  My fussy 9 month old LOVED it instantly. I don't know if it is the flavor or the texture (nice with some small bits in it), but she gobbles it down.  It is worth the price (especially if you do subscribe and save) and I am pleased that she is getting a high quality protein meal and I don't have to puree chicken!",make lot baby food make meat baby food buying different puree tried chick chick fussy month old loved instantly dont know flavor texture nice small bit gobble worth price especially subscribe save pleased getting high quality protein meal dont puree chicken
567985,B0030VJ8YU,ATIHDHZYNQ0EI,"Kristen O'donnell ""twinsmom""",8,8,5,1270425600,Organic and Tasty!,"I have 12 month olds and no time to write a great review, but they like all the flavors, the textures are great, and the pouches open easily. They don't reseal, but that's fine because there are never leftovers.",month old time write great review like flavor texture great pouch open easily dont reseal thats fine never leftover
567986,B0030VJ8YU,A2NTSH6GHYAS49,wordsmatter,14,16,1,1332115200,Does NOT promote healthy growth and development,"I was hoping that the new recipe would include more protein/fat than the original, since in my opinion, the protein/essential fatty acids that are abundant in salmon are the best reasons to feed it to a baby.  Well, I should have taken the time to research the nutritional info before purchasing, because this item actually contains less of both. If you can manage to get your baby to eat an entire pouch of this, he/she will get a mere 1 gram of protein, or 6% of the RDA for a baby, .5 grams of fat, and 50 calories.<br /><br />That makes this a nutrient poor food.  And HappyBaby a pretty despicable company.",hoping new recipe would include proteinfat original since opinion proteinessential fatty acid abundant salmon best reason feed baby well taken time research nutritional info purchasing item actually contains less manage get baby eat entire pouch heshe get mere gram protein rda baby gram fat caloriesthat make nutrient poor food happybaby pretty despicable company
567987,B0030VJ8YU,AAMJ8WHRHFZ9J,"Magathy ""Maggie""",7,7,5,1288483200,Perfect for Travel,"My little one loves this line of food, and I love how convenient they are!  We traveled to Europe for two weeks and packed a ton of these for the trip.  They survived several planes, buses, and boats.  Easy, convenient, and healthy... what's not to love?",little one love line food love convenient traveled europe two week packed ton trip survived several plane bus boat easy convenient healthy whats love
567988,B0030VJ8YU,AOWHV1P78VYG0,CC,6,6,1,1330819200,"Used to be great, company changed the formula","Why, why, why did they change the formula??  Our twins loved this.  Now just like gobble gobble, they wont take it.<br /><br />Company's website with the old and new formula: [..]<br /><br />Only guess is that sweet potato is much more expensive than corn (both the top ingredients).<br /><br />Wrote to happybaby to tell them how disappointed we are",change formula twin loved like gobble gobble wont take itcompanys website old new formula guess sweet potato much expensive corn top ingredientswrote happybaby tell disappointed
567989,B0030VJ8YU,A2PJJX0JTAIJCT,S. Denman,5,5,2,1330387200,"Used to be great, baby doesn't like it now.","We just got a new shipment in, and it is not the same Chick Chick our son has come to know and love.  This new stuff resembles the texture of their ""Gobble Gobble"" food, which our son absolutely hates.  I'm sure this stuff is great, but if you aren't sure your kid will like it, don't spend money on 16 of them up front.<br /><br />Be aware that you can't return this item.",got new shipment chick chick son come know love new stuff resembles texture gobble gobble food son absolutely hate im sure stuff great arent sure kid like dont spend money frontbe aware cant return item
567990,B0030VJ8YU,A2P7TE7CVQAHH7,Dana Puckett,5,5,5,1303862400,Don't give up and give it more then one try!,"I gave this flavor to my 6 month old son but he did not like it so I tried to blend it, but still no luck. It does have very strong taste especially for babies who had only veggie and fruit blends. So I mixed the blended beef stew with green beans ( 1,5 oz of beef stew with 3,5oz green beans ) and my baby ate it all no problem. I just think since he did not have any flavor like that before ( tomato, beef, spices ) he just need to get used to the flavor. Sweet peas works too and takes away that sharp tomato taste. I will keep adding less of the veggie blends and I bet he will get used to the taste in no time. So do not give up if your baby doesn't like it right away. I bet you as adults also had some meals first time and did not love it and now are enjoying them ( sushi, oysters..... ) so let your little one get used to new flavor.<br />My son loved Chick chick and Super salmon right away but I think it is because he had sweet potato and carrots before so he was used to the flavor already.<br /><br />UPDATE: one week later I have split the packet in two containers and added 1oz. sweet peas and 1oz. carrots, and my baby ate it no problem, likes it a lot when warmed up.<br />Week after that I just warmed up the packet and my son ate it no problem, loved it as much as chick chick or super salmon.<br />So if you did not have luck first time do not give up, it took couple tries for us and now he loves it.",gave flavor month old son like tried blend still luck strong taste especially baby veggie fruit blend mixed blended beef stew green bean oz beef stew oz green bean baby ate problem think since flavor like tomato beef spice need get used flavor sweet pea work take away sharp tomato taste keep adding less veggie blend bet get used taste time give baby doesnt like right away bet adult also meal first time love enjoying sushi oyster let little one get used new flavormy son loved chick chick super salmon right away think sweet potato carrot used flavor alreadyupdate one week later split packet two container added oz sweet pea oz carrot baby ate problem like lot warmed upweek warmed packet son ate problem loved much chick chick super salmonso luck first time give took couple try u love
567991,B0030VJ8YU,A2RURE29UAL9FW,Cair,5,5,2,1300320000,Be careful of the tomatoes,"Our 15mo old daughter has really liked most of the other Happy Baby foods (she LOVES the Gobble-Gobble & Mango-Spinach-Pear).  However, this one makes her throw up EVERY time!  She is not allergic to anything in the ingredients - I can only guess that the high tomato content is just too acidic for her tummy.",mo old daughter really liked happy baby food love gobblegobble mangospinachpear however one make throw every time allergic anything ingredient guess high tomato content acidic tummy
567992,B0030VJ8YU,A3DLCJQO7827TL,"GU Customer and Mom ""GRU""",5,5,2,1276992000,Might be good for you but very blah!,"While this is packaged well and convenient to open and pour out, it doesn't matter how easy it is<br />or how healthy if you can't get the baby to eat it! This is extremely blah, bland mush. I certainly<br />expected much better from this brand. In addition, since it's a stage 3 food, I expected there to be<br />pieces of meat and vegetables, however there's just a bunch of lightish brown mush my baby wont eat<br />even why I try to force it down her. Definitely wouldn't recommend to anyone despite it's health rating.",packaged well convenient open pour doesnt matter easy isor healthy cant get baby eat extremely blah bland mush certainlyexpected much better brand addition since stage food expected bepieces meat vegetable however there bunch lightish brown mush baby wont eateven try force definitely wouldnt recommend anyone despite health rating
567993,B0030VJ8YU,A36OZXMZWPBZAG,"Natalie Bennon ""Natalie""",4,4,1,1337731200,Formula changed; mostly corn now; yuck,"My son used to love the Chick Chick, Gobble Gobble, and Super Salmon. But they changed the recipe, and now it's more corn than anything else. Taste is bad too. Nutrition value is lower. He doesn't like it, and neither do I. I am totally pissed.",son used love chick chick gobble gobble super salmon changed recipe corn anything else taste bad nutrition value lower doesnt like neither totally pissed
567994,B0030VJ8YU,A1B0RFUNJWZ35T,"Annie ""greekwoman99""",4,4,1,1334620800,Why mess with a good thing?,"What HAPPYBABY needs to realize is that when you have a steady customer base, you should not change the recipe of a product!  My daughter loved this original recipe, but this recipe is COMPLETELY different.  I tried giving it to her 3 times - she refused to eat it.  I then blended it with chicken broth and she does eat it now, so it turned out to be a texture thing.  HOWEVER, the whole reason that I purchase products such as these are for the convenience of having an organic product that can travel easily - so it is very impractical for me to travel with chicken broth and a blender!  I'll be cancelling my subscribe and save subscription to this product.",happybaby need realize steady customer base change recipe product daughter loved original recipe recipe completely different tried giving time refused eat blended chicken broth eat turned texture thing however whole reason purchase product convenience organic product travel easily impractical travel chicken broth blender ill cancelling subscribe save subscription product
567995,B0030VJ8YU,A2ARVFC5IABTRA,"C. Zheng ""ivorylily""",4,4,5,1294531200,My baby absolutely loves it.,"First of all, I'd say that this product tastes more like sweet potato than chicken. The white lumpy stuff in the package tastes like brown rice pasta than chicken. So I am not where the chicken is cuz you can't taste it. But my daughter absolutely loves it. She gobbles down the whole thing in minutes (except her teething time).<br /><br />Although I am skeptical about the chicken part, I have to trust the labeling that says heavy amount of protein is in there.<br /><br />I also tried the turkey and chicken training meal from Plum brand. It has way too much spice in there. Not for my baby who is just starting out on protein. I will try the Plum brand a bit later. But you can definitely taste the meat in their products.",first id say product taste like sweet potato chicken white lumpy stuff package taste like brown rice pasta chicken chicken cuz cant taste daughter absolutely love gobble whole thing minute except teething timealthough skeptical chicken part trust labeling say heavy amount protein therei also tried turkey chicken training meal plum brand way much spice baby starting protein try plum brand bit later definitely taste meat product
567996,B0030VJ8YU,A8PP8NPRJSAKO,Brazilian Jazzaholic!,3,3,1,1336089600,Baby HATES the new recipe!  (Loved the old formulation).,"My 9-month-old absolutely adored the old recipe of this product, which was organic chicken, sweet potatoes, and brown rice pasta.  She would gobble up an entire pouch every time we offered it to her, and often ask for more.  Unfortunately, Happy Baby had to go and ruin a good thing by reformulating the product!  The new Chick Chick recipe consists of organic chicken, vegetables and quinoa, and my baby completely DESPISES it.  We've offered it to her several times now, and each time, she makes a face, spits it out and turns away from the spoon.  I see from several of the recent reviews that many parents and their babies feel the same way about the new recipe.  I can't for the life of me figure out why Happy Baby would change the formulation of its Chick Chick baby food when it was perfectly fine and delicious the way it was.  I definitely won't be buying this product again, unless Happy Baby goes back to the old formulation.  Grade: D-",monthold absolutely adored old recipe product organic chicken sweet potato brown rice pasta would gobble entire pouch every time offered often ask unfortunately happy baby go ruin good thing reformulating product new chick chick recipe consists organic chicken vegetable quinoa baby completely despises weve offered several time time make face spit turn away spoon see several recent review many parent baby feel way new recipe cant life figure happy baby would change formulation chick chick baby food perfectly fine delicious way definitely wont buying product unless happy baby go back old formulation grade
567997,B0030VJ8YU,A20WEADHE51IPW,Merideth,3,3,1,1336003200,"This used to be a good product but the new ""recipe"" is really bad.",This used to be a hearty and great meal for my twin girls who have both loved it since they were 9 months old but they recently changed the recipe and it is watery and disgusting now. Very disappointed. And it seems that amazon does not allow you to complain directly to Happy Baby or return the product even though it has changed. seems unfair.,used hearty great meal twin girl loved since month old recently changed recipe watery disgusting disappointed seems amazon allow complain directly happy baby return product even though changed seems unfair
567998,B0030VJ8YU,A1KO0740YE5W9X,Elizabeth,3,3,1,1335225600,ARG!  Recipe has CHANGED!,"My son loved the original recipe Chick Chick but Happy Baby has now changed the recipe.  My son retched upon the first bite of the new meal.  Why do companies try to ""improve"" upon something that already works.  I'm guessing to cut corners somehow (ie. cheaper ingredients).  It's a shame.  I now have a case of the new recipe that won't be eaten.",son loved original recipe chick chick happy baby changed recipe son retched upon first bite new meal company try improve upon something already work im guessing cut corner somehow ie cheaper ingredient shame case new recipe wont eaten
567999,B0030VJ8YU,AFYNHATHQRU68,Helena,3,3,1,1332979200,My baby hates this stuff!!!,My 10 month old baby hates this stuff!!  I've tried giving it to him on 4 separate occasions-but everytime he tastes it--he makes a disgusted look and won't eat anymore.  I even tried mixing it with his favorite foods and he just takes one bite and looses his appetite and won't eat anymore of anything for the rest of the night!,month old baby hate stuff ive tried giving separate occasionsbut everytime taste ithe make disgusted look wont eat anymore even tried mixing favorite food take one bite loos appetite wont eat anymore anything rest night
568000,B0030VJ8YU,ACU1MBQ7T5YL0,"Cynthia C. Eberhardt ""CCEber""",3,3,5,1294704000,Yummy protein,"I usually buy Sprout and thought I'd try this food since it got other great reviews.<br /><br />I am pleased with this meal.  It's a little less chunky than Sprout's stage 3 meals...so I worried a bit less about my baby gagging on it as he's learning to chew more.<br /><br />Also, the chicken, sweet potato is a big hit with my baby.  He ate it all up!<br /><br />These organic meals are a very nice alternative to making my own food for him.",usually buy sprout thought id try food since got great reviewsi pleased meal little less chunky sprout stage mealsso worried bit less baby gagging he learning chew morealso chicken sweet potato big hit baby ate upthese organic meal nice alternative making food
568001,B0030VJ8YU,AEU0BV0UUR28,RyMom,3,3,4,1291075200,Loved it,My 18+ month old enjoys this food very much. The texture is fine for him and he finished a whole packet.,month old enjoys food much texture fine finished whole packet
568002,B0030VJ8YU,A6LAMY7Z10BBJ,Amazon Shopper,3,3,5,1286928000,Baby loves it,Babys loves this one and so do I.  Love the packaging to- no jars to wash.,baby love one love packaging jar wash
568003,B0030VJ8YU,A2SHQF0QMK49T,A. L. Rainey,3,3,5,1284854400,My Baby loves it!,"My baby boy loves eating this food, better than some Earth's best Stage 3 foods.  It doesn't taste too bad either.  I love the sweet potatoes in the food.  The pouch is great for on the go, not having to worry about glass food containers breaking in the diaper bag, especially when we go for hikes.",baby boy love eating food better earth best stage food doesnt taste bad either love sweet potato food pouch great go worry glass food container breaking diaper bag especially go hike
568004,B0030VJ8YU,A3L03JYY7XV4V4,Oak Park Mom,3,3,2,1281830400,baby didn't like it,This looks and smells great but my son didn't really like it.  the texture is much lumpier than their other products.  It requires a lot of chewing and seems a bit dry.,look smell great son didnt really like texture much lumpier product requires lot chewing seems bit dry
568005,B0030VJ8YU,A2QV1V06YJSQKQ,Renee Frank,3,3,5,1280188800,Baby loved it!,I bought this for my grandson.  I used it for the in between stage from strained food to small finger food. He really liked this. He loves sweet potatoes so this was great!,bought grandson used stage strained food small finger food really liked love sweet potato great
568006,B0030VJ8YU,A1XDBF0I11UVPY,"bob jones ""bob jones""",3,3,3,1279584000,Amaranth,"It smells delicious but unfortunately my 11 month old was having problems with the Amaranth.  He does eat some finger foods - mango, peaches, carrots, etc... but for some reason he was having problems with the Amaranth - maybe it was too grainy for him.  Will try it down the road again.",smell delicious unfortunately month old problem amaranth eat finger food mango peach carrot etc reason problem amaranth maybe grainy try road
568007,B0030VJ8YU,AWKQRTMNN9KJ1,Matthew Mcnear,3,3,5,1277164800,Really fresh taste,"Finally a baby food that tastes fresh!  Love that it's a great protein plus good veggies.  Great for anyone looking for a way to feed your baby ""good stuff.""",finally baby food taste fresh love great protein plus good veggie great anyone looking way feed baby good stuff
568008,B0030VJ8YU,A20P8VC55KPPCT,FL Mom,3,3,5,1274486400,These pouches are great!,These pouches are so easy and convenient. They taste great and are perfect for busy moms.,pouch easy convenient taste great perfect busy mom
568009,B0030VJ8YU,ATIHDHZYNQ0EI,"Kristen O'donnell ""twinsmom""",3,3,5,1270425600,Organic and Tasty!,"I have 12 month olds and no time to write a great review, but they like all the flavors, the textures are great, and the pouches open easily. They don't reseal, but that's fine because there are never leftovers.",month old time write great review like flavor texture great pouch open easily dont reseal thats fine never leftover
568010,B0030VJ8YU,A3GZHTNXM0QP01,"K. McCaslin ""katiemcc""",2,2,1,1338076800,Baby hates new recipe...,"Not sure why they decided to mess with a good thing. We've cancelled our subscriptions to both the Chick Chick and Salmon HappyBaby pouches. A huge disappointment to our family as these were two go to meals in our household for our 14 month old. Please bring back the old formula, HappyBaby!",sure decided mess good thing weve cancelled subscription chick chick salmon happybaby pouch huge disappointment family two go meal household month old please bring back old formula happybaby
568011,B0030VJ8YU,A2MD6ZPF1JRM98,music  man,2,2,5,1321574400,Wonderful,"Outstanding, good and reliable food menu item.<br /><br />Not overly done or seasoned.  Thank God.<br /><br />Sometimes simple really goes so much farther.<br /><br />Babies love it!  I love it!  We all love it!<br /><br />Keep going ""Baby food co.""<br /><br />thanks a  bunch<br /><br />p.s. Please do something like this with Turkey",outstanding good reliable food menu itemnot overly done seasoned thank godsometimes simple really go much fartherbabies love love love itkeep going baby food cothanks bunchps please something like turkey
568012,B0030VJ8YU,AIY0KOAXZVB5B,nara1983,2,2,2,1306886400,Doesn't taste good.,I make my own baby food but when we travel I give my daughter plum organics and happy baby food. She likes them a lot so i wanted to try something with meat. This product has good reviews so I ordered it thinking you can't go wrong with sweet potatoes and chicken. But i was wrong it taste bad.My daughter won't eat it even when she is starving. She actually didn't want to eat anything for few hours after she tried it first time. I even spiced it up a little bit hoping that she likes it but nope:(I don't blame her.I don't like it either.<br /><br />Update: Few months later I reintroduced my daughter this product and she seems to like it now. She ate it well for week when we were traveling. I ordered another one for our upcoming trip.,make baby food travel give daughter plum organic happy baby food like lot wanted try something meat product good review ordered thinking cant go wrong sweet potato chicken wrong taste badmy daughter wont eat even starving actually didnt want eat anything hour tried first time even spiced little bit hoping like nopei dont blame heri dont like eitherupdate month later reintroduced daughter product seems like ate well week traveling ordered another one upcoming trip
568013,B0030VJ8YU,A4DTM6B4IBYQX,C.O.,2,2,2,1299888000,Um... no thanks (sorry Happy Baby),"IF THIS IS YOUR FIRST HAPPY BABY PURCHASE, TRY AGAIN, THE REST ARE AMAZING! I love Happy Baby. My daughter eats this companies products all the time.  Chick Chick is great, Beef Stew is wonderful, but Gobble Gobble is weird.  My daughter didn't mind the taste, but I could not get over the texture.  It looked like a giant blob of wet dog food.  It was more putty-like than any other flavor.  I actually had to cut bites off of it.  I am grossed out just thinking about it.  Good thing there are other flavors.",first happy baby purchase try rest amazing love happy baby daughter eats company product time chick chick great beef stew wonderful gobble gobble weird daughter didnt mind taste could get texture looked like giant blob wet dog food puttylike flavor actually cut bite grossed thinking good thing flavor
568014,B0030VJ8YU,A263HP62NE6UXP,Maria Desena,2,2,5,1297555200,baby food,"this baby food is the greatest.  My granddaughter loves it and even calls it by name. she is 15 months old and still enjoys it, and I have peace of mind because I know I am feeding her a good balanced meal at a great price",baby food greatest granddaughter love even call name month old still enjoys peace mind know feeding good balanced meal great price
568015,B0030VJ8YU,A3VX9G8YEOD2XO,A. Connercoash,2,2,3,1289692800,Too Thick,"I bought this flavor along with two others and was surprised at how different the texture was compared to Chick Chick and Super Salmon. It is so thick that my daughter grabs it out of her mouth after putting a bite in, which usually leads to a big mess. I now have to modify the texture by adding water to it, which does not make it a convenient food item when on the go. Since the pouches don't reseal this is even harder when traveling.<br /><br />Overall, the flavor seems good, just too thick. I still love the pouch design for the most part, since I can sometimes break the glass jars of other brands. I will just need to remember to pack some sandwich baggies in case it not working out when trying to eat it on the go.",bought flavor along two others surprised different texture compared chick chick super salmon thick daughter grab mouth putting bite usually lead big mess modify texture adding water make convenient food item go since pouch dont reseal even harder travelingoverall flavor seems good thick still love pouch design part since sometimes break glass jar brand need remember pack sandwich baggies case working trying eat go
568016,B0030VJ8YU,A14814911LYINA,G. Rumph,2,2,5,1289001600,Great Product,My daughter loves this food. This is her favorite of all the HappyBaby Organic Baby Food. I make all of her fruits and vegetables but decided not to continue this with the meats. She did great transitioning from the food I make at home to this packaged product so it must taste pretty fresh.,daughter love food favorite happybaby organic baby food make fruit vegetable decided continue meat great transitioning food make home packaged product must taste pretty fresh
568017,B0030VJ8YU,AECQLWLETPUFZ,Tamara Irving,2,2,5,1274572800,perfect portions,This is a perfect portion and very simple to use when going out. I love the convenience of this product!,perfect portion simple use going love convenience product
568018,B0030VJ8YU,A20P8VC55KPPCT,FL Mom,2,2,5,1274486400,These pouches are great!,These pouches are so easy and convenient. They taste great and are perfect for busy moms.,pouch easy convenient taste great perfect busy mom
568019,B0030VJ8YU,A2DCWJN4ZXC0VR,Faith,4,5,4,1291507200,Easy and Good,"My twin girls love this! I wanted to give them fish but wasn't ready to prepare it myself. These are perfect! I've tried Sprout pouch meals and didn't really like them, so I was a bit wary of these. But these pouches are easier to empty, and the texture is great for 10 month olds. My girls eat it right up.",twin girl love wanted give fish wasnt ready prepare perfect ive tried sprout pouch meal didnt really like bit wary pouch easier empty texture great month old girl eat right
568020,B0030VJ8YU,A33LK1L2UWH9GK,"L. Karanfilian ""IGGY Mom""",1,1,5,1337558400,I almost ate it!,"This stuff is so good I seriously almost ate it myself.  I don't know why people are saying that it is gross or bitter.  It tastes like ministrone (an italian tomato-based soup with pasta and veggies).  My 7 1/2 month old loves it.  He is a really good eater in general but actually makes little ""mmms"" when he eats this meal.  Definitely warm it up.  It is really yummy!  I like the suggestion to serve with Avacado.  We give him avacado almost every day and the creamy texture is a wonderful compliment to the tomato/acidic flavor of this meal.",stuff good seriously almost ate dont know people saying gross bitter taste like ministrone italian tomatobased soup pasta veggie month old love really good eater general actually make little mmms eats meal definitely warm really yummy like suggestion serve avacado give avacado almost every day creamy texture wonderful compliment tomatoacidic flavor meal
568021,B0030VJ8YU,AKRZSLATNVUH6,Denise Chavez,1,1,1,1336003200,Horrible new recipe,"This new recipe is horrible! It is watery, almost like a stage 1 meal, and it went from 4g of protein to 1g.  Most of the veggie pouches have more protein!  Definitely not worth the purchase.",new recipe horrible watery almost like stage meal went g protein g veggie pouch protein definitely worth purchase
568022,B0030VJ8YU,A1UBD1SY9V21Z4,Jen,1,1,1,1335657600,Reformulated for the worse,"I used to be a huge fan of this.. wild salmon, 4g of protein, other great ingredients.. just ordered another 16 pack and discovered they have reformulated it to be completely different. It is really liquid-y.. impossible for an unskilled/careless self-feeder to have much left on the spoon by the time it gets to her mouth (may be okay for younger babies who aren't self-feeding yet though). Also it only has 1g of protein now - not sure why / if there is less salmon in it? Anyway, it's off the menu here, and I am disappointed to have lost a healthful, convenient option.",used huge fan wild salmon g protein great ingredient ordered another pack discovered reformulated completely different really liquidy impossible unskilledcareless selffeeder much left spoon time get mouth may okay younger baby arent selffeeding yet though also g protein sure less salmon anyway menu disappointed lost healthful convenient option
568023,B0030VJ8YU,A1PZ9580938SVM,kcv,1,1,1,1332288000,Bring back the old formula!!,"Was so disappointed to discover that HappyBaby changed Super Salmon!  My little girl LOVED the old formula, and it had more protein and calories than this new version.  The new version also has more sugar and sodium than the previous version, and it has a completely different taste and texture - she won't touch it.  We will not be buying it again.",disappointed discover happybaby changed super salmon little girl loved old formula protein calorie new version new version also sugar sodium previous version completely different taste texture wont touch buying
568024,B0030VJ8YU,A1SXCWI4UGSHS4,RCH,1,1,5,1330300800,Love it!,"I have been making my son's baby food but needed a break since he's starting to eat more.  I only buy organic food for him and Chick Chick is one of his favorites.  I tasted it and it's a little bland for me but I'm also not a baby.  He loves it and as long as he does, I'll keep it stocked for him.  I love the Happy Baby/Happy Tot brand and the variety they offer.  I prefer jars for convenience but I just empty this into a jar to heat.  I did find that one of the pouches had a leak at a seam.  I'm glad that I saw it before I gave it to him.  Now I check them each thoroughly before I open them.  If I can squeeze food out of a seam, it gets pitched.",making son baby food needed break since he starting eat buy organic food chick chick one favorite tasted little bland im also baby love long ill keep stocked love happy babyhappy tot brand variety offer prefer jar convenience empty jar heat find one pouch leak seam im glad saw gave check thoroughly open squeeze food seam get pitched
568025,B0030VJ8YU,AW249T3BHIMCV,mamabear,1,1,2,1329523200,Not a fan,"The Happy Baby Beef Stew was not much of a beef stew.  The second ingredient behind water was tomatoes and it was evident in the taste of the product.  It didn't seem to have even a trace taste of beef.  Because of the high tomato content, the stew was very acidic.  I was a bit disappointed by this product.",happy baby beef stew much beef stew second ingredient behind water tomato evident taste product didnt seem even trace taste beef high tomato content stew acidic bit disappointed product
568026,B0030VJ8YU,A1KNA0DLOIMZ5F,SummerMama,1,1,5,1327449600,Love this!,I was really worried about giving my 11 month old chicken or really any meat products.  I really don't like trying to puree meat so I was pleasantly surprised when I opened the package and it actually tasted great and wasn't lumpy.  This was one of the only meat baby foods that when I tasted - I loved it!  I felt like I was giving my child a complete meal and it was organic!,really worried giving month old chicken really meat product really dont like trying puree meat pleasantly surprised opened package actually tasted great wasnt lumpy one meat baby food tasted loved felt like giving child complete meal organic
568027,B0030VJ8YU,A1UFPQ3C1MI3QC,Kate Wolf,1,1,5,1326585600,Love it!!!,"Love this product! Our daughter couldn't have soy or dairy so we really struggled to find food she could eat, not to mention organic food that fit that profile. Loved this product, highly recommended!",love product daughter couldnt soy dairy really struggled find food could eat mention organic food fit profile loved product highly recommended
568028,B0030VJ8YU,A33KJTNWY8AKDM,savvy shopper,1,1,5,1323129600,Easy and Baby Loves It,"My daughter loves Gobble Gobble.  I was a little surprised to see the reviews that said it is dry and tastes bad.  I wonder if those were bad packets.  The ones we've had have always been moist.  The food is a little bit bland, but it is not recommended to feed babies salt or spices, so it's about what I'd expect.  I like this better than the Chick Chick because it has a firmer texture.  To me, the Chick Chick is runny.  I normally spoon feed this to our baby, but if I don't mind cleaning up a mess I sometimes allow her to eat it with her hands.  We've never had any problems with gagging or choking.  When the packet is empty she's still looking for more.  I make most of my daughter's baby food and am very particular about what packaged foods I give to her.  I feel okay about this one because there are no weird preservatives and I can identify all of the ingredients.",daughter love gobble gobble little surprised see review said dry taste bad wonder bad packet one weve always moist food little bit bland recommended feed baby salt spice id expect like better chick chick firmer texture chick chick runny normally spoon feed baby dont mind cleaning mess sometimes allow eat hand weve never problem gagging choking packet empty shes still looking make daughter baby food particular packaged food give feel okay one weird preservative identify ingredient
568029,B0030VJ8YU,A22Z5KOH55ML0X,Ron,1,1,5,1323129600,Great Option,"Our daughter (now 10 months) is a relatively good eater, but this has been one of her favorites for a few months now. It's a simple combination, but she finishes the packet each time (which is good because the package isn't resealable)! We make food for her too, but we like having these organic pouches as an easy option for travel and for the days we just want something quick.",daughter month relatively good eater one favorite month simple combination finish packet time good package isnt resealable make food like organic pouch easy option travel day want something quick
568030,B0030VJ8YU,AM4BBGZL4JY77,Pilar G. Vargas,1,1,5,1322524800,Yummy chicken,"My baby LOVES his chicken, and he prefers it in this type of food pouch. It is easy to heat up and nice that it came in a timely manner",baby love chicken prefers type food pouch easy heat nice came timely manner
568031,B0030VJ8YU,A2IAWWN1C9KOE,gmf214,1,1,5,1321660800,great,"My baby loves this stuff. It is a great texture and actually reasonably tasty. I like that he gets some protein, and that the flavor combination isn't as boring as some.",baby love stuff great texture actually reasonably tasty like get protein flavor combination isnt boring
568032,B0030VJ8YU,A5993LK5CYHAA,"Alice M ""Alice M""",1,1,2,1321574400,It taste sour more than anything...,"My baby does not like this kind. I do not like it either, it tastes sour. The taste of tomato is too strong. Tomato has lycopene, a antioxidant for good health, but my son just won't eat. He like other happy baby productx like spinah, mango and pear, blue berries, banana and beet and broccoli, pear and peas. This one needs seasoning or I will not eat it either.",baby like kind like either taste sour taste tomato strong tomato lycopene antioxidant good health son wont eat like happy baby productx like spinah mango pear blue berry banana beet broccoli pear pea one need seasoning eat either
568033,B0030VJ8YU,A2JK496YI51NMV,Q-Dig,1,1,1,1321142400,dont buy in bulk!,"Its been a while since I tried this but I decided to write up a review anyway.  My little one LOVES his pouches, but this is one he would not have.  After tasting it, I had to agree with him.  Maybe he does not like green peppers either.  If I recall correctly, the ingredients do not have yellow or red peppers as shown on the picture, but rather there are green peppers.  I was very disappointed as it looked good in the picture, it sounded nice & healthy, and my baby loves all their other products.  I'd suggest you try ONE pouch to see if you like it before you purchase several.",since tried decided write review anyway little one love pouch one would tasting agree maybe like green pepper either recall correctly ingredient yellow red pepper shown picture rather green pepper disappointed looked good picture sounded nice healthy baby love product id suggest try one pouch see like purchase several
568034,B0030VJ8YU,AGTBGEMEUEYL9,J. Ferris,1,1,5,1319673600,My son LOVES these.,"My son isn't a particularly picky eater but occasionally he gets fussy.  No matter what his mood is, this is a great meal option to fall back on because he'll always eat it.  Also the pouch sturdy and makes it a good travel-meal option.  A little expensive but worth every penny!",son isnt particularly picky eater occasionally get fussy matter mood great meal option fall back hell always eat also pouch sturdy make good travelmeal option little expensive worth every penny
568035,B0030VJ8YU,A1S6HK2R1KUC5E,data1701,1,1,5,1318291200,Triplets love this!,This is very smooth and easy to feed to my triplets.  They love it.  I like that is has great vegetables in it also.,smooth easy feed triplet love like great vegetable also
568036,B0030VJ8YU,A3IR7NC8ENJMH,Emily Bian,1,1,5,1318291200,very yummy my daughter loves it,"It is a mixture of chicken, sweet potato and pasta. But you can't really see the chicken, and I guess it has been pureed really fine. My daughter loves it and can finish the whole pack under 5 minutes. I like it becuase it has a good combination of protein, fiber and carbs. Plus it is organic! This is the second case I bought, and will continue buying. And the shipping was fast and packing is very good.",mixture chicken sweet potato pasta cant really see chicken guess pureed really fine daughter love finish whole pack minute like becuase good combination protein fiber carbs plus organic second case bought continue buying shipping fast packing good
568037,B0030VJ8YU,A1W53UA42M6OLX,Rangedelivery,1,1,5,1313193600,A few adjustments necessary....,"Love the nutrition, but it was a little strong for my 7 month old who had just started solids at 6 months. (Exclusively BF) First couple of bits he gagged quite a bit, so we simply stuck it in our little $10 food processer from Wal-Mart and added 1/4 of a banana.  He wolfed it down like nothing.  Applesauce works well also.  Will definetly buy more!",love nutrition little strong month old started solid month exclusively bf first couple bit gagged quite bit simply stuck little food processer walmart added banana wolfed like nothing applesauce work well also definetly buy
568038,B0030VJ8YU,A3I3I3K6Q9W5X5,Angela Yadon,1,1,1,1311638400,Strong after taste.  Not good.,I wish I had bought a single packet before committing to the case.  My baby made a horrible face when I gave this to him.  My husband and I both tried it and it has a very unpleasant and strong after taste.  We opened a few different packets to see if maybe only one was bad.  They are all the same.  Not sure what we will do with the rest of this case.,wish bought single packet committing case baby made horrible face gave husband tried unpleasant strong taste opened different packet see maybe one bad sure rest case
568039,B0030VJ8YU,AURSNGP18EH56,"K. Fishman ""Gitterdunn""",1,1,5,1309910400,Twins love it and so do I,Convenient packaging and the babies love it.  They just gobble it right up.<br /><br />This flavour is the best one out of the HappyBaby line of pouch foods.  The worst I would have to say is the Amaranth Ratatouille.  Chick Chick has a nice subtle flavour and nice texture.<br /><br />Highly recommend!,convenient packaging baby love gobble right upthis flavour best one happybaby line pouch food worst would say amaranth ratatouille chick chick nice subtle flavour nice texturehighly recommend
568040,B0030VJ8YU,A3DMRRCZ4EX2ER,Ronna B. Montgomery,1,1,2,1307750400,HATES IT!,"My 10-month old hates this! Even when I mix it with the Earth's Best veggies that he loves, he will spit it out. Tried the salmon and the Ratatouille and he hates all of it. Bought three cases of the stuff!!! Now what to do? Will keep on trying it.",month old hate even mix earth best veggie love spit tried salmon ratatouille hate bought three case stuff keep trying
568041,B0030VJ8YU,A2XHWZXDVD9FVR,P. E.,1,1,5,1304035200,LOVED IT!!!  A do try food!,"I introduced this to my daughter and she ate it, no problems!  I certainly recommend it.  One suggestion which I believe helped me was that I DID warm this up. I realize it states you can serve these meal pouches ""as is"", however, I see a difference in my daughter's eagerness when I warm up the food vs. serving it at room temperature. I am very pleased with this product!",introduced daughter ate problem certainly recommend one suggestion believe helped warm realize state serve meal pouch however see difference daughter eagerness warm food v serving room temperature pleased product
568042,B0030VJ8YU,A1N8YWKJVXVXKY,buymorenow,1,1,5,1300752000,I guess he likes it!,This stuff has a strong taste and I was surprised my son liked it but he would munch it down hungrily every time.,stuff strong taste surprised son liked would munch hungrily every time
568043,B0030VJ8YU,ABXU3VKU4A0T2,NB,1,1,5,1299456000,Babies love these!,I really like this organic brand and also their minimal packaging. Our almost 12 month olds really seem to enjoy the taste and the consistency is just right.,really like organic brand also minimal packaging almost month old really seem enjoy taste consistency right
568044,B0030VJ8YU,A14HNG8I267VP7,"R. Searight ""Rynoman""",1,1,5,1298592000,Even for a picky eater!,My twin boys both love this food.  It has the best texture of any of the HAPPYBABY meats we've tried.  The pieces of chicken and pasta aren't too big either.  This is great for babies resistant to texture--It has some but not too much!,twin boy love food best texture happybaby meat weve tried piece chicken pasta arent big either great baby resistant textureit much
568045,B0030VJ8YU,A1AAUUJLB1PP2H,MBL,1,1,5,1298592000,Can't get enough!!!,My 10 month old can not get enough of this food.  We take this when we go out to eat and always have to take 2 packs because she loves it so much!!  Can't wait to try the other flavors.,month old get enough food take go eat always take pack love much cant wait try flavor
568046,B0030VJ8YU,A4Z5NZUTD459Q,Chad E. Pearson,1,1,5,1291420800,Yum yum,"Our son loved this.  Great to take with us when we are going out as compared to big bulky and heavy bottles (ie Earths Best baby food)  The only issue we had was that my wife, for some reason, could never open the top.  She would always screw it up somehow.  Easy fix however, just have daddy open it.  Also wish it was re sealable, but our son ate all of the Gobbe Gobble 95% of the time so wasn't an issue.  Overall, very pleased and wish we had tried these out earlier.",son loved great take u going compared big bulky heavy bottle ie earth best baby food issue wife reason could never open top would always screw somehow easy fix however daddy open also wish sealable son ate gobbe gobble time wasnt issue overall pleased wish tried earlier
568047,B0030VJ8YU,A2S5UVXYRY39KM,Darcy Bentley,1,1,5,1289174400,Great for babies who love fish!,The salmon is my daughter's favorite Happy Baby flavor.  I like feeding it to her because it adds fish to her diet and I want to keep tuna to a minimum.,salmon daughter favorite happy baby flavor like feeding add fish diet want keep tuna minimum
568048,B0030VJ8YU,A1B3HVTY93VCE3,L. Stine,1,1,5,1289174400,Love's it!,My 12 month old loves this salmon.  These containers are great for traveling and make easy meals!,month old love salmon container great traveling make easy meal
568049,B0030VJ8YU,A6LAMY7Z10BBJ,Amazon Shopper,1,1,1,1286928000,Icky mama grain,"First, the other happy baby flavors have been a hit with my baby and me.  But this mama grain is indescribable.  I knew it as soon as I opened the pouch...The smell is awful...But I figured we would try it anyway.  I only wish I had the video camera out...Baby didn't like this one at all and I can't blame him.  Recommend buying one pack regardless of the price before getting the 16 pack.",first happy baby flavor hit baby mama grain indescribable knew soon opened pouchthe smell awfulbut figured would try anyway wish video camera outbaby didnt like one cant blame recommend buying one pack regardless price getting pack
568050,B0030VJ8YU,A2BT4NQWOUS5C0,sandybeaches,1,1,5,1283299200,Delicious introduction to solids,"My 14 month old loves this stuff--it's a little chunkier than some of their other products, but it's a great introduction to solids!",month old love stuffits little chunkier product great introduction solid
568051,B0030VJ8YU,AF1PG16HBBX5F,321stefanie,1,1,2,1279065600,Baby doesn't like it,"I can't get my 10 month old to eat any ""dinner"" type baby food.  I thought this would be different, but it's not.  Baby doesn't like it, so it's no good to me.  Not sure what I am going to do with the other 15 packs.",cant get month old eat dinner type baby food thought would different baby doesnt like good sure going pack
568052,B0030VJ8YU,A3A0DJF0OK1JUM,mojobear,1,1,5,1277078400,Love these pouches!,These pouches were very easy to take with us and the baby just LOVED it! No leftovers here. I really like that they come in two protein varieties - chicken and a turkey! Great options and easy to take with you!!,pouch easy take u baby loved leftover really like come two protein variety chicken turkey great option easy take
568053,B0030VJ8YU,A16L79U8FID0GW,Gabriela Pareja M.,1,1,5,1274918400,Excelent food for allergic baby!!!,"My 15 months baby girl has allergy to cow's milk proteins.<br /><br />I can guarantee that this food is one of the few brands that do not contain potential allergens. And also, contain a higher nutritional value to other foods sold in the market.<br />My baby prefers warm. For this I put a few minutes in hot water.<br /><br />Amaranth Ratatuille y Chick chick are her favorites!",month baby girl allergy cow milk proteinsi guarantee food one brand contain potential allergen also contain higher nutritional value food sold marketmy baby prefers warm put minute hot wateramaranth ratatuille chick chick favorite
568054,B0030VJ8YU,A20P8VC55KPPCT,FL Mom,1,1,5,1274486400,These pouches are great!,These pouches are so easy and convenient.  They taste great and are perfect for busy moms.,pouch easy convenient taste great perfect busy mom
568055,B0030VJ8YU,A3DLCJQO7827TL,"GU Customer and Mom ""GRU""",5,7,1,1283644800,Grossest of all Glop,"This should be called Sad Baby--it's awful. My baby absolutely hates it! I tasted a tiny bit<br />and it was bland to the point of gagging. Besides I assumed (wrongly obviously) that Stage 3<br />food--for babies 7+ months--would have some chunks of real food. Unfortunately, it's just glop,<br />and unfortunately, incredibly tasteless glop. I tried other flavors from this brand and they<br />were just as disgusting, my baby wont eat any of the flavors at all.",called sad babyits awful baby absolutely hate tasted tiny bitand bland point gagging besides assumed wrongly obviously stage foodfor baby monthswould chunk real food unfortunately glopand unfortunately incredibly tasteless glop tried flavor brand theywere disgusting baby wont eat flavor
568056,B0030VJ8YU,A2PZQZKGAOYF76,"Amy L. Shorter ""AmyLynnB17""",2,3,1,1318291200,*** CHOKING HAZARD ***,"We love Happy Baby products - cereals, puffs, yogurt melts, all the baby food - EXCEPT Gobble Gobble. Even my 3 year old choked on this. It really ticked me off when my 1 year old choked too! It is EXTREMELY dry and thick and lumpy. I cannot believe Happy Baby manufacturers and sells this stuff, and I can't believe retailers stock it. DO NOT BUY!",love happy baby product cereal puff yogurt melt baby food except gobble gobble even year old choked really ticked year old choked extremely dry thick lumpy cannot believe happy baby manufacturer sell stuff cant believe retailer stock buy
568057,B0030VJ8YU,A2P7TE7CVQAHH7,Dana Puckett,2,3,5,1302998400,My baby loves it!,I have tried this flavor first time when my son was 6 months and he loved it right away. Did not have problem with texture either. This one and Chick Chick are his favorite right now.,tried flavor first time son month loved right away problem texture either one chick chick favorite right
568058,B0030VJ8YU,A235LYLCXOO07,kittkatt23,2,3,5,1301616000,great food option,"it took about a month for my 11m to start liking this salmon pouch.  the price is great, about a $1/pouch.  its very easy to take with you when traveling since no heating or mixing required. just open and put a spoon in it.  i will probable keep giving this to her past her 1st b-day.",took month start liking salmon pouch price great pouch easy take traveling since heating mixing required open put spoon probable keep giving past st bday
568059,B0030VJ8YU,A7R7MPCH8LOY9,RK,2,3,5,1297123200,Happy Baby Organic Salmon -- baby and now toddler loves it,"My kid loves this stuff.  Since it comes 16 packages at a time, I have several packages leftover and now that he's almost 2, I still give it to my kid as a big appetizer while we order and wait for the food to come at restaurants.  He still loves it (despite being able to eat all sorts of ""regular"" food).  Much better than just loading up on tortilla chips at Mexican restaurants!",kid love stuff since come package time several package leftover he almost still give kid big appetizer order wait food come restaurant still love despite able eat sort regular food much better loading tortilla chip mexican restaurant
568060,B0030VJ8YU,A39WWOFLLOQC3L,manda c,2,3,4,1289952000,My cats love this product,"I really do like the Healthy Baby Baby foods.  I buy them with the Amazon Prime free shipping.  I also ""subscribe and save"".  I get 16 at a time.  The baby doesn't mine eating the same flavor each day for 16 days, but at the end of 16 days, he smells like cat food.  Most cats will run at the sound of a can opener, mine have learned to listened for the tearing of the pouch.  If you get this flavor and your baby hates it- you can always use it as cat food.  The texture of this particular product is pretty good for my now 10 month old.  I got a Sprout product with lentils in it and he spit the lentils out.  It is kind of hit and miss with the textures of these foods because their rating has no consistency.  That's my one- and constant- complaint.",really like healthy baby baby food buy amazon prime free shipping also subscribe save get time baby doesnt mine eating flavor day day end day smell like cat food cat run sound opener mine learned listened tearing pouch get flavor baby hate always use cat food texture particular product pretty good month old got sprout product lentil spit lentil kind hit miss texture food rating consistency thats one constant complaint
568061,B0030VJ8YU,A39WWOFLLOQC3L,manda c,2,3,3,1287360000,Blend your own baby food,"I loved the stage 2 Spinach Mango Pear, although I found it too watery.  I had to add rice to get baby to eat it.  I got the stage 3 mama grain based on the fact that it is suggested for 7 month olds.  My baby is 9 months old and won't eat it.  I disagree that it tastes awful.  I'd eat it myself, but it is way too thick.  I got a case of it, so I'm going make it work.  So- I put the too watery stage 2 spinach mango pear and stage 3 mama grain in the blender and voila! Perfect texture.  Easy enough fix, however- I buy premade baby food because I don't want to blend my own.  I did with my 1st baby, but this is my 4th, and the novelty of making baby food, and the time required to do it- is long gone.  Happy Baby would do well to be more consistent in their labeling.  Their Stage 2 food should be 1.5, and this stage 3 should be 3.75.",loved stage spinach mango pear although found watery add rice get baby eat got stage mama grain based fact suggested month old baby month old wont eat disagree taste awful id eat way thick got case im going make work put watery stage spinach mango pear stage mama grain blender voila perfect texture easy enough fix however buy premade baby food dont want blend st baby th novelty making baby food time required long gone happy baby would well consistent labeling stage food stage
568062,B0030VJ8YU,A3OBT30URCJEW2,twinmom,2,3,1,1282003200,the boys who eat everything won't eat it!,Very surprised.  Expected it to be thicker.  My 8 month olds are not pickey eaters but they refused to close thier mouths while this food was is there.  I would try it from babies r us before buying in bulk here.,surprised expected thicker month old pickey eater refused close thier mouth food would try baby r u buying bulk
568063,B0030VJ8YU,ATIHDHZYNQ0EI,"Kristen O'donnell ""twinsmom""",2,3,5,1270425600,Organic and tasty!,"I have 12 month olds and no time to write a great review, but they like all the flavors, the textures are great, and the pouches open easily. They don't reseal, but that's fine because there are never leftovers.",month old time write great review like flavor texture great pouch open easily dont reseal thats fine never leftover
568064,B0030VJ8YU,A3AKHSKPRQIT1R,Erin Kinnett,0,0,5,1350604800,Loved by my 8 month old!,"Being an organic, health conscious family, we turned to Happy Baby for our food needs outside of the homemade foods we make.  Not only does my 8 month old literally beg for more with every bite, I can tell that her digestive system takes well to the hearty and top-of-the-line organic ingredients.  Happy Baby = Happy Mama!",organic health conscious family turned happy baby food need outside homemade food make month old literally beg every bite tell digestive system take well hearty topoftheline organic ingredient happy baby happy mama
568065,B0030VJ8YU,A15NS4T5L6CF5J,Enebro,0,0,3,1348704000,Recipe changed with no warning - packaging pictured is out of date,"My twin boys have loved this product - they gobbled it up.  And as a mom, I loved it because it was very tasty and unique.  But also because it used a lot of veggies that my boys don't often get in their diet, like peppers and eggplant.  Since I last bought this product on Amazon the entire recipe has changed and there is no indication of such in the Amazon description.  It now is almost all carrots (something that my boys eat constantly) and quinoa.  No eggplant.  Only red peppers as one of the last ingredients.  And amaranth, for which it is named, went from ingredient number two, to the end of the ingredient list just above the spices.  It is not nearly as tasty in my opinion, either.  It looks and tastes a lot more like the Super Salmon.To be honest, this is just an entirely different product.  My boys still eat it, but I was disappointed and might not buy it again.",twin boy loved product gobbled mom loved tasty unique also used lot veggie boy dont often get diet like pepper eggplant since last bought product amazon entire recipe changed indication amazon description almost carrot something boy eat constantly quinoa eggplant red pepper one last ingredient amaranth named went ingredient number two end ingredient list spice nearly tasty opinion either look taste lot like super salmonto honest entirely different product boy still eat disappointed might buy
568066,B0030VJ8YU,A2USLSIO41U7T4,christina,0,0,5,1346889600,yummy,these are great. my baby loves them. it is one of his favorite foods and he's a picky little guy. they actually taste good and buying in bulk makes them way cheaper!,great baby love one favorite food he picky little guy actually taste good buying bulk make way cheaper
568067,B0030VJ8YU,A2SY8HZ1959H41,irvinejess,0,0,1,1344816000,Yucky!,"My son loves all of the Happy Baby meals he's tried except for this one. He literally gagged. I think it was the use of peppers in the recipe, as he's not been exposed to peppers yet. He is clearly not a fan so be careful if your child hasn't tried peppers yet...they may not like this one.",son love happy baby meal he tried except one literally gagged think use pepper recipe he exposed pepper yet clearly fan careful child hasnt tried pepper yetthey may like one
568068,B0030VJ8YU,AL4269Y3JX766,NewMama,0,0,3,1336521600,Original Recipe was better.....baby no longer likes,"Unfortunately they changed the recipe up on our baby....he looooooved this, it was a great trainer food as it was thicker now it's just runy like the chick chick one which we stopped buying.  One taste of the new formula and baby turned up his nose and didn't want anymore....I was presistant and eventually the only way he'll eat it is with bread dipped in it or his veggie stix dipped in it and I have to sneak in spoonfulls here and there.  It's just too runny for our baby boy now, he's older now but we still want to make sure he's getting salmon atleast once a week.  This is the most convenient for us so we still give it to him at 20 months.  I'm going to hunt down the original forumla's and stock up whenever I see them!  Other than that, we are a 100% HappyBaby family and love all the wonderful products they continue to make!",unfortunately changed recipe babyhe looooooved great trainer food thicker runy like chick chick one stopped buying one taste new formula baby turned nose didnt want anymorei presistant eventually way hell eat bread dipped veggie stix dipped sneak spoonfulls runny baby boy he older still want make sure he getting salmon atleast week convenient u still give month im going hunt original forumlas stock whenever see happybaby family love wonderful product continue make
568069,B0030VJ8YU,A1WZFAP5YHQNZV,E. Lee,0,0,4,1335398400,"Good flavor, surprisingly chunky","This was much chunkier than I expected.  Our baby still can't handle lumpy food, so he wouldn't eat it at first.  But after I pureed it smooth, he loved it.",much chunkier expected baby still cant handle lumpy food wouldnt eat first pureed smooth loved
568070,B0030VJ8YU,A3IFDLRQBY4MW5,kitty pinkerton,0,0,3,1335225600,Thumbs down for the new ingredient,"I was a big fan of this product since it was the only baby food that contained salmon until the ingredient was changed. The decrease in the protein content from 4g (old) to 1g (new) makes me wonder how much salmon is actually in this pouch. I can even tell from the smell of the new version which doesn't smell like fish at all that there is very little salmon in it. Also, the new version added apples and increased the sugar content from 0g(old) to 3g(new) which I am not happy about.<br />My son still loves this pouch, but I purchased this product for nutritious reasons - very disappointed with the change!",big fan product since baby food contained salmon ingredient changed decrease protein content g old g new make wonder much salmon actually pouch even tell smell new version doesnt smell like fish little salmon also new version added apple increased sugar content gold gnew happy aboutmy son still love pouch purchased product nutritious reason disappointed change
568071,B0030VJ8YU,A299BZUOABWND5,"Krystal2011 ""Krystal""",0,0,5,1335139200,My 10mo olds fav's!,"This is all my son will eat, besides oatmeal. The texture works for him, because he's always choking if things are too chunky. This has a mushy with texture consistency that he swallows just fine. I'm going to try other Happy baby products now..",son eat besides oatmeal texture work he always choking thing chunky mushy texture consistency swallow fine im going try happy baby product
568072,B00455IT22,AZ9N4ZSOHNCYS,smb,1,1,1,1297900800,Mama grain -- not tasty at all,"I've tried pretty much every type of organic pouch food currently available with my toddler son.  I like all of the Happy Baby foods EXCEPT for this Mama Grain.  Yuck.  I bought a multi-pack of these and have tried to force my son to eat this one.  But I really can't blame him for disliking it -- I've tasted all of the Happy Baby meals and this one just makes me gag, which is a bummer since this is the only pouch meal that seems to be appropriate for breakfast.  Would recommend avoiding Mama Grain.",ive tried pretty much every type organic pouch food currently available toddler son like happy baby food except mama grain yuck bought multipack tried force son eat one really cant blame disliking ive tasted happy baby meal one make gag bummer since pouch meal seems appropriate breakfast would recommend avoiding mama grain
568073,B00455IT22,A2DTHRQ5V47EV9,"AmazonJunkie ""amanda-e""",1,1,5,1297641600,"Nice healthy option for baby, not your typical combination","Obviously all babies have different taste preferences so far be it from me to criticize the other reviewer's assessment of this product; however, my baby loves this flavor and I do too.  I love that it is black beans and quinoa because it saves me from having to open a whole can of beans or cook a whole pot of quinoa just for one serving of baby food.  I suppose one could make large batches ahead of time and freeze, but my freezer is overflowing with baby purees! From what my son has tried of this line of food he has liked.  I look forward to trying more flavors.",obviously baby different taste preference far criticize reviewer assessment product however baby love flavor love black bean quinoa save open whole bean cook whole pot quinoa one serving baby food suppose one could make large batch ahead time freeze freezer overflowing baby puree son tried line food liked look forward trying flavor
568074,B00455IT22,A1CT1FXK5E6ZMU,Theaarlene,1,1,1,1296086400,gross...,This food is def healthy but way too thick and dry. My son will not eat it. I found the gobble gobble similar but I mix it with broth now and he eats a bit. Disappointed.,food def healthy way thick dry son eat found gobble gobble similar mix broth eats bit disappointed
568075,B00455IT22,A350HLVS48R19S,Julie,0,0,4,1346025600,good for on-the-go and practicing with a spoon,"My baby HATED this when he was first ready to move on past the stage 2 foods.  The texture is very different because of the quinoa.  He also didn't liked purees with chunks.  Now he's 17 months old and LOVES this pouch (which I saved for 8 months since I also bought a multi-pack).  I transfer it to a bowl and he uses a spoon to eat it.  It's great because it doesn't fall off the spoon very easily.  It's very sweet, and maybe too strong flavored for the little ones.",baby hated first ready move past stage food texture different quinoa also didnt liked puree chunk he month old love pouch saved month since also bought multipack transfer bowl us spoon eat great doesnt fall spoon easily sweet maybe strong flavored little one
568076,B00455IT22,A3TJR4MJO0WFNS,Rachel Buhrow,0,0,1,1330646400,Smells Horrible,"We usually have good luck with Happy Baby products but this one is the exception. The smell of the banana, bean, quinoa mix is the most off putting smell I've ever experienced and it shouldn't be. Independently each of the food items are either appealing or mellow in smell. Not so with this product. It's almost as if the mix fermented in the packaging and is off-gassing the moment you release the contents.  My kid eats anything so I'm the one that stopped the feeding because of my uneasiness. She did however give me the look that said, 'why are you doing this to me?'",usually good luck happy baby product one exception smell banana bean quinoa mix putting smell ive ever experienced shouldnt independently food item either appealing mellow smell product almost mix fermented packaging offgassing moment release content kid eats anything im one stopped feeding uneasiness however give look said
568077,B000L8FZMY,A24E0CIZBWMO4L,Legal beagle,5,5,5,1187136000,Excellent peeler and shredder,Unbeatable little tool for making shredded green papaya salad.  I use it to shred many different not-so-ripe fruits and veggies besides papaya. Better than the typical cheese grater for shredding because it doesn't bruise the fruit/veggie. I highly recommend this tool.,unbeatable little tool making shredded green papaya salad use shred many different notsoripe fruit veggie besides papaya better typical cheese grater shredding doesnt bruise fruitveggie highly recommend tool
568078,B000L8FZMY,A39LWNWVOHCOBB,Melanie Teegarden,4,4,5,1293840000,Love this tool,"I have had one for a few years now and I use it for all sorts of things:  shredding carrots and cucumbers for sushi rolls or spring rolls; shredding veggies for garnishes or to add to salads; and shredding summer squashes to use as vegetable ""noodles in soups or to top with sauces.  i have even used it to make shoestring potatoes to fry into potato ""nests"".  Easy to use, easy to clean, the handle may be plastic but it is a very sturdy plastic and handles the dishwasher just fine.  Just added this to my wish list since one of the kids has misplaced mine and I am feeling the loss almost daily in my kitchen!",one year use sort thing shredding carrot cucumber sushi roll spring roll shredding veggie garnish add salad shredding summer squash use vegetable noodle soup top sauce even used make shoestring potato fry potato nest easy use easy clean handle may plastic sturdy plastic handle dishwasher fine added wish list since one kid misplaced mine feeling loss almost daily kitchen
568079,B000L8FZMY,A3VWE2I9GG4NAM,shak0569,3,3,5,1290816000,Awesome.,"I love making Som Tum, but got tired of hacking a papaya with a chef's knife.  Can't use a cheese grater b/c it makes the papaya too limp.  This is the best and least expensive way to cut perfectly sliced papaya.",love making som tum got tired hacking papaya chef knife cant use cheese grater bc make papaya limp best least expensive way cut perfectly sliced papaya
568080,B000L8FZMY,AXDJ9KF74MOYP,"Bao Le ""OohHBehave""",3,3,4,1281916800,Does a good job,"This thing is easy to use and does its job without fuss.  The handle has very good grip.  Overall, I like the product.",thing easy use job without fuss handle good grip overall like product
568081,B000L8FZMY,A1L0SUHFS9LHPA,"Jessica Weissman ""poet and computer programmer""",2,2,5,1259193600,Good tool for shredding green papaya and similar items,"I've used several different tools to shred green papaya for papaya salad; this one is fast, easy to hold, and stays sharp for a long while.  The ""Miracle Knife"" has more features, but this one just plain does the job, and that's good enough for me<br /><br />You might be able to find it at your local Thai or Asian grocery, but if not, here you go.",ive used several different tool shred green papaya papaya salad one fast easy hold stay sharp long miracle knife feature one plain job thats good enough meyou might able find local thai asian grocery go
568082,B000L8FZMY,AGC892LRXOX0V,Kalihiboy808,3,4,5,1328572800,Shreds Green Papaya like butta!!,Ok if you are a diehard thai food lover and cook then you definitely need this tool in your kitchen arsenal!!  A must have to make Som Tam or Thai Green Papaya Salad!!  I love my shredder!  Cheaper to buy whole thai green papaya and make a huge batch then to buy already made take out orders from thai restaurants.  Some charge upwards of $8-12 for one order of it.<br /><br />Get this and go watch a youtube video on how to make the salad!  Real healthy and you can even make raw vegan versions!  I make mine Laos style more hardcore!<br /><br />Get it now!!,ok diehard thai food lover cook definitely need tool kitchen arsenal must make som tam thai green papaya salad love shredder cheaper buy whole thai green papaya make huge batch buy already made take order thai restaurant charge upwards one order itget go watch youtube video make salad real healthy even make raw vegan version make mine lao style hardcoreget
568083,B000L8FZMY,A2NBO3VM7KD9HU,M. J. Kuklis,0,0,5,1350950400,Useful tool,The peeler often cuts waffle like pieces instead of individual strands.  I have no problem with this though.  Easy to use and makes cutting green papaya extremely easy.  It also works well on summer squash and cukes.  It does not work on eggplant.,peeler often cut waffle like piece instead individual strand problem though easy use make cutting green papaya extremely easy also work well summer squash cuke work eggplant
568084,B000L8FZMY,AZK457CB2LN3Y,"A. Golomb ""Andrew G""",0,0,5,1350432000,Great for Som Tum,"I use to cut up green papaya the old fashion way, with a knife, and it took forever!  A friend told me about this and wow it makes the job 10X easier.  I havent used it for anything other than making Som Tum though.  Love it",use cut green papaya old fashion way knife took forever friend told wow make job x easier havent used anything making som tum though love
568085,B000L8FZMY,ASOK34KHGJZ3Q,Nambi,0,0,5,1346889600,New toy,"I feel like a kid with a new toy.  I bought this to make papaya salads, but am using it for carrots, squash, cucumbers, beets, etc. for salads and also for bowl additions with hot chicken broth (Vietnamese Pho soup).  My one son wanted one, and the other in Boston wanted me to do more things with it.  Makes a great stocking stuffer at Christmas.",feel like kid new toy bought make papaya salad using carrot squash cucumber beet etc salad also bowl addition hot chicken broth vietnamese pho soup one son wanted one boston wanted thing make great stocking stuffer christmas
568086,B000L8FZMY,A2D701C05I09XF,"D. Stubbs ""Lak Mobes""",0,0,3,1344988800,"Solid, No Complaints","Nothing amazing about this little blade.  Used to make Zuchinni Noodles.  Worked Perfectly.<br />No Problems yet.<br />Kind of wish I had gone with one of those multi blade peelers but this was a little cheeper, and I ofern find multi use items tend to break often.",nothing amazing little blade used make zuchinni noodle worked perfectlyno problem yetkind wish gone one multi blade peeler little cheeper ofern find multi use item tend break often
568087,B000L8FZMY,A14875KOOR6FQX,Kate.ster,1,3,1,1337299200,Not so impressed.,"I bought this based on a papaya-salad recipe link and the reviews were obviously great.  I've been waiting for the opportunity to use this tool for a couple of months and thought I'd try it with my zucchini pasta recipe. Unfortunately, two swipes into my zucchini, the grater broke off and that was that.  Because the reviews have been good, I'd be willing to try it again, however, I think I will look around elsewhere first.",bought based papayasalad recipe link review obviously great ive waiting opportunity use tool couple month thought id try zucchini pasta recipe unfortunately two swipe zucchini grater broke review good id willing try however think look around elsewhere first
568088,B0057615JM,AQ7UWUQ6EWWEA,C. Melander,0,0,5,1348444800,Arrowhead Mills Puffed Brown Rice Cereal,"All of you who are wheat/ gluten intolerant this is a great value.  I order some of the foods that I need all the time.  It really comes in handy when we visit relatives, just order it and send the grocerys to them.  It makes it so convenit not to have to go grocery shopping, or find stores with gluten/ wheat free products, before we get there.  These make great wheat free rice crisp treats as well.  Prime makes it even nicer when you can save money on the shipping and send it where you need it to go.<br />Way to go Amazon! Keep putting up gluten/wheat free products.",wheat gluten intolerant great value order food need time really come handy visit relative order send grocery make convenit go grocery shopping find store gluten wheat free product get make great wheat free rice crisp treat well prime make even nicer save money shipping send need goway go amazon keep putting glutenwheat free product
568089,B003SRWA7I,A3TA00GVFDYT7L,"John S. Jarmain ""JSJ""",0,0,5,1312675200,Cool Brew to the Rescue,I ordered this for the morning bike riding group and since theres no mess it really helps us out. My first order was for two containers and I just ordered 12 more this should last us until indoor riding comes in october in Wisconsin. Great coffee and now mess its a WIN WIN for us.,ordered morning bike riding group since there mess really help u first order two container ordered last u indoor riding come october wisconsin great coffee mess win win u
568090,B003SRWA7I,A3A2U3AHXC7YIX,"SharonJSMC ""louisianasjc""",0,0,5,1286841600,Try it and you'll be hooked!,"I enjoy regular coffee for only about the first five minutes after it's brewed - then it no longer tastes good to me.  And if regular coffee is brewed strong, it tastes bitter.  But with Cool Brew, it's possible to make your coffee just as strong as you like because no matter how much you mix into your cup it will NEVER taste bitter!  Here in the south, I use Cool Brew to make really strong iced coffee every morning.  I mix it into either milk or soy milk and it is absolutely wonderful.  GREAT stuff!",enjoy regular coffee first five minute brewed longer taste good regular coffee brewed strong taste bitter cool brew possible make coffee strong like matter much mix cup never taste bitter south use cool brew make really strong iced coffee every morning mix either milk soy milk absolutely wonderful great stuff
568091,B000EICISA,A218J1WI08045B,"Casey Stewart ""kcfoxy: accept no substitute""",60,61,5,1149724800,"Fresh-tasting, mild yellow curry paste with long shelf life","New to Thai cuisine, I asked to try a milder curry, my tastes running to a maximum of medium heat. Yellow curry was recommended, and the coconut milk based Thai version was a treat with both seafood and chicken-something I've had occasion to order again and again.<br /><br />So when trying to re-create the taste sensations above, I was less than thrilled at the idea of grinding individual spices, purchasing a number of pricey ingredients with limited shelf life and narrow applications.<br /><br />I did some research and found that many Thai housewives rely on the time and labor savings of using high quality curry pastes as the basis for soups, curries and more. Mae Ploy was one of the brands repeatly mentioned as high quality and fresh tasting.<br /><br />This brand comes in a handful of flavors and heat levels, with the Yellow Curry Paste being the first I was eager to try. It has a shelf life of 2 years, and the large plastic pouch also keeps very well nestled in its own colorful tub in the refrigerator.<br /><br />The flavors of lemon grass, shallot, gingery galanga, kaffir lime peel, warm spices and red chili are very well balanced. This is the only Mae Ploy Curry paste without shrimp paste, making it vegan-suitable as well as delicious with shellfish, fish or fowl.<br /><br />I like to snip off one corner of the clear packet, then squeeze out just the amount I need-anywhere from 1/2 teaspoon to 2 Tablespoons, depending on the recipe. This helps to maintain freshness and flavor and avoid waste.<br /><br />For Thai curry, I will combine the Yellow Curry Paste with a small amount of chicken broth, then add 3/4 Cup more broth per person, plus a can of coconut milk to mellow and round the flavor. A cup or two of chunked seafood or chicken, plus cubed potatoes and onion-simmered together for about 30 minutes- makes a very satisfying dish to serve with either traditional sticky rice or more the more occidental long grain variety.<br /><br />Mae Ploy's Thai Yellow Curry is also delicious with just a bit added to your favorite dip, salad dressing, or try a teaspoonful combined with 1 cup of sour cream or plain yogurt 'painted' over your favorite fish fillets and baked just until cooked through, (about 15-20 minutes at 325).<br /><br />The fine quality of this product has encouraged me to order another flavorful curry paste-also excellent-and I would highly recommend this product for those wishing to re-create favorite restaurant fare at a reasonal price, without tedious preparation.",new thai cuisine asked try milder curry taste running maximum medium heat yellow curry recommended coconut milk based thai version treat seafood chickensomething ive occasion order againso trying recreate taste sensation less thrilled idea grinding individual spice purchasing number pricey ingredient limited shelf life narrow applicationsi research found many thai housewife rely time labor saving using high quality curry paste basis soup curry mae ploy one brand repeatly mentioned high quality fresh tastingthis brand come handful flavor heat level yellow curry paste first eager try shelf life year large plastic pouch also keep well nestled colorful tub refrigeratorthe flavor lemon grass shallot gingery galanga kaffir lime peel warm spice red chili well balanced mae ploy curry paste without shrimp paste making vegansuitable well delicious shellfish fish fowli like snip one corner clear packet squeeze amount needanywhere teaspoon tablespoon depending recipe help maintain freshness flavor avoid wastefor thai curry combine yellow curry paste small amount chicken broth add cup broth per person plus coconut milk mellow round flavor cup two chunked seafood chicken plus cubed potato onionsimmered together minute make satisfying dish serve either traditional sticky rice occidental long grain varietymae ploy thai yellow curry also delicious bit added favorite dip salad dressing try teaspoonful combined cup sour cream plain yogurt painted favorite fish fillet baked cooked minute fine quality product encouraged order another flavorful curry pastealso excellentand would highly recommend product wishing recreate favorite restaurant fare reasonal price without tedious preparation
568092,B000EICISA,A3RO8EWFXJSMLB,Belle Gayer,12,12,5,1277510400,AMAZING CURRY PASTE!!!!!,"This yellow curry paste is FABULOUS -- vegetarian, and wonderful!  I made a SIMPLE chicken curry -- all I did was cut up a large onion, a large yam, a tablespoon of the yellow curry, and add a can of coconut milk and half a cup of water and put it on high heat, and it was ready in 30 minutes!!  WOW!!!!",yellow curry paste fabulous vegetarian wonderful made simple chicken curry cut large onion large yam tablespoon yellow curry add coconut milk half cup water put high heat ready minute wow
568093,B000EICISA,A1BU46DJWGKWYM,Phyllis B. Horowitz,11,11,5,1238457600,Love this Stuff,I began using yellow curry paste in making Senegalese Chicken Peanut Soup.  Now I use it for anything requiring curry.  The richness of this curry paste is amazing.  You get layers and layers of complex flavor.,began using yellow curry paste making senegalese chicken peanut soup use anything requiring curry richness curry paste amazing get layer layer complex flavor
568094,B000EICISA,A1ZTZ2J4RTNZOH,G. Katus,9,9,5,1308700800,"Great stuff, look for it locally first though","Mae Ploy brand is some great stuff to use when making a curry. I would advise everyone to check your local asian or international food market first though to see if it is available. At my local Vietnamese market in Tulsa, OK this container costs $1.99.",mae ploy brand great stuff use making curry would advise everyone check local asian international food market first though see available local vietnamese market tulsa ok container cost
568095,B000EICISA,A7L1YZTTQA5S3,"2012 ""2012""",9,10,5,1280016000,DELICIOUS & EASY TO USE,"I bought this on the recommendation of the other reviewers on Amazon.<br /><br />It is easy to use and tastes just like what you buy in a good Thai restaurant.  I highly recommend this Yellow Curry Paste.<br /><br />I love Yellow Curry in Thai restaurants, but did not want the hassle of making it myself.<br /><br />I bought this curry paste, and mixed<br />-2 Tablespoons of Yellow Curry Paste<br />-1 can of Thai Coconut Milk (13.66 oz)<br />-1 Cup of water<br /><br />Heated in a saucepan and then put in carrots, cauliflower, snow peace, onions and cooked for 20-30 minutes.  I put in enough vegetables to serve 2 people.<br /><br />Then cooked 2 salmon fillets in a frying pan w/ olive oil on the bottom at low heat for 8 minutes w/ the lid on frying pan.  Cooked the salmon w/ the skin on the bottom touching the frying pan.<br /><br />Once Salmon and veggies were cooked, put vegetables and yellow curry sauce in a big bowl, and gently placed the salmon fillet on top (took skin off after being cooked thoroughly). Garnished with Cilantro and squeezed a little lime juice in for extra kick.<br /><br />Very delicious and fast and easy to do.  I love this curry paste and it tastes as good as what you would find in an authtentic Thai restaurant.",bought recommendation reviewer amazonit easy use taste like buy good thai restaurant highly recommend yellow curry pastei love yellow curry thai restaurant want hassle making myselfi bought curry paste mixed tablespoon yellow curry paste thai coconut milk oz cup waterheated saucepan put carrot cauliflower snow peace onion cooked minute put enough vegetable serve peoplethen cooked salmon fillet frying pan w olive oil bottom low heat minute w lid frying pan cooked salmon w skin bottom touching frying panonce salmon veggie cooked put vegetable yellow curry sauce big bowl gently placed salmon fillet top took skin cooked thoroughly garnished cilantro squeezed little lime juice extra kickvery delicious fast easy love curry paste taste good would find authtentic thai restaurant
568096,B000EICISA,AZCH2U6NJMUSG,"J. Poling ""mrfxmanis""",4,4,5,1327881600,American Recipe For This,"This is a very good product but i had problems following the recipes on the container as it's not in US units so here is my recipe for this product:<br /><br />Ingredients:<br /><br />1/2 cup of Mae Ploy curry paste (might be up/down depending on taste)<br />2 tbsp oil<br />2 cans coconut milk<br />1.5 lbs chicken<br /><br />vegetables as wanted but i would suggest<br />1 medium potato - cubed 1/2"" and boiled until tender<br />1 med yellow onion 1/2"" slices<br />1 green pepper 1/2"" slice<br />1 tbsp minced garlic<br /><br />(probably best to use a electric skillet to make this unless you make 1/2 recipe)<br /><br />For Curry:<br />1) Cook chicken - Put 3-4 Tablespoons of olive oil and then cook chicken 5 min (just until pink leaves - otherwise will overcook - remember it will cook more in the sauce)<br /><br />2) add onion, green pepper,minced garlic<br /><br />put in  coconut milk and curry paste and stir - may also add dab (2Tbsp) of plain yogurt but not necessary<br /><br />simmer for 15 min<br />add potatoes<br />add 3 tbsp sugar or to taste<br /><br />Rice: at same time you'll need to make your rice<br /><br />place 2 cups Jasmine rice and 4 cups water into pan (with nice fitting lid)<br />heat til light boil<br />reduce heat to very low simmer<br />let simmer for 20 minutes with lid on - do not remove lid and DO NOT STIR RICE AT ANY POINT<br /><br />*depending on your desired heat level add red pepper flakes on initial coconut additions - or can be added at time of eats<br />** makes about 6 servings",good product problem following recipe container u unit recipe productingredients cup mae ploy curry paste might updown depending taste tbsp oil can coconut milk lb chickenvegetables wanted would suggest medium potato cubed boiled tender med yellow onion slice green pepper slice tbsp minced garlicprobably best use electric skillet make unless make recipefor curry cook chicken put tablespoon olive oil cook chicken min pink leaf otherwise overcook remember cook sauce add onion green pepperminced garlicput coconut milk curry paste stir may also add dab tbsp plain yogurt necessarysimmer minadd potatoesadd tbsp sugar tasterice time youll need make riceplace cup jasmine rice cup water pan nice fitting lidheat til light boilreduce heat low simmerlet simmer minute lid remove lid stir rice pointdepending desired heat level add red pepper flake initial coconut addition added time eats make serving
568097,B000EICISA,A1ZB1KRTAQ0X27,Mr. Ed Sutton,4,4,5,1221091200,Great for making satay ( I love the lemongrass ),I love this curry paste and use it a lot as the base for marinating and grilling satay.,love curry paste use lot base marinating grilling satay
568098,B000EICISA,A2WMZI7K19UPD7,124wave,2,2,5,1324771200,"Very tasty, good heat level",We liked this curry paste. It comes in a plastic tub with an inner sealed bag so it should stay fresh longer if it is not opened right away. The flavor was more multidimensional than some other curry pastes we have tried. The heat level was just about right for us (we like some heat but not enough to overpower other flavors - the tongue should tingle a bit but not go numb). We still start with some chopped onions and sometimes add more ginger paste but the yellow curry is pretty good right out of the tub. The recipe on the tub suggests 50 grams of paste. We checked with a scale and 1 tablespoon is roughly 25 g (so 2 tablespoons of paste). We like it with a bit less - one and a half tablespoons for the given recipe otherwise it was too hot. We were quite happy with this product and would order again.,liked curry paste come plastic tub inner sealed bag stay fresh longer opened right away flavor multidimensional curry paste tried heat level right u like heat enough overpower flavor tongue tingle bit go numb still start chopped onion sometimes add ginger paste yellow curry pretty good right tub recipe tub suggests gram paste checked scale tablespoon roughly g tablespoon paste like bit less one half tablespoon given recipe otherwise hot quite happy product would order
568099,B000EICISA,A1XN2PA6DUKKVF,Rebecca,2,2,5,1308268800,A Kitchen Necessity,"The Yellow Curry paste is great for my family.  Yellow is less spicy than the Red and Green of this brand.  We use them all and love them all, but the yellow is my favorite.  Easy to use and keeps well in the fridge.  I order two at a time to save shipping.  Just saute some onions in oil, then stir in the paste and some fish sauce and sugar to taste.  Add broth and coconut milk then chicken and vegetables.  Easy great curry.",yellow curry paste great family yellow less spicy red green brand use love yellow favorite easy use keep well fridge order two time save shipping saute onion oil stir paste fish sauce sugar taste add broth coconut milk chicken vegetable easy great curry
568100,B000EICISA,A945RBQWGZXCK,Cheryl,0,0,5,1347840000,Great flavor,"I've purchased different curries in the grocery store and was never completely happy with the flavor. I read a recipe that recommended this brand and after using it I can see why they recommend this specific brand. Great flavor - I purchased all 3 - Green, Red, and Yellow curry paste and have enjoyed all 3 types.",ive purchased different curry grocery store never completely happy flavor read recipe recommended brand using see recommend specific brand great flavor purchased green red yellow curry paste enjoyed type
568101,B000EICISA,ADU76RMV8KGS0,Suntide25,0,0,4,1338595200,Fresh and Delicious,"I love curry and have made it at home for years.  I typically have bought the curry in the bottle at the grocery store and this is far superior.  Living in Vermont we have few stores that sell such varieties and I am grateful to have Amazon offering such product.  The curry is fresh and delicious; my only minor complaint is the packaging.  It comes sealed in a plastic bag in a cardboard container.  Not the end of the world, but a glass bottle would have been preferred.",love curry made home year typically bought curry bottle grocery store far superior living vermont store sell variety grateful amazon offering product curry fresh delicious minor complaint packaging come sealed plastic bag cardboard container end world glass bottle would preferred
568102,B000EICISA,A1MZINSEDZ4P6J,Tara,0,0,5,1332979200,Delicious!,I love yellow curry because it is the least spicy of the currys. I'm a weakling and don't like really hot and spicy food. I saw the good reviews on this curry paste and decided to try it. The recipe on the container was a bit confusing but I followed it as best I could and found it was pretty hard to mess up anyway. I don't like my curry too spicy so I did less of the paste and more of the coconut milk and an extra tsp of sugar. It came out amazing! I loved it and can't wait to make it again for dinner!,love yellow curry least spicy curry im weakling dont like really hot spicy food saw good review curry paste decided try recipe container bit confusing followed best could found pretty hard mess anyway dont like curry spicy less paste coconut milk extra tsp sugar came amazing loved cant wait make dinner
568103,B000EICISA,A31NOBXQAFMJ3I,Andy,0,0,5,1331510400,curry,"I've always loved Thai yellow curries, but never had much luck trying to duplicate what I had in restaurants.  It's pretty easy, now that I have the right prime ingredient.  It took me a long time to discover Mae Ploy, but I'm glad I did.",ive always loved thai yellow curry never much luck trying duplicate restaurant pretty easy right prime ingredient took long time discover mae ploy im glad
568104,B000EICISA,A12LKKVMSHBG35,summer,0,0,5,1329004800,Delicious!,"Other reviewers are right on. This is a very good blend of flavors and this container size will last for a long time. I have also thrown it in the freezer and found it keeps just fine and will not freeze solid, so you can just take the amount you need when you need it. By far my favorite curry paste!",reviewer right good blend flavor container size last long time also thrown freezer found keep fine freeze solid take amount need need far favorite curry paste
568105,B000EICISA,A2M5X5DV6H2IWH,Kimberly Wersal,0,0,5,1328745600,Totally Delicious Curry paste!,"I read several positive reviews on this curry paste, and thought it was worth a try.  I WILL be buying this again.  It is delicious and makes it so easy to throw together a quick dinner.  Not too spicy, but with a nice blend of complex flavors.",read several positive review curry paste thought worth try buying delicious make easy throw together quick dinner spicy nice blend complex flavor
568106,B000EICISA,A3E3J8LBG52JM7,"Tech Writers Group LLC ""John Lowe""",0,0,5,1325808000,Love this product,"I made my first dish of chicken, chickpeas and vegetables last night and this stuff is as good as any restaurant in town. I cannot recommend it more highly. Delishious with just a little kick of spicey heat to it. I recently went to a Thai Gourmet restaurant and this is every bit as good as their curry. Price is too high so look around.",made first dish chicken chickpea vegetable last night stuff good restaurant town cannot recommend highly delishious little kick spicey heat recently went thai gourmet restaurant every bit good curry price high look around
568107,B000EICISA,ACWT094KA1SFE,EverthingTB,0,0,5,1322956800,Authentic Thai curry,"This is the best Thai curry I've ever had.<br />It makes making Thai curry so simple even someone like me can make restaurant quality curry. It tastes just like curry we get from Thai restaurant.<br />Simply just heat up a little oil, then put a little curry paste, and pour in a can of coconut milk then put in whatever kind of meat or vegetables you want. don't forget to put couple pieces of basil leaves... so good!!!<br />After I made it for the first time, my boyfriend asked me to make it three days straight! And I enjoyed it a lot too.<br /><br />Only one thing I noticed, if I follow the direction on that container, it would be a little bit too salty for my taste so I just added more water then it says and some sugar at the end. So yummy.",best thai curry ive ever hadit make making thai curry simple even someone like make restaurant quality curry taste like curry get thai restaurantsimply heat little oil put little curry paste pour coconut milk put whatever kind meat vegetable want dont forget put couple piece basil leaf goodafter made first time boyfriend asked make three day straight enjoyed lot tooonly one thing noticed follow direction container would little bit salty taste added water say sugar end yummy
568108,B000EICISA,A3LBRAC0G4278N,SavvyinSacramento,0,0,5,1314748800,Easy to use Curry paste,I have a hard time finding Yellow curry paste and this one worked great. It's super easy to use with alot of robust flavor. I used it to with 3 heaping tablespoons of the paste and one can of coconut milk. Just add to chicken and sweet potatoes over rice. The flavor of the paste was strong with some spice/heat to it.,hard time finding yellow curry paste one worked great super easy use alot robust flavor used heaping tablespoon paste one coconut milk add chicken sweet potato rice flavor paste strong spiceheat
568109,B000EICISA,A23F4L0XITTM3N,H. Gengnagel,0,0,5,1269561600,great if you get unexpected guests,"With some chicken, beef or pork, add some vegetables and fruit - arrange it on some rice. Ready.<br />Nice side effect: they love it!<br />And pretty fast to prepare.",chicken beef pork add vegetable fruit arrange rice readynice side effect love itand pretty fast prepare
568110,B00688IENS,A22CW0ZHY3NJH8,Noname,2,2,5,1287964800,Absolutely delicious.,"Absolutely delicious.  My dad bought these Pirouette French Vanilla wafers for us.  The outer cookie is layers of thin wafers with a french vanilla cream filling.  Crispy, light, sweet and elegant.  It can really dress up an ice cream dessert.  My kids love it and so do I.<br /><br />Each rolled wafer contains the following:<br />*60 Calories<br />*22.5 Calories from fat<br />*2.5 g total fat<br />*1.25 g saturated fat<br />*0 g trans fat<br />*less than 5 mg cholesterol<br />*20 mg sodium<br />*9 g total carbohydrates<br />*0 g dietary fiber<br />*6 g sugars<br />*0.5 g protein.",absolutely delicious dad bought pirouette french vanilla wafer u outer cookie layer thin wafer french vanilla cream filling crispy light sweet elegant really dress ice cream dessert kid love ieach rolled wafer contains following calorie calorie fat g total fat g saturated fat g trans fatless mg cholesterol mg sodium g total carbohydrate g dietary fiber g sugar g protein
568111,B000NY4SA6,AGFW67L13I7R8,N. Cooke,3,3,5,1229299200,It's the best Jerry - the best!,"I first had this in 1980, in Germany. I've since found various importers through the years and now am happy to see it on Amazon. Everyone I've ever shared this with loves it and wants more. Subtle curry taste that creeps up on you. Awesome on burgers, bangers (sausages) - even chicken nuggets.",first germany ive since found various importer year happy see amazon everyone ive ever shared love want subtle curry taste creep awesome burger banger sausage even chicken nugget
568112,B000NY4SA6,ARVPXWNWIRBK1,Timithie Gould,1,1,5,1318377600,YUM!,"This is just like what they serve in Germany for currywurst. It is light in flavor, not too spicy, but lots of good curry flavor. The consistency is runnier than regular ketchup. We use this on everything you would use regular ketchup for. It's a great condiment to share - unexpected, unique and yummy!",like serve germany currywurst light flavor spicy lot good curry flavor consistency runnier regular ketchup use everything would use regular ketchup great condiment share unexpected unique yummy
568113,B000NY4SA6,A3KBU0X53UCSPY,DerVerstossene,1,1,5,1301875200,Yummy,"I am so glad to find the best Ketchup in the world available here at Amazon. Since I moved to the US, I had trouble to find a Ketchup similar to this one. Now I can enjoy all my meals with this Hela Ketchup.",glad find best ketchup world available amazon since moved u trouble find ketchup similar one enjoy meal hela ketchup
568114,B000NY4SA6,A2Q6VINLE39XNW,Alinka,1,1,5,1250726400,love it!,This ketchup is so good!I grew up on this stuff in germany and eat it with all the traditional things you eat ketchup with but its so much more and you can use it for so many different things. to add flavor and consistency. its thicker than regular american ketchup but trust me once you try this you wont want to go back!its not super spicy or hot it just has an amazing mixture of flavors,ketchup goodi grew stuff germany eat traditional thing eat ketchup much use many different thing add flavor consistency thicker regular american ketchup trust try wont want go backits super spicy hot amazing mixture flavor
568115,B000NY4SA6,A1LF5IEF6SYA8Z,C. R.,1,1,5,1227225600,"Very good, very sweet, not too hot","For fans of curry ketchup, this one's an excellent choice. It's sweet and despite of the name it's not too hot. Wish the bottle was larger though. Once you start using it you want to put that stuff on everything...<br /><br />Tip: put this on chopped up bratwurst, sprinkle some powdered curry on top of it. Close to the real thing (""curry wurst"").",fan curry ketchup one excellent choice sweet despite name hot wish bottle larger though start using want put stuff everythingtip put chopped bratwurst sprinkle powdered curry top close real thing curry wurst
568116,B000NY4SA6,A2RTVGR9B1M600,Johannes Luijten,1,1,5,1216512000,Delicious!!!,"Being from Europe aswell I was so happy to find this product here - to bad it seems of of stock now. It goes great with steak and ... french fries :)<br />I wonder if they will ever sell it again, and if they do; I'm ordering right away.<br /><br />I'd recommend this product to anyone!",europe aswell happy find product bad seems stock go great steak french fry wonder ever sell im ordering right awayid recommend product anyone
568117,B000NY4SA6,A1ZMMGWO70Y73,Tara,0,0,5,1343692800,wonderful currywurst,"Boil ball park franks in water for about 5 minutes... remove from water and slice up.  Put hotdogs back in pan, add about a third of this sauce then add small amount of water and boil down.  Serve with fries and you have a delicious european meal that is extremely cheap to make. :)",boil ball park frank water minute remove water slice put hotdog back pan add third sauce add small amount water boil serve fry delicious european meal extremely cheap make
568118,B000NY4SA6,A8GT4WY714ZWM,"Christel Davies ""thing enthusiast""",0,0,5,1333670400,Best Thing Ever,"Magic sauce is real, and this is it. The flavor is epic. Fantastic on bean salad, sausages, eggs, and much much more. I now consider it an absolutely essential condiment in my kitchen.",magic sauce real flavor epic fantastic bean salad sausage egg much much consider absolutely essential condiment kitchen
568119,B000NY4SA6,A2XRVP90QQ1KRY,"Kenneth Gonzalez ""kengon""",0,0,5,1310428800,Awesome!,"This is an awesome product and I got it so quickly I was stunned!! Very, very, very happy with the entire experience!!",awesome product got quickly stunned happy entire experience
568120,B000NY4SA6,A224LFZIJ882U1,Debit or Credit,0,0,5,1201046400,Tastes delicious!,"Being from Europe, I have used this sauce for years and years. I have not found anything that comes even close to its delicious taste. In Europe you can buy several brands that are alike but I like the Hela brand the best and I always have a bottle in my fridge. I prefer the smaller size bottle (400ml) because it fits better in my fridge door.<br /><br />It says ketchup on the bottle but it nothing like ketchup or the spicy ketchups you can find at the regular shops. You just have to try it for yourself to decide whether you like it or not.<br /><br />The sauce goes well on fried or grilled potatoes but it is also very nice on your bratz or other grilled meats & poultry. Mix it up with some mayonaise and you will get mayonaise with a kick.<br /><br />The only negative I can think of would be the price. The price + shipping would be 7 times more than a bottle bought back home.",europe used sauce year year found anything come even close delicious taste europe buy several brand alike like hela brand best always bottle fridge prefer smaller size bottle ml fit better fridge doorit say ketchup bottle nothing like ketchup spicy ketchup find regular shop try decide whether like notthe sauce go well fried grilled potato also nice bratz grilled meat poultry mix mayonaise get mayonaise kickthe negative think would price price shipping would time bottle bought back home
568121,B000NY4SA6,A351QGZ5S8PTBL,"opirty ""opirty""",0,4,1,1320364800,Well ????,"very disapointed in this product,little taste,certainly no curry at all!! You will be better off & money ahead with regulaer Ketchup. DO no waste your money!!!",disapointed productlittle tastecertainly curry better money ahead regulaer ketchup waste money
568122,B00013C2PC,A3QU0DMXV8ET7N,lea832001,3,3,5,1291161600,Gift,"I received this item as a gift and was very excited when I got it. It looked exactly as it does in the picture and the food and snacks provided taste really good, and there is so much that I was able to share it with co-workers and still have snacks for at home.<br />I really enjoyed receiving this gift and I have received others from this company in the past and they have always been awesome. I can highly recommend this product or the company if you would like to send gifts to family or friends or maybe even just for yourself.<br /><br />Thank you",received item gift excited got looked exactly picture food snack provided taste really good much able share coworkers still snack homei really enjoyed receiving gift received others company past always awesome highly recommend product company would like send gift family friend maybe even yourselfthank
568123,B002XO4DP4,A1GX2E74DOCFO9,farmerboyk,1,1,5,1327276800,Delicous!,Ramen is the BEST noodle type food in the whole WORLD!!!<br />I could eat it every day. Specially the chicken!,ramen best noodle type food whole worldi could eat every day specially chicken
568124,B0069AFIN4,A3900BFWJXKJP0,Janna Bredeson,12,13,5,1327276800,Pike Place Roast Rocks..,"We purchased 2 54 count boxes of Starbucks Pike Place Roast Coffee K-Cups recently and were very happy with the quality. The wait for Starbucks K-Cups was well worth it. However our next order will be from Sam's Club as they have 54 count boxes for $38.99, about $12 less than amazon.",purchased count box starbucks pike place roast coffee kcups recently happy quality wait starbucks kcups well worth however next order sam club count box less amazon
568125,B0069AFIN4,A1QLF7ULGL1D3Q,R. Silver,12,15,5,1323561600,"The Perfect K-cup, 40 Years in the Making","First of all, yes, it is expensive.  Though currently at $59.99 for a 54 ct, the price is not part of my review.  I'm sure it'll come down eventually.<br /><br />I've been drinking Pike Place for 10+ years now.  As soon as I got my Keurig, I started looking for a suitable replacement blend.  Although there are plenty of fine K-cups to be found, none quite fit the bill.  I ended up just grinding my own Pike Place and brewing it with a Solofill, which was not ideal for two reasons; 1.  The Solofill does not have enough capacity to get the full flavor.  2.  I'm lazy and this defeats the purpose of a Keurig brewer in the first place.<br /><br />There is a reason that Pike Place put Starbucks on the map nearly 40 years ago.  It is THE perfect medium blend.  There is plenty of flavor for dark coffee drinkers to enjoy, and is not too rich or 'burnt' for light coffee drinkers.  It's bright, but not too bright.<br /><br />Does the K-cup version do it justice?  Yes.  Everything I mentioned above is in this little cup.  I just got home with these an hour ago, and 3 cups later, I can honestly say my prayers have been answered.<br /><br />You know what?  Even at $59.99, this review would be 5 stars.  It's that good.",first yes expensive though currently ct price part review im sure itll come eventuallyive drinking pike place year soon got keurig started looking suitable replacement blend although plenty fine kcups found none quite fit bill ended grinding pike place brewing solofill ideal two reason solofill enough capacity get full flavor im lazy defeat purpose keurig brewer first placethere reason pike place put starbucks map nearly year ago perfect medium blend plenty flavor dark coffee drinker enjoy rich burnt light coffee drinker bright brightdoes kcup version justice yes everything mentioned little cup got home hour ago cup later honestly say prayer answeredyou know even review would star good
568126,B0069AFIN4,A26NFIQ7KWI8Y7,kt rose,4,4,5,1329696000,surprisingly flavorful,"I didn't expect to like this coffee since it's a medium roast and I'm a bold roast person.  However, I found it flavorful and strong.<br /><br />For reference purposes my in store drink is a Starbucks Americano.<br /><br />My favorite k-cups are:<br />Starbucks French Roast<br />Starbucks Caffe Verona<br />Starbucks Pike Place Roast<br />Green Mountain Xtra Bold Sumatran Reserve<br />Green Mountain Double Black Diamond<br />Green Mountain Revv<br />Green Mountain Dark Magic<br /><br />Other k-cups I've tried:  Coffee People Jet Fuel ,Green Mountain Dark Magic Decaf, Emeril Jazzed up Decaf, Starbucks Caffe Verona, Coffee People Black Tiger,  Starbucks House Blend, Starbucks Breakfast Blend, Starbucks Sumatra, Wolfgang Puck French Roast, Green Mountain Lake and Lodge, Green Mountain French Roast, Caribou Mahogony, Wolfgang Puck Sumatra Kopi Raya, Emeril Big Easy Bold",didnt expect like coffee since medium roast im bold roast person however found flavorful strongfor reference purpose store drink starbucks americanomy favorite kcups arestarbucks french roaststarbucks caffe veronastarbucks pike place roastgreen mountain xtra bold sumatran reservegreen mountain double black diamondgreen mountain revvgreen mountain dark magicother kcups ive tried coffee people jet fuel green mountain dark magic decaf emeril jazzed decaf starbucks caffe verona coffee people black tiger starbucks house blend starbucks breakfast blend starbucks sumatra wolfgang puck french roast green mountain lake lodge green mountain french roast caribou mahogony wolfgang puck sumatra kopi raya emeril big easy bold
568127,B0069AFIN4,A1BIKJYYZ1RZBF,AngelEP,3,3,3,1325030400,Good coffee!,I enjoyed this coffe quite a bit but I can not say I enjoyed it any more than any other good quality K-cup coffees available at a much lower price. Doesn't seem to taste the same as in-store brewed.,enjoyed coffe quite bit say enjoyed good quality kcup coffee available much lower price doesnt seem taste instore brewed
568128,B0069AFIN4,A1TPW86OHXTXFC,"prisrob ""pris,""",1,1,4,1345593600,Best of the Best,"I have loved the taste of  Pike Place Roast coffee since its first offering. I have a special affinity to Pike Place in Seattle, and this coffee has a particular taste that brings me a sense of the place. It is robust with a flavor of  cocoa and toasted nuts. It is subtle with a smooth body. As an aside, Starbucks opened  their first store in the Pike Place Market in 1971.<br /><br />When I received my Keurig, I hoped to find Pike Place K-Cups, and that was one of my first purchases. The coffee has the exact flavor and is so delicious! It is so easy and convenient to order from Amazon. I look forward to my first cup of coffee each morning!<br /><br />Highly Recommended. prisrob 08-22-12<br /><br /><a href=""http://www.amazon.com/gp/product/0520269926"">Everything but the Coffee: Learning about America from Starbucks</a><br /><br /><a href=""http://www.amazon.com/gp/product/B0069AFIN4"">Starbucks Pike Place Roast, K-Cup Portion Pack for Keurig K-Cup Brewers, 54-Count</a>",loved taste pike place roast coffee since first offering special affinity pike place seattle coffee particular taste brings sense place robust flavor cocoa toasted nut subtle smooth body aside starbucks opened first store pike place market received keurig hoped find pike place kcups one first purchase coffee exact flavor delicious easy convenient order amazon look forward first cup coffee morninghighly recommended prisrob everything coffee learning america starbucksstarbucks pike place roast kcup portion pack keurig kcup brewer count
568129,B0069AFIN4,A36MZGJVT077WL,Alsand,1,1,3,1337299200,"Good, but not Great","I live near Seattle and have drunk ""Pike's Place Roast"" at the Pike's Place location many times. So I know what a good cup of it tastes like. I'll also say that my expectations are higher for a k-cup that sells for a premium price.<br /><br />The coffee these k-cups makes is good, but not great. Even brewing the 6oz size, it is a little weak - far weaker than what is normal for this blend as made in a Starbucks. Why they didn't simply make this a ""Bold"" k-cup with more coffee grounds in it I can't say; but it would help. But if you like the stronger style of coffee Starbucks is known for, you'll be a bit disappointed. I don't plan to buy this again.<br /><br />So again, not bad, but nothing special. To my tastes, there are plenty of better k-cups for less money. Not worth the extra cost and a little on the weak side. I'm giving it three stars, but 2.5 stars would be about right",live near seattle drunk pike place roast pike place location many time know good cup taste like ill also say expectation higher kcup sell premium pricethe coffee kcups make good great even brewing oz size little weak far weaker normal blend made starbucks didnt simply make bold kcup coffee ground cant say would help like stronger style coffee starbucks known youll bit disappointed dont plan buy againso bad nothing special taste plenty better kcups less money worth extra cost little weak side im giving three star star would right
568130,B0069AFIN4,A1N10E26UAQ2TF,Matthew,1,1,5,1332892800,Wonderful Coffee,"This is the perfect medium roast K-cup. The coffee never tastes burnt or watered down. It tastes just like it would if you ordered it at Starbucks. This coffee is just as good as the French Roast, but not as strong. I will continue to buy these as they are the best K-cup I have tasted yet!",perfect medium roast kcup coffee never taste burnt watered taste like would ordered starbucks coffee good french roast strong continue buy best kcup tasted yet
568131,B0069AFIN4,A2L5T5EKUPRVFZ,Patrick,3,4,5,1325289600,Ambrosia (But w/a Warning),"<a href=""http://www.amazon.com/gp/product/B0069AFIN4"">Starbucks Pike Place Roast Coffee K-Cups, 54 Count</a><br /><a href=""http://www.amazon.com/gp/product/B005ZZHT36"">Starbucks Pike Place Roast Medium Roast Coffee Keurig K-Cups, 16 Count</a><br /><a href=""http://www.amazon.com/gp/product/B0061UQ4ZI"">Starbucks Pikes Place, K-Cup Portion Pack for Keurig K-Cup Brewers, 10- Count (Pack of 3)</a><br /><a href=""http://www.amazon.com/gp/product/B005ZZM6NO"">Starbucks Coffee * Pike Place Roast * Medium, 3 Boxes of 16 K-Cups for Keurig Brewers, (48 total Count)</a><br /><a href=""http://www.amazon.com/gp/product/B004UM2IZE"">Starbucks Pike Place Roast, Whole Bean Coffee (1lb)</a><br /><a href=""http://www.amazon.com/gp/product/B00351JWTQ"">Starbucks Pike Place Roast Coffee, Ground, 12-Ounce Bags (Pack of 2)</a><br /><a href=""http://www.amazon.com/gp/product/B0051SU0OW"">ekobrew Cup, Refillable Cup For Keurig K-Cup Brewers, Brown, 1-Count</a><br /><a href=""http://www.amazon.com/gp/product/B0064A7SRS"">Ekobrew Cup,Refillable K-Cup For Keurig K-Cup Brewers 2-Pack</a><br /><a href=""http://www.amazon.com/gp/product/B005FKRTO0"">ekobrew Cup, Refillable Cup for Keurig K-Cup Brewers, Brown/Green, 3-Count</a><br /><br />I've been enjoying this brew since the first week Starbucks came out with this.  I was so elated when I found out that Starbucks was now going to be in Keurig form, let alone this flavor.  I normally can not stand coffee with cream and sugar.  I enjoy my coffees, black, no cream or sugar, and STRONG.  This one is the lone exception.  Starbucks claims this is a medium roast.  Take it with a grain of salt.  It has a fantastic aroma but a bitter taste, with also a bit of an aftertaste.  The first time I had this at a Starbucks, I wanted to throw this out.  To be honest, it was nasty, but with the price of a Starbucks coffee, at their coffee shop, I refused to give in.  I added (2) packets of sugar, along with some half & half, and ""Oh my God"", I was in heaven.  I should say, this is for an 8oz cup.  Not only is this so good, it's actually my favorite coffee.<br /><br />Now with the K-Cup version... to make the equivalent, I select an 8oz brew, use half & half to where it's a medium brown, and (2) packets of Splenda.  Splenda, in coffee tastes as good as sugar.  I'm diabetic.  This tastes as good as if it was from their coffee shop.<br />Since this can get expensive if your going to have more than (2) cups a day, I've decided to purchase this in 1lb bags and use the ""ekobrew Cup, Refillable Cup for Keurig K-Cup Brewers"", to make this more cost effective.<br /><br />The bottom line is I think if you, like me, don't like this coffee, by itself, try it with cream and sugar.  You'll be surprised at the difference in taste.<br /><br />By the way... why this says I'm in New Caledonia, I have no idea nor can I get it to change.  I'm from NJ.",starbucks pike place roast coffee kcups countstarbucks pike place roast medium roast coffee keurig kcups countstarbucks pike place kcup portion pack keurig kcup brewer count pack starbucks coffee pike place roast medium box kcups keurig brewer total countstarbucks pike place roast whole bean coffee lbstarbucks pike place roast coffee ground ounce bag pack ekobrew cup refillable cup keurig kcup brewer brown countekobrew cuprefillable kcup keurig kcup brewer packekobrew cup refillable cup keurig kcup brewer browngreen countive enjoying brew since first week starbucks came elated found starbucks going keurig form let alone flavor normally stand coffee cream sugar enjoy coffee black cream sugar strong one lone exception starbucks claim medium roast take grain salt fantastic aroma bitter taste also bit aftertaste first time starbucks wanted throw honest nasty price starbucks coffee coffee shop refused give added packet sugar along half half oh god heaven say oz cup good actually favorite coffeenow kcup version make equivalent select oz brew use half half medium brown packet splenda splenda coffee taste good sugar im diabetic taste good coffee shopsince get expensive going cup day ive decided purchase lb bag use ekobrew cup refillable cup keurig kcup brewer make cost effectivethe bottom line think like dont like coffee try cream sugar youll surprised difference tasteby way say im new caledonia idea get change im nj
568132,B0069AFIN4,A2OTGX253O4J4D,amr,0,0,5,1350345600,Starbucks Coffee,Starbucks Pike Place Roast K-Cup Portions.  This is my favorite coffee for my Keurig K-Cup Brewer. I drink it every morning that is what helps me get started. This price is good too.,starbucks pike place roast kcup portion favorite coffee keurig kcup brewer drink every morning help get started price good
568133,B0069AFIN4,A9PMSDY9BSNRW,Grandma Vicki,0,0,5,1349827200,Interesting packaging,My only surprise was that 54 cups arrived rolling around loose in a cardboard box.  I guess I expected the regular Starbucks packaging which would have been a little easier for storage.,surprise cup arrived rolling around loose cardboard box guess expected regular starbucks packaging would little easier storage
568134,B0069AFIN4,A32POLCN9IW6XE,Marilynn D. Harrison,0,0,1,1349827200,Not star struck with Starbucks!,"I was very disappointed with this purchase! The k-cups came in a plain box with the cups dumped in.  Most looked smashed or old. There is no expiration date so there is no way to tell how old these things are. They look old!!  Also, beware of return policy for this is NO return available (and there is NO mention of that on the item!). $40+ down the drain and in the trash. I will NEVER buy coffee through Amazon again!!!!!!!!!!!!!!!",disappointed purchase kcups came plain box cup dumped looked smashed old expiration date way tell old thing look old also beware return policy return available mention item drain trash never buy coffee amazon
568135,B0069AFIN4,A1QPZMOU1XNP8A,ljbr,0,0,5,1349740800,love this coffee,I love Starbucks coffee of all kinds but the Pikes Place is my all time favorite it is so smooth and rich it is the perfect coffee for the person who likes to drink their coffee black,love starbucks coffee kind pike place time favorite smooth rich perfect coffee person like drink coffee black
568136,B0069AFIN4,A2GUGY0TJL1QMD,Linda L. Stapf,0,0,4,1345939200,Good Buy,This is a good price for starbucks K- cups.  Tired of paying lots more in the grocery store and at Staples.  Instead we stock up on these and have coffee for a while instead of for a week. I like the convenience.,good price starbucks k cup tired paying lot grocery store staple instead stock coffee instead week like convenience
568137,B0069AFIN4,A3P84TZX9X1B3X,"KIMBUYS ""kimbuys""",0,0,5,1345507200,Very tasty - but not my fave starbucks flavor.,"Found these on amazon warehouse sale at a good price.  Very bold, but I still prefer other Starbucks flavors over this one.",found amazon warehouse sale good price bold still prefer starbucks flavor one
568138,B0069AFIN4,A233D1GEZOGB1Y,Joan,0,0,5,1345248000,Great K-Cup value and taste,"As usual, the service was great and the product exactly as expected. Bought this for my Mom since she loves Pike Place at the Starbucks and she enjoys this k-cup product equally as well.",usual service great product exactly expected bought mom since love pike place starbucks enjoys kcup product equally well
568139,B0069AFIN4,A3NI3VHW1LOR64,rob070,0,0,1,1344643200,Pikes Place k cups not the same,"The Pikes Place Coffee at the Starbucks store is my favorite coffee. Decided to buy Pikes Place k cups.<br />The  taste is completely different, similar to Newman's Own Extra Bold.  I will not buy Pikes Place k cups again.",pike place coffee starbucks store favorite coffee decided buy pike place k cupsthe taste completely different similar newman extra bold buy pike place k cup
568140,B0069AFIN4,ATGY3VWXRE1IE,Coffeeliker,0,0,5,1344297600,Starbucks at home,"Pikes Place is one of my favorite choices at Star Bucks stores and the little cup for the Keruig is just as good; morning, noon or night.",pike place one favorite choice star buck store little cup keruig good morning noon night
568141,B0069AFIN4,A2E37L0X0EV9BJ,Willie,0,0,5,1343520000,My Amazon and Starbucks Experience,"I have always bought Starbucks coffee from a store within Krogers. I looked on Amazon and foun Starbucks Pike Place Roast K-Cup Portion Pack and found a package of 54-count!! Wow! Needless to say, I purchased it and of course I loved every last drop of it! Thank you Starbucks and thank you Amazon for packaging it so secure and getting it to me right on time as usual!!!",always bought starbucks coffee store within krogers looked amazon foun starbucks pike place roast kcup portion pack found package count wow needless say purchased course loved every last drop thank starbucks thank amazon packaging secure getting right time usual
568142,B0069AFIN4,A17R95PFV5AP6W,M. Bullard,0,0,4,1341273600,Daily Breakfast Coffee,This coffee is bold enough to get one started in the morning.  Two cups is robust enough to kick start your system and the taste is outstanding.,coffee bold enough get one started morning two cup robust enough kick start system taste outstanding
568143,B0069AFIN4,A1T2QLR2ZCGP8Y,"Don Cooper ""Don C""",0,0,5,1340150400,Gotta Have it!,"I like buying this package, keeps me from running out. I wish Keurig made a maker that would fill a cup... lol.... Sams Club has this same box for $40 as of 06.20<br /><br />Love IT !!",like buying package keep running wish keurig made maker would fill cup lol sam club box love
568144,B0069AFIN4,A2TWK0WR4HCKG6,"Dennis Podgorski ""Dennis Podgorski - @xgolferx""",0,0,5,1337731200,Love having the ability to get a great cup of Pike without the trip out,Quick pick up when the office grind is wearing me down.<br /><br />A small taste of Seattle in every cup just need to get one of those comfy chairs in my office and I will be set.,quick pick office grind wearing downa small taste seattle every cup need get one comfy chair office set
568145,B0069AFIN4,A36MZGJVT077WL,Alsand,0,0,3,1337299200,"OK, but not great","I live near Seattle and have drunk ""Pike's Place Roast"" at the Pike's Place location many times. So I know what a good cup of it tastes like. I'll also say that my expectations are higher for a k-cup that sells for a premium price.<br /><br />The coffee these k-cups makes is good, but not great. Even brewing the 6oz size, it is a little weak - far weaker than what is normal for this blend as made in a Starbucks. Why they didn't simply make this a ""Bold"" k-cup with more coffee grounds in it I can't say; but it would help. But if you like the stronger style of coffee Starbucks is known for, you'll be a bit disappointed. I don't plan to buy this again.<br /><br />So again, not bad, but nothing special. To my tastes, there are plenty of better k-cups for less money. Not worth the extra cost and a little on the weak side. I'm giving it three stars, but 2.5 stars would be about right.",live near seattle drunk pike place roast pike place location many time know good cup taste like ill also say expectation higher kcup sell premium pricethe coffee kcups make good great even brewing oz size little weak far weaker normal blend made starbucks didnt simply make bold kcup coffee ground cant say would help like stronger style coffee starbucks known youll bit disappointed dont plan buy againso bad nothing special taste plenty better kcups less money worth extra cost little weak side im giving three star star would right
568146,B0069AFIN4,A2OD1KQHZUZHIA,RunningMan,0,0,5,1328400000,How could you go wrong with Starbucks?,"Seriously, how could you go wrong with Starbucks? The Pick Place Roast is great, but I prefer the Breakfast Blend. I think the Pike Place Roast is best in a travel mug.",seriously could go wrong starbucks pick place roast great prefer breakfast blend think pike place roast best travel mug
568147,B0069AFIN4,A1C9JNBZRLE9QH,pianha,0,1,1,1340582400,A non-competitive price!,"Don't understand why that people are happy with the price here. Please check other stores or online shops, you can just easily find much cheaper price than this. Even more than 10 dollars difference as compare to Sam's Club.",dont understand people happy price please check store online shop easily find much cheaper price even dollar difference compare sam club
568148,B0069AFIN4,A2E3EFO5HWI38O,"M. Herbert ""bookluvrmindy""",0,1,3,1337299200,Good but not great.,My husband's favorite coffee at Starbucks is Pikes Place so I purchased this one.  It wasn't that great.  We both actually like the French Roast Dark Roast better.,husband favorite coffee starbucks pike place purchased one wasnt great actually like french roast dark roast better
568149,B0069AFIN4,A3QQCEQ33O0GJU,RDS,0,1,5,1336348800,It's Pike from Starbuciks,"Fits in my Kuerig, it's pike place from Starbucks, It's my favorite so what can I say I'm happy. It arrived fast and complete in good packaging.",fit kuerig pike place starbucks favorite say im happy arrived fast complete good packaging
568150,B0069AFIN4,A1BA06ECPCHKI1,Christine Vital/Varian Medical Systems,0,1,5,1336262400,Sbux Pikes Place K-cups,This is my husbands favorite coffee for the Keurig. Finally after MONTHS of testing. Perfect cup of coffee every time. Nothing bitter about this cup...,husband favorite coffee keurig finally month testing perfect cup coffee every time nothing bitter cup
568151,B0069AFIN4,A2M98NPVGQX2GK,Camille,0,1,5,1334880000,My sister loved it....,"Bought this blend for my sister when she came to visit. She was happy with it, but we are left with several K-cups because she could not take them with her.<br /><br />It is just too bland for us. We like bold dark roast coffee and also get our K-cups from Amazon. But since my sister liked Pike Place roast, I gave it five stars.",bought blend sister came visit happy left several kcups could take herit bland u like bold dark roast coffee also get kcups amazon since sister liked pike place roast gave five star
568152,B0069AFIN4,A1AR9L2VDNVQH0,"Deanna O. Dowell ""Dee""",0,1,5,1331769600,Favorite and great deal,"Love, love these K-cups.  I'm a Starbucks junkie and at around 50 cents a K-cup I save tons on not going to my local Starbucks store and buying a caramel macchiato when I can make it myself at home!!!  Now, if Fair Trade would just make K-cups then I'd be all set.",love love kcups im starbucks junkie around cent kcup save ton going local starbucks store buying caramel macchiato make home fair trade would make kcups id set
568153,B0069AFIN4,A25ZSDXJ9KUA6W,James Killen,0,1,5,1330041600,expensive,I really liked the Pikes Place Coffee but will not continue buying unless they become more competitive in their pricing.,really liked pike place coffee continue buying unless become competitive pricing
568154,B0069AFIN4,A3MARXBKZPWSDN,WesW,1,3,5,1325030400,"Awesome coffee,but 38 bucks at Sam's","Coffee tastes as good as from Starbucks, k-cups rule. The 54 count is a one time purchase at Sam's so if you like Pike you better load up.",coffee taste good starbucks kcups rule count one time purchase sam like pike better load
568155,B0069AFIN4,A1K58EY2A4O7NR,Andrew Macomber,4,8,3,1328054400,Cheaper at Sam's,"If anyone has a membership to Sam's Club, they have this type of SB coffee, same count box for $38.  Just a head's up.",anyone membership sam club type sb coffee count box head
568156,B0069AFIN4,AKGLG5WF9K5K2,"R. Rice ""LionHeart""",2,5,2,1328745600,Starbucks - you've got to be kidding!?!?,"What are these K-Cups made of?  $1.00 per K-Cup and that is at a discount?  Starbucks came late the the K-cup party and looks like they arrived way over dressed as well.  Don't waste your money on these.  A friend picked up some and I tried them, while they aren't bad, they certainly aren't worth twice the price as the equally good coffee produced by several other K-Cup brands.",kcups made per kcup discount starbucks came late kcup party look like arrived way dressed well dont waste money friend picked tried arent bad certainly arent worth twice price equally good coffee produced several kcup brand
568157,B0069AFIN4,A26TM827JC1QCQ,mdpark,2,6,1,1326326400,suspicious,"I'm not sure what happened, but my box of ""54 k-cups"" only had 52 cups in it.  There was no packaging inside the box to hold the k-cups in place and protect them, they were just laying in the box loosely.  Some of the cups in the box were also damaged, probably due to the lack of packaging in the box.  This is not the quality anyone would expect from companies such as Keurig and Starbucks!  I suspect the box has been opened previously.  I do not know what happened on the sellers end, but what they sent out was not an original new package of keurig k-cups!  The cups seem to be authentic, but it is hard to tell since the packaging was not up to par and even though the box was sealed, it is looks like the box has been opened previously.  The product I received was sold by ""BECCO CORP"" through amazon.",im sure happened box kcups cup packaging inside box hold kcups place protect laying box loosely cup box also damaged probably due lack packaging box quality anyone would expect company keurig starbucks suspect box opened previously know happened seller end sent original new package keurig kcups cup seem authentic hard tell since packaging par even though box sealed look like box opened previously product received sold becco corp amazon
568158,B0069AFIN4,A3AGQAXTX6VRJ3,"David Michael ""Kahuna""",0,3,2,1333065600,"Mediocre Flavor & Brew, Not StarBucks Quality!","In 2011, when StarBucks broke away from Tassimo Bosch over a contractual dispute, I was completely disappointed, and wondered<br />what other Options were going to be available, in the meantime, I purchased a warehouse supply of StarBuck's Coffee & Cappuccino and<br />started researching a New Coffee Machine, and then ... in November, I found out that Starbucks was offering the ""K-Cup"" Version, for the Keurig Coffee machines. I ordered and received a Brand New B145 OfficePRO model, a supposedly 'Heavy-Duty' Keurig Model ...<br />In January, I started to put the Keurig thru it's paces, along side the Tassimo, and frankly the Tassimo is still SUPERIOR, in the way that it Brews for Better Flavor, has a Faster Brewing Cycle, and heats the H2O to the Optimal Temperature, than the Keurig, which BTW, is/was a lot NOSIER than the Tassimo. In all fairness, this could be  a 'technical' problem with the Bar Code settings on the K-Cups. Note , that I continued to also use my Red Tassimo unit, as it is/was the only coffee unit to use the Milk Creamers, as Keurig still does not offer that option, anywhere!<br /><br />In February, I left on a 3-week trip, and as I always do, I turned off all the unnecessary electric Household appliances.<br />When I returned back in this month of March, I was so PISSED to find out that the Brand New Keurig was totally INOPERABLE!<br />Nada! Zip! Zero! Despite, doing everything that was Recommended on Forums (don't go the Keurig Forums, as they are so Worthless!)<br />Now, I have a large, fancy Keurig BRICK that I am attempting to get a Refund for, so stay tuned!<br /><br />* Pike Place + Colombian + Folgers are the different varieties that I tried on the New Keurig machine.<br />  The Colombian was the Best of the lot.<br /><br />Read my comments, after each bullet item:<br /><br />  * Features fresh Starbucks coffee in an easy-to-brew single-cup (K-Cup) serving. - Not as good as the Tassimo, which is about<br />  2 Steps BELOW a StarBucks Coffee House. I often found the Keurig ""Brew"" to be a tad Watery, not Rich & Flavorful.<br /> * Brews in 1 minute or less, so you can grab a cup when you're in a rush. - BUT, you have to Turn the Unit ON FIRST,<br />  so that it will Warm Up first, before the Blue Light comes on, indicating that it is ready to start brewing.<br /> * Medium Roast Ground Coffee - They call it 'Medium', but I think it's more MILD!<br /> * Smooth & Balanced - Disagree, Balanced with What? Tea?<br /> * Rumor of a Sale Price of only 38 buckaroos at Sam's Club & Costco - I cannot confirm this rumor.<br /><br />* There is now a New Rumor that StarBucks is going to be offering their Consumer Coffee Machine in the fall!<br /><br />Stay Tuned!",starbucks broke away tassimo bosch contractual dispute completely disappointed wonderedwhat option going available meantime purchased warehouse supply starbucks coffee cappuccino andstarted researching new coffee machine november found starbucks offering kcup version keurig coffee machine ordered received brand new b officepro model supposedly heavyduty keurig model january started put keurig thru pace along side tassimo frankly tassimo still superior way brew better flavor faster brewing cycle heat ho optimal temperature keurig btw iswas lot nosier tassimo fairness could technical problem bar code setting kcups note continued also use red tassimo unit iswas coffee unit use milk creamer keurig still offer option anywherein february left week trip always turned unnecessary electric household applianceswhen returned back month march pissed find brand new keurig totally inoperablenada zip zero despite everything recommended forum dont go keurig forum worthlessnow large fancy keurig brick attempting get refund stay tuned pike place colombian folgers different variety tried new keurig machine colombian best lotread comment bullet item feature fresh starbucks coffee easytobrew singlecup kcup serving good tassimo step starbucks coffee house often found keurig brew tad watery rich flavorful brew minute less grab cup youre rush turn unit first warm first blue light come indicating ready start brewing medium roast ground coffee call medium think mild smooth balanced disagree balanced tea rumor sale price buckaroo sam club costco cannot confirm rumor new rumor starbucks going offering consumer coffee machine fallstay tuned
568159,B001SB24P4,A3HT7Z4EKASS82,RM,0,0,5,1341100800,Garlic Salt move over...this is way better,"WOW.....it's so fresh tasting.<br /><br />If you like Garlic.....this is your new secret weapon!  This stuff's amazing....great on salad's, perfect in pasta, I have so many uses for it...constantly running out.<br /><br />Great Product!",wowits fresh tastingif like garlicthis new secret weapon stuff amazinggreat salad perfect pasta many us itconstantly running outgreat product
568160,B004VEWTTQ,AW6AFZZH66H5A,"Pierre Zeitoun ""Electronic Heaven""",12,12,5,1329868800,Just like remember !,Being French I grew up knowing how important it was to use a good unrefined salt. The one from Brittany being the very best. No! It's not foolish to spent money on a  basic spice. It has a very delicate flavor (almost floral) and you don't need a lot. Will taste great on salads. A clear healthy winner.,french grew knowing important use good unrefined salt one brittany best foolish spent money basic spice delicate flavor almost floral dont need lot taste great salad clear healthy winner
568161,B004VEWTTQ,A31AS7L29JTV6H,"G. Baker ""nJoyLife""",12,12,5,1314921600,Wow,"Not really sure if I can describe this salt properly. Yes, it has a wonderful flavor without too much of a salty flavor. It's very clean tasting. Mostly, though, I think it seems ""creamy"". Yea, I know that sounds weird, but the moisture with the salt gives it a creamy-salty embodiment. I use this for special dishes to add a delectable flavor to a dish...also knowing that I'm serving food with a healthy salt with tons of minerals.",really sure describe salt properly yes wonderful flavor without much salty flavor clean tasting mostly though think seems creamy yea know sound weird moisture salt give creamysalty embodiment use special dish add delectable flavor dishalso knowing im serving food healthy salt ton mineral
568162,B004VEWTTQ,A1C2GFOPBDFM8L,David S. Lott,9,10,4,1312761600,Good Product Well Priced,"This is good, briny large crystal grey sea salt, which for most uses I prefer to the more expensive white.",good briny large crystal grey sea salt us prefer expensive white
568163,B004VEWTTQ,AUOJEXT54C9TS,frogladysmiles,5,5,5,1323734400,Love it,"<a href=""http://www.amazon.com/gp/product/B004VEQUIW"">1 Pound - French Gray Sea Salt - Light Grey (Coarse) - Bag -""Sel Gris De Gu&eacute;rande"" French Sea Salt</a>  Don't know why, but when using this - there is a something special flavor added.  Never used anything but regular table salt.  But I am hooked!!!",pound french gray sea salt light grey coarse bag sel gris de gueacuterande french sea salt dont know using something special flavor added never used anything regular table salt hooked
568164,B004VEWTTQ,A19THLC5ICNIKV,artlady,4,4,5,1331596800,salt of the earth,This wonderful sea salt is both beautiful and healthy for you. It takes less to season. Anyone who is concerned abot salt and diet will love this product,wonderful sea salt beautiful healthy take less season anyone concerned abot salt diet love product
568165,B004VEWTTQ,A2N9W653IF2ATM,2cents,4,4,5,1331424000,Yumo!,"Man, this salt is really good!  Love the flavor, and that it's a much better/wiser choice vs regular table salt.  Good Stuff!",man salt really good love flavor much betterwiser choice v regular table salt good stuff
568166,B004VEWTTQ,AI5SG3N6F0RMN,John Ron-Je',8,10,5,1314316800,"Great stuff,and a must to have","I got into salts, the more I learned to cook.  Firstly all salt is salt,  but different textures appeal differently on your palate.  They seem so anyway.  Now the darker shades of salt do have different minerals, depending where they're from.  You need to be careful though , remember these gourmet salts do not have iodine, so make sure you continue to use table salt, though it is hard to do so.  Love this salt on salads and steak,  trust me.",got salt learned cook firstly salt salt different texture appeal differently palate seem anyway darker shade salt different mineral depending theyre need careful though remember gourmet salt iodine make sure continue use table salt though hard love salt salad steak trust
568167,B004VEWTTQ,A2NHZN41OXJBNP,"M. fletcher ""Angelsongsilove""",3,3,5,1334966400,FAMILY LOVES IT!,"Got this stuff and it looked like they just swept it off the beach . I think its still wet actually. We got the course and we grind it ourselves. We love it. We even took a taste test, first this French gray , then Mortons salt. Hands down we could taste the difference and we could taste how much better the French Gray was. I would get the fine salt next time. I wanted that but must have hit the course by accident. We still like it! You will too. Worth every dollar. And now im spoiled.",got stuff looked like swept beach think still wet actually got course grind love even took taste test first french gray morton salt hand could taste difference could taste much better french gray would get fine salt next time wanted must hit course accident still like worth every dollar im spoiled
568168,B004VEWTTQ,A9TPV4O2YQJXO,loves purses,3,3,5,1334534400,mm mm good,"Love this salt.  It has a really nice flavor, not too salty, has a mineral taste that is very good.",love salt really nice flavor salty mineral taste good
568169,B004VEWTTQ,AYNH2BHO8SO52,Nicole,0,0,5,1346112000,Tasty,"I never realized this, but the salt and mineral concentration of seawater is different in each part of the world, and therefore the taste of sea salt varies based on where it comes from.<br /><br />To me, ""French gray"" sea salt is delicious - the flavor is more gentile than regular salt and has a slightly tangy taste with just a hint of minerals.  The price may seem high compared to table salt, but Amazon's price is low compared to other places I've bought it. Definitely worth it, in my opinion.<br /><br />One thing to note is that this sea salt is very moist, so it doesn't work well in a grinder or shaker.  Sometimes I'll serve it in a salt cellar, but generally I just keep it in a glass jar by the stove for cooking and use regular salt at the table.",never realized salt mineral concentration seawater different part world therefore taste sea salt varies based come fromto french gray sea salt delicious flavor gentile regular salt slightly tangy taste hint mineral price may seem high compared table salt amazon price low compared place ive bought definitely worth opinionone thing note sea salt moist doesnt work well grinder shaker sometimes ill serve salt cellar generally keep glass jar stove cooking use regular salt table
568170,B004VEWTTQ,A3N0XT43RFEJLD,"Andrea N. Fleuren ""Doctor 72""",0,0,5,1345334400,loved it,"great product.  actually we've used it all now.  great to scatter on veggies, as well as cooking in meals. highly recommends.",great product actually weve used great scatter veggie well cooking meal highly recommends
568171,B004VEWTTQ,A3GQP16J109A3F,"Homer Jay Simpson ""Homer J.""",1,2,3,1339200000,why is it wet?,"the salt is wet and i dont like that. it's not dripping or anything, but it's moist and it is clumping. i had to put it in the oven and as i type it's baking to get the moisture out.<br /><br />i did not know that it would be damp.<br /><br />it has a nice flavor, quite salty. if it was not damp/wet, i'd buy it again.",salt wet dont like dripping anything moist clumping put oven type baking get moisture outi know would dampit nice flavor quite salty dampwet id buy
568172,B004VEWTTQ,A2U1BYEK28NS3F,"Auntie Sandy ""Hooked on Books""",0,1,5,1342137600,Yummy!,"Yeah, I know that salt is salt, but I like the taste of this salt. It wasn't as costly as many of the gourmet salts, so I use it to make my own seasoned salts for myself and for gifts.",yeah know salt salt like taste salt wasnt costly many gourmet salt use make seasoned salt gift
568173,B001VNKW76,A2WVXQFTBP62EY,"C. Janecek ""reviewer""",1,1,5,1323129600,"great quality, great price","We used these for an art project, so I can't tell you about the flavor. However, they smell great and were nearly all ""intact."" Great quality. Will buy again.",used art project cant tell flavor however smell great nearly intact great quality buy
568174,B001VNKW76,A17E2D0H3BRR9P,Stephen Brown,0,0,5,1343001600,Whole Cloves,"The cloves arrived quickly and were of very high quality. We have generally purchased whole cloves from a local Indian grocer, but decided to give Amazon a try. Frontier's quality was superior and their price was much lower. We will definitely purchase from Frontier again when we need more spices.",clove arrived quickly high quality generally purchased whole clove local indian grocer decided give amazon try frontier quality superior price much lower definitely purchase frontier need spice
568175,B001VNKW76,A2A9M4SNL56EFE,leslie l fluegel,0,0,5,1337385600,Great cloves.,"More than anything, I use cloves to scent and clean the air in my home. It is comforting to know that I am not adding toxins of any kind. Wonderful to go organic.",anything use clove scent clean air home comforting know adding toxin kind wonderful go organic
568176,B001VNKW76,A3E727JEUQEBOB,"Fredric F. Myers ""Fredric""",3,5,5,1294790400,SUPER-GREAT BUY,"During the holiday season I do a whole orange with cloves inserted into the serface, then wraped with a nice piece of cloth & tied with a bow. A few years ago I started a ""tradition"" with my 2 grandchildren, but found that the cost of cloves from the local stores was really ""biting"" into my retirement funds. Then,eureka, I discovered this bulk clove item on Amazon.com........it has made this 72 year old grandfather very happy...and the grand kids had a really fun evening, followed by us watching Charles Dickens' classic Christmas tale, Scrooge......",holiday season whole orange clove inserted serface wraped nice piece cloth tied bow year ago started tradition grandchild found cost clove local store really biting retirement fund theneureka discovered bulk clove item amazoncomit made year old grandfather happyand grand kid really fun evening followed u watching charles dickens classic christmas tale scrooge
568177,B001VNKW76,A1W1JIPH6WU7UF,"SVK ""SVK""",1,2,5,1314144000,Great!,"This is a great purchase - a very aromatic herb! I use it to make tea, and it makes the tea! A great price for a large quantity.",great purchase aromatic herb use make tea make tea great price large quantity
568178,B001VNKW76,A16RP7SWRV97G3,"K. Skiles ""koka86""",1,2,5,1301702400,Quality Cloves,"Frontier always has good quality spices and these are no exception.  I use them for tea and cooking- good quality, good price.",frontier always good quality spice exception use tea cooking good quality good price
568179,B001VNKW76,A2M6D0ABSSJWSB,amazonuser,0,1,5,1295568000,Cloves,"I was having sour throad and as part of the natural mediciene, i used it for couple of days.<br />It used to decreas my coughing and allowed me to work properly in office, without disturbing others much.",sour throad part natural mediciene used couple daysit used decreas coughing allowed work properly office without disturbing others much
568180,B001VNKW76,AYBABHCMOI4K5,priya,1,5,3,1308268800,product,Please send me the right order I requested full cloves they sent me powdered. SO I don't know what to say. They sent me email saying you will receive your order. thanks,please send right order requested full clove sent powdered dont know say sent email saying receive order thanks
568181,B004QY7JA0,A10NKN19P7TPWA,deyna,0,0,5,1347926400,Dogs love it!,"Both my dogs have been on this diet for quite a while. Their coats are soft and shine, they seem energized instead of lethargic, and they really seem to love it. One of my dogs gained a lot of weight over a winter on kibble and my other was an under fed rescue, but over a month or two on this euk my fatty gained muscle and slimmed down and my rescue bulked up too! Meat is the first ingredient and that's what I look for! One 30 lb bag for two large dogs lasts about a month in my house. They seem so much healthier and happier on a better ingredient dog food such as this one.",dog diet quite coat soft shine seem energized instead lethargic really seem love one dog gained lot weight winter kibble fed rescue month two euk fatty gained muscle slimmed rescue bulked meat first ingredient thats look one lb bag two large dog last month house seem much healthier happier better ingredient dog food one
568182,B000IN0ER8,A2QCU7QAYOZPF1,"A. Taylor ""baking mom""",2,2,5,1257120000,Hershey's mini chips,"great product, very fresh.  The only thing is I would have liked to know the expiration date on the product before I purchased it.  I asked, but never got an answer to that question.  When I received the product, I found they would not expire until a year from now, which is fine!",great product fresh thing would liked know expiration date product purchased asked never got answer question received product found would expire year fine
568183,B000RRJOL2,A3VNFT5T77FNTI,pldries,1,1,3,1282608000,Wishing for something different,This product is true to its' description. It is just fruit. I guess I was hoping to find a cereal type bar with just pears and blueberries. This was a little to thick and chewy for me. But I have no problem with the ingredients for my IC diet!,product true description fruit guess hoping find cereal type bar pear blueberry little thick chewy problem ingredient ic diet
568184,B000RRJOL2,A1DPVIL1FIIWZI,JenGV,1,1,4,1234742400,Finally a bar without apples!,"We have allergies to apples in our family, so that eliminates fruit bars and fruit snacks- until we found these.  They have a good flavor.  The pear strawberry is good too.",allergy apple family eliminates fruit bar fruit snack found good flavor pear strawberry good
568185,B000RRJOL2,A2E3WMF9RWW2X2,K. Duvall,0,0,5,1212105600,Soft and chewy.,"My kids had eaten the Kettle Valley fruit bars, but they are rather chewy and thin.  Once my son became peanut allergic, we had to switch since I could not get verification the Kettle Valley fruit bars were safe to eat.  Gorge Delights are great, wide selection of flavors and handy to have when on the go with young children.",kid eaten kettle valley fruit bar rather chewy thin son became peanut allergic switch since could get verification kettle valley fruit bar safe eat gorge delight great wide selection flavor handy go young child
568186,B0007G96XO,A13D1WTFEMS9VH,Scorpio69,2,2,5,1302912000,Still the best I've ever tasted -- at any price,"I recently tried some very expensive, highly recommended <a href=""http://www.amazon.com/gp/product/B001E5DYSK"">illy Caffe Normale Drip Grind Coffee (Medium Roast, Blue Band), 8.8-Ounce Tins (Pack of 2)</a>. The verdict was clear: This Don Francisco 100% Colombia Supremo kicks its rear end around the block!<br /><br />I've tried many different types of coffee, including fresh-roasted whole-bean grind-it-yourself types from all the different brands, and I always wind up right back here enjoying ""a cup o' the Don"".<br /><br />Your search for the perfect coffee ends here. This is the most excellent grind you're ever going to sip, hands-down.<br /><br />Enjoy!",recently tried expensive highly recommended illy caffe normale drip grind coffee medium roast blue band ounce tin pack verdict clear francisco colombia supremo kick rear end around blockive tried many different type coffee including freshroasted wholebean grindityourself type different brand always wind right back enjoying cup donyour search perfect coffee end excellent grind youre ever going sip handsdownenjoy
568187,B0007G96XO,A291A0H4HOMT85,dragonskr52,0,0,5,1341705600,Always Came Back to the Don,"We also have tried Gevalia, Folgers, and other brands but always come back to the Don because it tastes so good with our own blend of freshly ground beans. Our coffee never tastes too strong, just the best cup of coffee in the morning.",also tried gevalia folgers brand always come back taste good blend freshly ground bean coffee never taste strong best cup coffee morning
568188,B0007G96XO,AELUSWIII90ZW,"Judith A. Knust ""jak""",0,0,5,1325980800,"Love the ""Don""","I have been a coffee drinker for many years. Tried many of the gourmet coffees,  as the previous reviewer. Was a customer of Green Mountain, Gevalia, even local handmade roasts. When we recently were visiting in Phoenix, I picked up some groceries, including coffee. I saw this brand and had not had it before, so decided to try it and I have fallen for it, completely. It is so smooth and delicious. If my local grocer won't carry it, I will be buying it here. I even brought back to bags in my luggage so I won't have to be without it! But remember, the water is what makes a great cup of coffee. Enjoy!",coffee drinker many year tried many gourmet coffee previous reviewer customer green mountain gevalia even local handmade roast recently visiting phoenix picked grocery including coffee saw brand decided try fallen completely smooth delicious local grocer wont carry buying even brought back bag luggage wont without remember water make great cup coffee enjoy
568189,B000M6CTGK,A2PCQGMKUCXBU9,V in FL,3,3,5,1204934400,Tastes great!,"This honey tastes great, plus the fact that it is raw, and research indicates it may be useful in the healing of stomach ulcers is a bonus.",honey taste great plus fact raw research indicates may useful healing stomach ulcer bonus
568190,B000MAST88,A2Z6ARDNWE1SPW,MandyGirl,1,1,5,1323302400,Yum,"Great product!! Shipped very fast!! Quite tasty!! Some butter garlic and cheese! yuum!!  You get about 15 in the can, worth the price!",great product shipped fast quite tasty butter garlic cheese yuum get worth price
568191,B000WJ2WLO,A10MHU9NOR190B,Lady Cenu,1,1,3,1246320000,Lacking Flavor,"This is a decent mix of rice crackers if you are looking for something that doesn't have overwhelming amounts of seaweed. However, I found the crackers to be a little bit bland. They weren't bad, but the flavor doesn't pop out at you the way I like it to.",decent mix rice cracker looking something doesnt overwhelming amount seaweed however found cracker little bit bland werent bad flavor doesnt pop way like
568192,B003RWVFEI,AOVTLYTHVDNUX,Tradecraft,13,14,5,1331510400,"Convenient, Healthy, and Tastes Great","Chicken of the Sea Premium Wild-Caught Pink Salmon, 2.6oz pouches are a very convenient method of eating on the run or preparing a quick meal when time is short. I recently began using Salmon in the pouch and really like how convenient it is to use and it taste great. The pouch is very easy to open just by tearing the top of the pouch which has a pre-made notch to initiate an easy opening. Once the pouch is open it is not resealable. The Salmon can be eaten directly out of the pouch or you can empty the contents to make a salad or other meal. I now keep some of these Salmon pouches at work and I carry a few in my every day carry (EDC) bag in case I get stuck somewhere and need a quick, easy, and healthy snack to keep me going. I also carry some when hiking, backpacking, or camping.<br /><br />The pouch is relatively strong and would not easily be punctured by an object. As a precaution I do wrap the pouch in a one gallon freezer bag when carrying the Salmon in my EDC bag just as an added measure of caution. Each pouch is considered one portion and contains 70 calories with 20 calories from fat. Each serving contains 13 grams of protein. The pouch has a label stating that the product is skinless and boneless. This Salmon is a good source of protein and Omega-3 fatty acids. The Salmon is labeled as a product of Thailand and the expiration date is over 2 years from that date that I purchased the Salmon so it will last awhile and there is no need to be concerned about the expiration date. I have seen this product on sale at a local grocery store for under a dollar which is a great deal.<br /><br />Overall, I am very satisfied with this product and would highly recommend Chicken of the Sea Premium Wild-Caught Pink Salmon Pouch to others.",chicken sea premium wildcaught pink salmon oz pouch convenient method eating run preparing quick meal time short recently began using salmon pouch really like convenient use taste great pouch easy open tearing top pouch premade notch initiate easy opening pouch open resealable salmon eaten directly pouch empty content make salad meal keep salmon pouch work carry every day carry edc bag case get stuck somewhere need quick easy healthy snack keep going also carry hiking backpacking campingthe pouch relatively strong would easily punctured object precaution wrap pouch one gallon freezer bag carrying salmon edc bag added measure caution pouch considered one portion contains calorie calorie fat serving contains gram protein pouch label stating product skinless boneless salmon good source protein omega fatty acid salmon labeled product thailand expiration date year date purchased salmon last awhile need concerned expiration date seen product sale local grocery store dollar great dealoverall satisfied product would highly recommend chicken sea premium wildcaught pink salmon pouch others
568193,B003RWVFEI,A2DKR212G6TODU,C. Tucek,6,6,2,1345939200,Salmon shouldn't contain soy,A bit bummed out that this salmon contains a soy filler. Never dreamed it would. Thyroid problems + soy = bad combo.,bit bummed salmon contains soy filler never dreamed would thyroid problem soy bad combo
568194,B003RWVFEI,A1UTE9H4WIVIGQ,Edith Menchyk,5,5,5,1344643200,"Healthy, quality food made easy.","These pouches of salmon are perfect for the health conscious person on the go. Easy to carry, no refrigeration needed. Very lean, low calorie, high quality protien. Oh, and it tastes great.",pouch salmon perfect health conscious person go easy carry refrigeration needed lean low calorie high quality protien oh taste great
568195,B003RWVFEI,A2D9HLT81WBQMA,"D. Mayer ""mauian""",2,2,5,1347494400,Delicious and Well Packaged,"Hey everyone, I rarely submit reviews but I felt the need to let everyone know that this is a great product.  It was priced well, packaged perfectly, and is awesome in a salad.  We used a bit of teriyaki and roasted sesame seeds mixed with it to throw in some sushi rolls...mmmm.  aloha",hey everyone rarely submit review felt need let everyone know great product priced well packaged perfectly awesome salad used bit teriyaki roasted sesame seed mixed throw sushi rollsmmmm aloha
568196,B003RWVFEI,A3JMFCPP0H0Z3A,rk,2,2,5,1346803200,mm good,it was mild compared to canned salmon -excellant in an omelate also good in a toast sandwich with lettuce tomato mayo or thousand island dressing,mild compared canned salmon excellant omelate also good toast sandwich lettuce tomato mayo thousand island dressing
568197,B003RWVFEI,A2YO8731SKDKLL,Goofball,2,2,5,1346371200,Quick and easy to use and low in calories,"First of all, Chicken of the Sea's Pink Salmon tastes great and it is easy to use for a quick topping on a salad or at lunch.  The health benefits are strong as well with the omega 3 but also the entire packet is only 70 calories and is low in fat as well.<br /><br />This si a great on the go container and we would buy again.",first chicken sea pink salmon taste great easy use quick topping salad lunch health benefit strong well omega also entire packet calorie low fat wellthis si great go container would buy
568198,B003RWVFEI,A2CV12QOHGV93E,"D. Rose ""Major Consumer""",4,5,5,1339286400,Easy Way to Get Your Salmon,"This product doesn't taste like fresh or frozen salmon, but it is great to have on hand.  I believe that salmon is good for me, and this is a portion that's the right size for me.  I need to have this on hand when I run out of fresh fish and need my nutrition in easy form.",product doesnt taste like fresh frozen salmon great hand believe salmon good portion thats right size need hand run fresh fish need nutrition easy form
568199,B003RWVFEI,A1Q9J62C20HYX8,G. Head,4,5,5,1329609600,Good buy,This salmon is really good.  I paid the same price as I did to drive 120 miles to an Air Force Commissary.  I use it like other folks do for tuna...except it is even healthier.,salmon really good paid price drive mile air force commissary use like folk tunaexcept even healthier
568200,B003RWVFEI,A3HON67T38XCB5,willy,3,4,5,1329436800,salmon,"added this with my other fish sandwich combo's. i have crab, tuna and now salmon. together or separately, these make great sandwiches. a good bowl of soup is great with with a combination fish meat in a sandwich. makes my mouth water just thinking about it.",added fish sandwich combo crab tuna salmon together separately make great sandwich good bowl soup great combination fish meat sandwich make mouth water thinking
568201,B003RWVFEI,A1CHFK7Z8ZJBQ7,Boradicus,0,0,5,1351036800,Great Product!!,"This product is very good!  It is nice to have these snack sized packages for individual use.  These are not lox, however, so they are not smoked, but they are quite good and healthy!",product good nice snack sized package individual use lox however smoked quite good healthy
568202,B003RWVFEI,AWLOGXHSYE1Q1,Josie  LePage,0,0,5,1349740800,Wow its good!,"I would recommend this product to everyone. There are no bones nor skin, just the meat of the salmon. It is a very good product.",would recommend product everyone bone skin meat salmon good product
568203,B003RWVFEI,A8KKLML9M0S1G,"L REN ""laurenelise00""",0,0,4,1348617600,"Convenient, good price","Convenient, easy, not messy, good price, dogs enjoy it as a treat. I like making different things w them. Thumbs up",convenient easy messy good price dog enjoy treat like making different thing w thumb
568204,B003RWVFEI,A1RRMZKOMZ2M7J,"Sue Katz ""Honey Bee""",4,7,2,1334102400,"It's mushy & tasteless. Contains skin, cartilage & bone.","I love salmon. I love canned tuna. I love Chicken of the Sea tuna, in particular. I should love this, right? Wrong.<br /><br />Based on all these reviews, I really thought this might be something special. Well, it's not. The salmon is bland, barely pink and just not tasty. It's also shredded and packed in water, which makes is mushy. The salmon packet contains skin, plus contains small bone/cartilage fragments & pieces.<br /><br />This item might be suitable if you are camping or stranded on a desert island. But for me, I'd rather go hungry. And based on another recent review, there is a dog who won't eat it either. I certainly don't recommend for a household with children given bone & cartilage in the package!<br /><br />One star for contents. An additional star for convenience.",love salmon love canned tuna love chicken sea tuna particular love right wrongbased review really thought might something special well salmon bland barely pink tasty also shredded packed water make mushy salmon packet contains skin plus contains small bonecartilage fragment piecesthis item might suitable camping stranded desert island id rather go hungry based another recent review dog wont eat either certainly dont recommend household child given bone cartilage packageone star content additional star convenience
568205,B003RWVFEI,A3OQ47ZE3GEI0O,"Jessie Bollen Redding ""Jessie B.""",6,22,4,1324425600,No Complaints,"Not really sure how to review salmon, as I do not eat fish. It arrived promptly and as described. Seemed to be a great value for the price- I bought this for my underweight dog who is a VERY PICKY eater... I thought maybe I could mix this into other food & the stinky, fishy smell would attract her - but nope. Fish seems fine to me though!",really sure review salmon eat fish arrived promptly described seemed great value price bought underweight dog picky eater thought maybe could mix food stinky fishy smell would attract nope fish seems fine though
568206,B003RWVFEI,A3URUDROJ0QE2U,"Ashraf Babu ""AB""",1,14,1,1343952000,Fish in a Plastic Pack?,Was it packed in China? Don't think Salmon would remain Salmon in a Plastic Pack. Horrible Idea.<br />I would rather go to a fish market and get the real stuff. Don't care what anyone says.,packed china dont think salmon would remain salmon plastic pack horrible ideai would rather go fish market get real stuff dont care anyone say
568207,B002CNCAD8,A2WARQRIDTIRNJ,"Ruby D ""Ruby D""",3,3,5,1300838400,Little peppers - BIG TASTE!,"3/23/11  South New Jersey<br />I've been buying DeLallo Grilled Piquillo Peppers for about six months now.  All I can say is that if you don't have home roasted peppers on hand these grilled piquillo peppers will definitely fit the bill.  These are the tastiest purchased grilled/roasted peppers that we have ever tasted and I think we are roasted pepper connoisseurs.  This company also does sell a roasted piquillo pepper which for our taste is not quite as tasty as the grilled.  Don't get me wrong, their roasted are also good, but the grilled are over the top.  I do ""roast"" my own and the way I do them we as well as anyone who has ever tasted them go crazy for them.  But again, if you need or would rather purchase cooked peppers the DeLallo Grilled Piquillo Pepper will not disappoint you.  I usually purchase them at the store, however, when I checked the price of them online there was quite a savings at Amazon for a case of 12.  The case arrived in good condition and the jars had an appropriate expiration date on them.  No matter where you get them they are a little pricey, but someone grew and cared for these peppers, grilled, jared, labeled and shipped them.  Allot went into these little jars.  Whenever you see red peppers know that whoever grew them took care of them much longer to get them to the red stage rather than picking green.  I make my own salad dressings and I do add the liquid from the jar to my dressing.  The liquid is  flavored with the natural oil from the peppers and is delicious.  Try them!  You'll like them!",south new jerseyive buying delallo grilled piquillo pepper six month say dont home roasted pepper hand grilled piquillo pepper definitely fit bill tastiest purchased grilledroasted pepper ever tasted think roasted pepper connoisseur company also sell roasted piquillo pepper taste quite tasty grilled dont get wrong roasted also good grilled top roast way well anyone ever tasted go crazy need would rather purchase cooked pepper delallo grilled piquillo pepper disappoint usually purchase store however checked price online quite saving amazon case case arrived good condition jar appropriate expiration date matter get little pricey someone grew cared pepper grilled jared labeled shipped allot went little jar whenever see red pepper know whoever grew took care much longer get red stage rather picking green make salad dressing add liquid jar dressing liquid flavored natural oil pepper delicious try youll like
568208,B002CNCAD8,AMINR3UU52O4L,D. Heim,0,0,5,1306454400,Tasty piquillos,"After Trader Joe's discontinued their piquillos I found Delallo peppers at Amazon, ordered them, and have been enjoying them ever since.  Their appearance, flavor, and country of origin (Peru) is the same as TJ's brand, though the Delallo product may be a little more flavorful.<br /><br />I was puzzled by the one negative review, which is a verbatim repeat of a critical review submitted a month earlier by the same writer for a different product -- the ""roasted"" piquillos.  I wonder if the alleged ""mold"" was actually char marks from the grill, which is normal?<br /><br />Anyway I received the 12-pack in good condition several days after ordering them, and am pleased with the quality of the product and the prompt, careful packing &  shipping (no breakage).",trader joes discontinued piquillos found delallo pepper amazon ordered enjoying ever since appearance flavor country origin peru tjs brand though delallo product may little flavorfuli puzzled one negative review verbatim repeat critical review submitted month earlier writer different product roasted piquillos wonder alleged mold actually char mark grill normalanyway received pack good condition several day ordering pleased quality product prompt careful packing shipping breakage
568209,B0025UO85Q,A3QIGJ8TMOF9KA,Taildown,0,0,5,1350691200,Tasty sugar bombs,"OK, lets face it.  Sometimes you just want some good old-fashioned sugar bombs for breakfast.  But when you go to the store all of the ""Name Brands"" have gone to the dark side and are now ""High Fiber"", whole grain or some such similar hooey. As if you could actually make sweetened breakfast cereal good for you.  And they taste crappy, not at all like the original versions.<br /><br />Tootie Fruties taste just like the old fashioned Froot Loops before being wussified.  If you want the original taste and have not succumbed to the silly idea of making your sugar bombs ""healthy"" these are for you.",ok let face sometimes want good oldfashioned sugar bomb breakfast go store name brand gone dark side high fiber whole grain similar hooey could actually make sweetened breakfast cereal good taste crappy like original versionstootie fruties taste like old fashioned froot loop wussified want original taste succumbed silly idea making sugar bomb healthy
568210,B0039CLK78,AJYULYK4QOD4L,Nancy Kay Norris,14,14,5,1274054400,omg...omg  the best!!!!!!!,"These caramels melt in your mouth & give you just the right right amout of chew.<br />If I had a lot of money,I would buy the company and take it international.<br />Suffice to say I would give away my brother for a box of these.<br />ISLAND ANGEL YOU WILL GO FAR!!!",caramel melt mouth give right right amout chewif lot moneyi would buy company take internationalsuffice say would give away brother box theseisland angel go far
568211,B0039CLK78,A1S57OM699HXB3,Vanessa Kohlhaas,14,14,5,1268006400,my sister-in-law's favorite,"My sister-in-law is a connaisseur of salted caramels.  I have given her them as gifts from a few different chocolatiers.  But, when I gave her these from Island Angels Chocolates she told me to look no further.  So, now whenever I need to give her a gift, I know just what to give.",sisterinlaw connaisseur salted caramel given gift different chocolatiers gave island angel chocolate told look whenever need give gift know give
568212,B0039CLK78,A38S5VQ03Y0YRJ,Toby G. Hernandez,8,8,5,1292371200,quality product,Excellent sea salt caramel chocolates.  Got it for my wife and she loved them!  Will be ordering them soon again!,excellent sea salt caramel chocolate got wife loved ordering soon
568213,B0039CLK78,A1N92PEIHBSCTM,PoisonousMonkey,4,4,5,1296172800,Better than Trader Joe's,I found these chocolates when researching the Trader Joe's salted caramels. I purchased them as a Christmas gift and the recipient fell in love with them. They have just the right combination of rich sweetness and contrasting saltiness. I ordered them a second time just for myself.,found chocolate researching trader joes salted caramel purchased christmas gift recipient fell love right combination rich sweetness contrasting saltiness ordered second time
568214,B0039CLK78,A23XOYQ1R88B0H,sylvia,4,4,5,1292630400,Incredible!,these are the absolute best!  be prepared you may just eat the whole box at once!  best salted chocolates at a great price!,absolute best prepared may eat whole box best salted chocolate great price
568215,B0039CLK78,A2Q3QGYVXOMR2F,Joan H,2,2,5,1311724800,Sweet Treats from Sweet Mona's,"I was very satisfied with my purchase of caramels covered in dark chocolate from Sweet Mona's.  They were being sent to someone very special who LOVES caramels so it was extremely important that they arrived in perfect condition - which they did. Sweet Mona's took extra care in packaging the caramels so they wouldn't melt, as it was June and they were being mailed to the east coast and temps had been in the upper 80's. They made it safely without melting - and I heard that they tasted yummy as well!  Thanks Sweet Mona's for the excellent care and quality product!",satisfied purchase caramel covered dark chocolate sweet mona sent someone special love caramel extremely important arrived perfect condition sweet mona took extra care packaging caramel wouldnt melt june mailed east coast temp upper made safely without melting heard tasted yummy well thanks sweet mona excellent care quality product
568216,B0039CLK78,AK03YAZHQHJP0,"backyardbirder ""Jduke""",2,2,5,1310083200,I HID THE BOX!,"These are the best chocolates ever.  I first tasted sea salted caramels at Whole Foods in our area.  They were milk chocolate and they tasted fantastic.  However, I'm a DARK CHOCOLATE fan.  So after coming home that day I went online to search for sea salted caramels and I ordered these.  I have to tell you...they are SO WORTH THE MONEY!!!  I paid like $3.00 for one caramel at Whole Foods and the quality of this product is far better!  I will be ordering again and encourage you to do the same!!",best chocolate ever first tasted sea salted caramel whole food area milk chocolate tasted fantastic however im dark chocolate fan coming home day went online search sea salted caramel ordered tell youthey worth money paid like one caramel whole food quality product far better ordering encourage
568217,B0039CLK78,A3EEZ0J7CKD9OR,munstr,2,2,5,1309910400,Super fun happy caramels.,"Like another review, I was looking for salted caramel from Trader Joe's when I came across these caramels. These are better!  While these are a bit more $, they are worth it! Much softer than I was expecting and just super delicious overall.  Great for getting me through the work day as well as expanding my waist line.",like another review looking salted caramel trader joes came across caramel better bit worth much softer expecting super delicious overall great getting work day well expanding waist line
568218,B0039CLK78,AFU9GT7IX6N7Q,N. Hartman,1,1,5,1340150400,Great Chocolate...Fantastic Service,"Very rarely do I write reviews, but felt compelled.<br /><br />I live in Texas and the temperatures are running about 95 degrees right now.  I knew I was taking a great risk ordering chocolate caramels from the West Coast (Washington state).  I was fully prepared to receive a puddle of chocolate.  Instead I received a very chic bow-wrapped box encased in a thermal bag with three bricks of what started as a frozen chiller.  The chocolate had not melted at all and while the caramels were soft, they were still in-tact and I will be able to use them at the luncheon I had planned them for.<br /><br />But what put this order into the ""I have to review this"" category was the care and detail I saw in the service.  The day after I placed the order, I received an email from Sweet Mona's stating that they had looked up the temperature in Texas and they would be packing the chocolate accordingly.  The packing material was what kept the caramels in-tact and beautiful.<br /><br />I will certainly be ordering from Sweet Mona's again and apprecate the care they put into their product.  I have ordered chocolates from other places and have usually just read a disclaimer that states they cannot guarantee their product upon delivery.",rarely write review felt compelledi live texas temperature running degree right knew taking great risk ordering chocolate caramel west coast washington state fully prepared receive puddle chocolate instead received chic bowwrapped box encased thermal bag three brick started frozen chiller chocolate melted caramel soft still intact able use luncheon planned forbut put order review category care detail saw service day placed order received email sweet mona stating looked temperature texas would packing chocolate accordingly packing material kept caramel intact beautifuli certainly ordering sweet mona apprecate care put product ordered chocolate place usually read disclaimer state cannot guarantee product upon delivery
568219,B0039CLK78,A1SS2L1406URWT,KimSeifers,1,1,5,1324425600,Best ever!!!,"These are the best.  I could not stop eating them.  I had to ask my husband to hide them.  They are the perfect combaination of sweet, salt and chewy.  I want more!!",best could stop eating ask husband hide perfect combaination sweet salt chewy want
568220,B0039CLK78,A29GZXT1M2FR2Z,Stewart,0,0,5,1343174400,Sweet and Salty,I'm new to the sea salt / caramel / chocolate experience but these were marvelous.  The squares were very fresh tasting and well-packaged to handle the summer heat.  The taste of sweet caramel and dark chocolate with the spice of sea salt is quite yummy.,im new sea salt caramel chocolate experience marvelous square fresh tasting wellpackaged handle summer heat taste sweet caramel dark chocolate spice sea salt quite yummy
568221,B0039CLK78,A1R3CYY84SA7Y0,Doug Thompson,0,0,5,1338768000,amazing candy! amazing service!,"I'm thrilled with Sweet Mona's. My sea salt caramels were shipped to me packed with material to keep them from melting - it worked. And my wife raved about the chocolates. She commented every time she ate one, and kept them hidden from me until they were gone! It was the perfect Mother's Day gift.",im thrilled sweet mona sea salt caramel shipped packed material keep melting worked wife raved chocolate commented every time ate one kept hidden gone perfect mother day gift
568222,B0039CLK78,A3H2UIKQ9CEYKC,AJD,0,0,5,1338508800,Beyond GOOD,I love chocolate ..... These by far are the best I have had on a long time best combo of salt and sweet ! I will for sure by these again !!!,love chocolate far best long time best combo salt sweet sure
568223,B0039CLK78,A2UVUY493GSC66,Rebecca Martin,0,0,5,1329264000,great chocolates,"This box of chocolates is a serious gift.  There are 2 layers, they are lovely delicious chocolates, and the packaging is great.",box chocolate serious gift layer lovely delicious chocolate packaging great
568224,B0039CLK78,ANQQC6JLENTKT,Cat,0,0,5,1326412800,Best sea salt chocolates!,"These are some of the best chocolates that I've had ever. They were very fresh, tasty, and excellent. I would highly recommend them to anyone that is looking for some authentic sea salt chocolates.",best chocolate ive ever fresh tasty excellent would highly recommend anyone looking authentic sea salt chocolate
568225,B0039CLK78,A2Q38RC4EFT4I8,"Andy the Saint ""Saint""",0,1,5,1324857600,Caramels Covered in Dark Chocolate Kissed with Sea Salt,"One word 'Yum yum yum'. OK 3 words 'cause it is yum.. yum.. yum. We try them and we like them all, sorry they all gone in one day. Order 2 or more so it won't disappear in one day.<br />Just order again, this time 2 boxes 'cause the other half loves them so much.",one word yum yum yum ok word cause yum yum yum try like sorry gone one day order wont disappear one dayjust order time box cause half love much
568226,B0039CLK78,A1BIRB183MI0PN,claudia,0,1,5,1319068800,The best deep salted piece to put in your man's mouth.,"Yes, a gift of the best salted caramel chocolate plunked right into my guys mouth. It is a primo chocolate and it feels right to spring for a taste you both will remember.<br />He got the treat he had been looking for and we shared the rest. Traditional, symbol of love and get the best that the chocolate afficianado can taste... He will remember it.",yes gift best salted caramel chocolate plunked right guy mouth primo chocolate feel right spring taste rememberhe got treat looking shared rest traditional symbol love get best chocolate afficianado taste remember
568227,B0039CLK78,A3E6ODB04GUQSY,darlene d jacob,2,5,5,1292716800,Great item,I just recently discovered sea salt chocolate caramels. I ordered this set to give it a try. Everything was good except the caramel was HARD. I had to microwave each piece of candy for 7 seconds before I could actually eat the item.,recently discovered sea salt chocolate caramel ordered set give try everything good except caramel hard microwave piece candy second could actually eat item
568228,B005P0KJGU,A2JLDJ3YRGQDPI,"Lynn ""cjtubbs""",0,0,4,1348963200,Fabulous tea,"Jasmine pearl tea is my favorite tea!  This tea is delicious ...  although I prefer to use loose tea, Tazo has bagged the ""pearls"" in tea bags which is convenient when travelling or at meetings.<br /><br />My only disappointment is that, for the price, there are only 15 bags in the can. I know this is very expensive tea, but, still, this is ridiculous!",jasmine pearl tea favorite tea tea delicious although prefer use loose tea tazo bagged pearl tea bag convenient travelling meetingsmy disappointment price bag know expensive tea still ridiculous
568229,B00474D08Y,A3SLNFXTZNJQ66,Tealover,0,0,5,1313366400,Delicious sweet and spicy tea,"A few years ago I had this tea at a retreat and fell in love with its unique and multidimensional flavor. I was unable to find anywhere that sold this tea until recently, when I was thrilled to find it on Amazon. This is a very sweet tea - I always add sugar to tea and this one is sweet enough without any extra sugar. However, the sweetness is not overpowering as it also has a strong spice flavor. It smells amazing while brewing and tastes just as good. It makes excellent hot or iced tea, with or without milk/cream. If you are looking for something a little bit different to spice up your tea cabinet, this is the perfect choice for you!",year ago tea retreat fell love unique multidimensional flavor unable find anywhere sold tea recently thrilled find amazon sweet tea always add sugar tea one sweet enough without extra sugar however sweetness overpowering also strong spice flavor smell amazing brewing taste good make excellent hot iced tea without milkcream looking something little bit different spice tea cabinet perfect choice
568230,B003VWU7IE,A31KI5R9WBCDL7,kb123,0,0,5,1347840000,Perfect treat,These treats are excellent for training or just giving my dog a treat now and then.  They are low calorie and all natural so I can give many treats a day without worrying about my dog getting fat or having digestive issues.  They also smell amazing (mostly like cinnamon).  They are very dense and not crumbly so you can easily put them in your pocket without getting stinky treat crumbs everywhere.  I really think they are the perfect treat for my boston terrier.  The only bummer is that they are kind of expensive and I wish you could buy bigger bags but I think they are worth the price.,treat excellent training giving dog treat low calorie natural give many treat day without worrying dog getting fat digestive issue also smell amazing mostly like cinnamon dense crumbly easily put pocket without getting stinky treat crumb everywhere really think perfect treat boston terrier bummer kind expensive wish could buy bigger bag think worth price
568231,B003VWU7IE,A28QTVEFQX6Y9X,Annette,0,0,5,1319760000,My Frenchie approves,"These treats smell so good I was tempted to taste it!  I break them into 1/2 or 1/3 since my Frenchie is small and they are very hard, so I wasn't THAT tempted to eat it.  Luna, my dog, seems to really like them, though I still haven't found any treat that works as well as just carrying a stick in my hand.  She'll follow a stick just about anywhere...",treat smell good tempted taste break since frenchie small hard wasnt tempted eat luna dog seems really like though still havent found treat work well carrying stick hand shell follow stick anywhere
568232,B003VWU7IE,A3T6Z9W259U69S,"Holly S. Moen ""Basset Rescue""",0,0,5,1319414400,Dog Treats,"We're ordered the Fruitables dog treats in the past and keep coming back for more.  They're good for the dogs and our dogs love them, too.  We've even given them to friends and family for their dogs.",ordered fruitables dog treat past keep coming back theyre good dog dog love weve even given friend family dog
568233,B003VWU7IE,A1UWA2OOVU1MFK,peachyangel,0,0,4,1318464000,Healthy,Fruitables are one of the best dog treats out there. My dog loves them. His favorite are the apple and banana.,fruitables one best dog treat dog love favorite apple banana
568234,B003VWU7IE,A260WZUEU1H633,"Megan Nauman ""Megan N.""",0,0,4,1314316800,Wonderful Treat!,These treats are great!  They smell wonderful and my dogs love them!  They are also very healthy and great for my dog who is a little over weight as they are low calorie.  The seller was excellent and the treats got here much faster than what was originally estimated.  I would definitely recommend them for anyone with small dogs.  The only downfall is that they are a little pricey but well worth it.,treat great smell wonderful dog love also healthy great dog little weight low calorie seller excellent treat got much faster originally estimated would definitely recommend anyone small dog downfall little pricey well worth
568235,B003VWU7IE,A14G5X23KE4KKM,Ruth,0,0,5,1296000000,Awesome product/service,My dog loves these treats and the pumpkin seems to keep her tummy troubles to a minimum. This is an awesome benefit considering we have no natural grass and unable to find a grass product that actually works!,dog love treat pumpkin seems keep tummy trouble minimum awesome benefit considering natural grass unable find grass product actually work
568236,B003VWU7IE,A3IQZI7GLMBCY2,"Christine Bet ""Christine""",0,0,5,1295308800,Dog's loved every flavor.,These are great dog treats.  I definately recommend them to anyone searching for a healthy treat for their pet.  Both of my boxers love them and get excited when I open a bag.  They are only 1 calorie per treat and they come in a fun shape and decent size.  I don't feel the need to break them in half unless I'm training or I'm running low while we're on a walk.  I've bought the variety pack 3 times now.,great dog treat definately recommend anyone searching healthy treat pet boxer love get excited open bag calorie per treat come fun shape decent size dont feel need break half unless im training im running low walk ive bought variety pack time
568237,B003VWU7IE,A36S0UIHXYL8GD,"J. Gale ""Schnauzer Lover""",0,0,5,1294185600,OUR DOGS LOVE THESE!,"Our dogs absolutely love these treats.  I bought them for my Schnauzer and my friend's Poodle, and both Casey and Bella LOVE them....and in every flavor!  It appears that the blueberry may be their favorite flavor, but they both are eager to snack on ALL the flavors!  And purchasing them in the 4-pack saves not only on the cost of the treats but on shipping as well!  It ended up averaging just at or under $5 per 7 oz. bag!  For this quality, and for how much our dogs love them, that's a fantastic price!!!",dog absolutely love treat bought schnauzer friend poodle casey bella love themand every flavor appears blueberry may favorite flavor eager snack flavor purchasing pack save cost treat shipping well ended averaging per oz bag quality much dog love thats fantastic price
568238,B003VWU7IE,ADLVKFOVVHK7R,"Rhonda Lawford ""dog lover""",0,0,5,1293494400,Tasty fun treats for dogs,"These treats are great. All my dogs ate them up as well as my sister's dogs. They are cute little flower type pieces, smaller than what I usually feed my dogs, all being over 50 lbs, but they work good for big dogs too. I am going to order some more. Love the fact that they are all natural too.",treat great dog ate well sister dog cute little flower type piece smaller usually feed dog lb work good big dog going order love fact natural
568239,B002OXLXLG,A1Z54EM24Y40LL,c2,0,0,5,1310601600,Great replacement for the Girl Scout version!,"If you failed to purchase enough of the Mint Girl Scout Cookies this year, well, this is definitely your day! Keebler used to make the mint cookies for the scouts and one bite of these guys and you'll be astonished at the similarity! The cookie is chocolate, as is the fudge icing, and they're SO wonderful frozen in the summer! Smash them up as topping for your strawberries - yum!  Makes a great cookies and cream ice cream too or mint chocolate chip. They're in patty form, just like the York Peppermint Patty candy, but not quite as thick. LOVE these things, been buying them for years. Highly, highly recommend!",failed purchase enough mint girl scout cooky year well definitely day keebler used make mint cooky scout one bite guy youll astonished similarity cookie chocolate fudge icing theyre wonderful frozen summer smash topping strawberry yum make great cooky cream ice cream mint chocolate chip theyre patty form like york peppermint patty candy quite thick love thing buying year highly highly recommend
568240,B004BRECP2,A2ZHOFHKAQI7TN,Steven J. Klebaur,0,0,3,1330128000,Not the best,"Good price, crispy texture, but artificial vanilla flavoring is overpowering. Boxy taste.  There are better brands of this type of cookie available.",good price crispy texture artificial vanilla flavoring overpowering boxy taste better brand type cookie available
568241,B003JHR4GE,A2LO4MHWY0JEUK,dview,0,0,5,1310601600,Greenies,Our dog Beaudy goes crazy for greenies!  We live in a small coastal town and the greenies are very expensive.  This product was priced very well and the delivery was quick to my door!  We love it and our dog loves it--Win Win,dog beaudy go crazy greenies live small coastal town greenies expensive product priced well delivery quick door love dog love itwin win
568242,B003JHR4GE,A2O70ZL3WWJYX6,R. Rogin,0,0,5,1301702400,Greenies,"My dogs LOVE these treats!  I try to always look for free shipping - didn't get that this time, but will be sure to watch for that next time.",dog love treat try always look free shipping didnt get time sure watch next time
568243,B003JHR4GE,A1KVV8I7DYPSVN,Linda,0,0,5,1293753600,Great value,Have purchased greenies at the local pet store for years.  These were such a bargain and exactly the same product as judged by my dog devouring them.,purchased greenies local pet store year bargain exactly product judged dog devouring
568244,B004JLGEII,A882PMEFQSP2N,angelsguard,1,1,5,1307318400,Brilliant bulk buy,I fell in love with Stash chocolate mint tea two years ago.  I am thrilled to be able to buy it now in an economical and environmentally friendly way.  This is used for my private use and I've felt uncomfortable with all the many boxes I've gone through in order to have my six bag a day tea fix.  If you are a tea junkie and care about our landfill situation then go for broke and purchase this way and save yourself a couple of hundred bucks.,fell love stash chocolate mint tea two year ago thrilled able buy economical environmentally friendly way used private use ive felt uncomfortable many box ive gone order six bag day tea fix tea junkie care landfill situation go broke purchase way save couple hundred buck
568245,B004JLGEII,AS0SPE5TEM74Z,Elizabeth Kingsley,0,0,5,1332201600,Excellent tasting tea.,"I have tried many OOlong teas and this is by far the best.  It has a wonderfully light coconut, mango flavor.  The two flavors blend well together, neither one overpowering the other.  I will definitely buy again.",tried many oolong tea far best wonderfully light coconut mango flavor two flavor blend well together neither one overpowering definitely buy
568246,B004JLGEII,A2VHX2LUXMLS18,noblecat53,0,0,5,1328486400,an excellent cuppa,"really nice tea, and smells wonderful. I enjoy it with a teaspoon of ""sugar in the raw.""  Stores well as is wrapped in foil. I usually buy the box of 100 teabags since it is an excellent value",really nice tea smell wonderful enjoy teaspoon sugar raw store well wrapped foil usually buy box teabags since excellent value
568247,B004JLGEII,A1UQBFCERIP7VJ,Margaret Picky,0,0,4,1321401600,"A ginormous box of 1,000 tea bags","Stash Chamomile Herbal Tea is tea bags with dried, crushed chamomile flowers.<br /><br />Honestly, as far as I'm concerned, chamomile is chamomile. I suppose that when you use loose flowers you get sediment in the cup and I have seen this happen with some brands of chamomile tea bags, these don't do that.<br /><br />I have also had organic chamomile (this isn't) but I can't taste the difference.<br /><br />Each bag is individually packaged and that is either good or bad depending on how and where you use it and if you are concerned about excessive packaging.<br /><br />If you really, truly like chamomile tea, or own a restaurant, this ginormous box of 1,000 single-serving tea bags is a good choice.",stash chamomile herbal tea tea bag dried crushed chamomile flowershonestly far im concerned chamomile chamomile suppose use loose flower get sediment cup seen happen brand chamomile tea bag dont thati also organic chamomile isnt cant taste differenceeach bag individually packaged either good bad depending use concerned excessive packagingif really truly like chamomile tea restaurant ginormous box singleserving tea bag good choice
568248,B004JLGEII,A38Q1ROUWYYUGW,lxaccord,1,2,2,1329177600,Stash Chocolate Mint tea,Fast shipping. Smells good when you open the tea bag - tastes like watered down coffee with a faint mint aftertaste. Not recommended.,fast shipping smell good open tea bag taste like watered coffee faint mint aftertaste recommended
568249,B00374ZKQ0,A2ZIXZP46B737P,D. J. Bradley,19,20,5,1296172800,Great Alternative Sweetener,"My review covers the Stevia In The Raw product in packet form. I have not tried the bulk product.<br /><br />This is a great alternative sweetener. It leaves no after taste that I can detect. I use it in tea, on cereal and in three different kinds of oatmeal. Everything that I have used it in or on has tasted the same as it did when sugar was used.<br /><br />I cam accross a couple of articles on Stevia while browsing on the Internet. After reading those two articles I did a little more research and decided to try Stevia. I found this product at our local Kroger store where it happened to be on sale. Kroger carries two ro three other Stevia based products however after comparing the list of ingredients for each I decided to buy the Stevia In The Raw. The list of ingredients for the packet form of this product is dextrose and Stevia Extract (Rebiana).<br /><br />OK, I tired it and it tastes great in everyhting I have used it with but I was curious. The Stevia extract is supposed to be 200 to 400 times more intensely sweet than sugar. If that is the case why was dextrose used and why was it the more prevalent ingredient? I called the company on their 800 and asked this same question. The answer is (according to them) that dextrose is a carbohydrate derived from crushed corn. It is a filler in their product. The Rebiana is so intensely sweet that it was impractical to package it in its pure form in individual packets. The volume would be so small that consumers would wonder if anything was really there. To me this sounds plausible. I am not a dietician, a doctor nor do I work for the company. I simply use their product and like it.<br /><br />I hope this info is helpful. Everyone have a gret day out there.",review cover stevia raw product packet form tried bulk productthis great alternative sweetener leaf taste detect use tea cereal three different kind oatmeal everything used tasted sugar usedi cam accross couple article stevia browsing internet reading two article little research decided try stevia found product local kroger store happened sale kroger carry two ro three stevia based product however comparing list ingredient decided buy stevia raw list ingredient packet form product dextrose stevia extract rebianaok tired taste great everyhting used curious stevia extract supposed time intensely sweet sugar case dextrose used prevalent ingredient called company asked question answer according dextrose carbohydrate derived crushed corn filler product rebiana intensely sweet impractical package pure form individual packet volume would small consumer would wonder anything really sound plausible dietician doctor work company simply use product like iti hope info helpful everyone gret day
568250,B00374ZKQ0,A17V9XL4CWTQ6G,Chandler,38,45,1,1320192000,You'll need 3 packs to equal one pack of Truvia. Not a bargain.,"First of all, I have no ties with Truvia. In fact, I decided to replace my Truvia recently with Stevia in the Raw which is why I'm now typing this. In my grocery store the Stevia in the Raw was cheaper. I'd always felt Truvia expensive, so I was all over that.<br /><br />While I personally do not believe the phrase ""You get what you pay for"" since sometimes a consumer is only paying for more marketing in a more expensive product...in this case, it's true.<br /><br />I do like sugar in the raw and I do buy it. It's way better than regular sugar being bleached and processed through bone char (for reals).<br /><br />But, first of all, this isn't ""in the raw"". That would mean it's pure Stevia. It also contains Dextrose. Dextrose is a very cheap additive that's sweet that's made from corn. It's high carb. Great if you just finished a tough workout and need carbs. Not great if you call yourself Stevia in the RAW<br /><br />Having formerly worked in food chemical sales, I know that Dextrose is Glucose. This is not an artificial additive, however diabetes is caused by high levels of glucose in the blood. I therefore find it quite scary that this is labeled ""raw"" when diabetics may use it or someone wishing to avoid sugar would use it.  Now granted, Truvia has a fruit sweetener in it as well, because stevia is actually SO sweet that you'd have hardly anything in a pack otherwise because it takes very little stevia to sweeten something, but it's not calling itself ""raw"" either.<br /><br />But let's bypass that and take our sugar/stevia packs and move on. Is the rest the same?<br /><br />Huh-uh.<br /><br />You get 50 packs of Stevia in the Raw in a box.<br />You get 40 packs of Truvia in a box.<br /><br />Superb huh?<br /><br />Likely, because Stevia in the Raw was a tiny bit less expensive, you will do as I did and think ""Woo Hoo! I get more for less!"" Aw, those marketing dogs saw me coming a mile away.<br /><br />Not so fast.<br /><br />I kept making my coffee and hating the taste of it. Bitter.  I began adding 2 packs of Stevia in the Raw. Still not sweet. I had just bought a new coffee and I was thinking it must be stronger of something. Then I found a pack of Truvia I had in the drawer and realized how much MORE was in the pack simply by picking up the pack. I added that one pack to my coffee and it tasted, finally, sweet again.<br /><br />So that got me thinking...<br /><br />I go to the Stevia in the Raw box and look at the net weight of those 50 packets.<br />It is 1.75 ounces.<br />I then, when shopping again, pick up a box of Truvia (and buy it of course because I'm tired of coffee tasting unsweetened.) and for 40 packets it's 4.9 ounces!!!!<br /><br />WOA! I've just been had. I have to use about 3-4 of those Stevia in the Raw packets to equal the taste of one Truvia packet because there is next to nothing inside the packet..just as I suspected. They gave me more packets with less inside each one. So I have to waste paper, and time opening packet after packet just for one cup o' joe.<br /><br />And quite frankly, I don't like deceptive marketing and it's going on all over every 1.75 ounce box of Stevia in the Raw.<br /><br />But, wait...one more thing...<br /><br />Because Stevia in the Raw has sugar in it in glucose form, is it really 0 calories for the same amount? or just a low amount in one packet but by the time you use 4, how many calories may have snuck in....because 0.5 calories can add up too.  Not that I care about 4 calories or 2 calories, but in comparing the two products, and how little is in a packet of Stevia in the Raw...<br /><br />It wouldn't surprise me.<br /><br />Truvia, by the way, has Erythritol in it. This is one of the best all-natural zero calorie sweeteners you can buy. The Brand Z Sweet is erythritol. It's great for diabetics and dieters because it's the one that will NOT spike your blood sugar but is still all-natural. Stevia is so lightweight it needs a counterpart. Erythritol is a stevia cousin. Dextrose is a cheap filler that isn't.",first tie truvia fact decided replace truvia recently stevia raw im typing grocery store stevia raw cheaper id always felt truvia expensive thatwhile personally believe phrase get pay since sometimes consumer paying marketing expensive productin case truei like sugar raw buy way better regular sugar bleached processed bone char realsbut first isnt raw would mean pure stevia also contains dextrose dextrose cheap additive thats sweet thats made corn high carb great finished tough workout need carbs great call stevia rawhaving formerly worked food chemical sale know dextrose glucose artificial additive however diabetes caused high level glucose blood therefore find quite scary labeled raw diabetic may use someone wishing avoid sugar would use granted truvia fruit sweetener well stevia actually sweet youd hardly anything pack otherwise take little stevia sweeten something calling raw eitherbut let bypass take sugarstevia pack move rest samehuhuhyou get pack stevia raw boxyou get pack truvia boxsuperb huhlikely stevia raw tiny bit less expensive think woo hoo get less aw marketing dog saw coming mile awaynot fasti kept making coffee hating taste bitter began adding pack stevia raw still sweet bought new coffee thinking must stronger something found pack truvia drawer realized much pack simply picking pack added one pack coffee tasted finally sweet againso got thinkingi go stevia raw box look net weight packetsit ouncesi shopping pick box truvia buy course im tired coffee tasting unsweetened packet ounceswoa ive use stevia raw packet equal taste one truvia packet next nothing inside packetjust suspected gave packet less inside one waste paper time opening packet packet one cup joeand quite frankly dont like deceptive marketing going every ounce box stevia rawbut waitone thingbecause stevia raw sugar glucose form really calorie amount low amount one packet time use many calorie may snuck inbecause calorie add care calorie calorie comparing two product little packet stevia rawit wouldnt surprise metruvia way erythritol one best allnatural zero calorie sweetener buy brand z sweet erythritol great diabetic dieter one spike blood sugar still allnatural stevia lightweight need counterpart erythritol stevia cousin dextrose cheap filler isnt
568251,B00374ZKQ0,A1I1V7QUWSMYGA,Your Online Bookstore,13,15,5,1265760000,This is the only brand out there with minimal aftertaste,"I'm not 100% certain this is the same product sold at [...], but this is the only place I could find to review it, and I wanted to review it somewhere.  I love this stuff.  I've tried all the major stevia brands (including everything at Whole Foods), and Stevia in the Raw (which Whole Foods doesn't carry, sadly) is the only brand that doesn't taste like crap.  All other brands have a heavy bitter-licorice aftertaste.  Stevia in the Raw is unique in that I can put the powder itself to my tongue without grimacing.  I can't even do that with ""normal"" (i.e. toxic) sweeteners like NutraSweet or Equal (though Splenda tastes fine raw.)  I suppose I have a somewhat sensitive palate, and with the heavy amounts of sweetener I use, I can still detect a slight aftertaste even with Stevia in the Raw -- so if you're a heavy user with a sensitive palate, then just combine it with some erythritol and you're good to go.  No aftertaste whatsoever with that combo.  And this is way better for you than any other (palatable) sweetener.",im certain product sold place could find review wanted review somewhere love stuff ive tried major stevia brand including everything whole food stevia raw whole food doesnt carry sadly brand doesnt taste like crap brand heavy bitterlicorice aftertaste stevia raw unique put powder tongue without grimacing cant even normal ie toxic sweetener like nutrasweet equal though splenda taste fine raw suppose somewhat sensitive palate heavy amount sweetener use still detect slight aftertaste even stevia raw youre heavy user sensitive palate combine erythritol youre good go aftertaste whatsoever combo way better palatable sweetener
568252,B00374ZKQ0,A220GN2X2R47JE,CJ,6,6,5,1298073600,"Very good in Green Tea, Herbal Tea, English Tea & Coffee",I mostly drink English Tea and it is very yummy in English Tea and is pretty good in Green Tea & Herbal Teas as well.<br /><br />Pros:<br />No Odor<br />It's sweet<br />Not over powering<br />No licorice-like flavor<br />No after taste<br />Zero calories<br />Gluten Free<br /><br />Cons:<br />It's obviously not sugar! But pretty good.,mostly drink english tea yummy english tea pretty good green tea herbal tea wellprosno odorits sweetnot poweringno licoricelike flavorno tastezero caloriesgluten freeconsits obviously sugar pretty good
568253,B00374ZKQ0,A2YCEKVUN1W5F1,"K. Salinger ""MBA, MSN, FNP, RN""",4,4,5,1315526400,The best Stevia sweetener! NO FUNKY AFTERTASTE!!!,"I've tried for years and years to like stevia, but it's always left a funky aftertaste in my mouth that just ruined it's use for me. Until now, the most tolerable of the stevias was the vanilla cream by sweetleaf, but even that left the funky after taste.<br /><br />A few months ago I decided to go on a marathon stevia taste test adventure and bought almost every brand out there to give them each a go. I didn't have high expectations as I fully expected them all to leave me with the funky taste. I did not do truvia, because it has another added sweetener - it is not pure stevia. I only tested those that were pure stevia plain flavor and vanilla flavor (since the sweetleaf vanilla had been the best one so far).<br /><br />I was shocked beyond belief when using the stevia in the raw and not having any funky after taste! I tried it many different ways - in chai tea, to sweeten hot breakfast cereal, for baking and cooking sweet treats, etc. and no aftertaste! I also tried larger quantities, as sometimes the more you use the increased after taste. So far no matter what I've done with this stevia I've had NO aftertaste what-so-ever!!!<br /><br />If you've tried to like stevia and just can't get past the after taste then give stevia in the raw a go - I think you'll be very surprised and pleased as I've been. Yay - finally a stevia I like.",ive tried year year like stevia always left funky aftertaste mouth ruined use tolerable stevia vanilla cream sweetleaf even left funky tastea month ago decided go marathon stevia taste test adventure bought almost every brand give go didnt high expectation fully expected leave funky taste truvia another added sweetener pure stevia tested pure stevia plain flavor vanilla flavor since sweetleaf vanilla best one fari shocked beyond belief using stevia raw funky taste tried many different way chai tea sweeten hot breakfast cereal baking cooking sweet treat etc aftertaste also tried larger quantity sometimes use increased taste far matter ive done stevia ive aftertaste whatsoeverif youve tried like stevia cant get past taste give stevia raw go think youll surprised pleased ive yay finally stevia like
568254,B00374ZKQ0,AOJTB8BZVZQPP,Frankie,8,10,5,1282694400,Very good stevia without any extra ingredients.,"I bought them at Shoprite (at 3.79 for a box of 50, its cheaper than from this seller) and I am so happy that I can enjoy sweet things again!  I compared it to other sweetners such as truvia and purvia, I like this product because I won't support coca cola(maker of truvia) or pepsi (maker of purvia) if i buy this.  Also, there is only two ingredients : dextrose and stevia extract.  Each pack is 1 gram, so I assume there is maybe 0.9 gram of which is dextrose, which IS a sugar, but the FDA allows the labeling to be such that if a serving is under 4 calories, it can be called 'zero-calories'.<br /><br />To my understanding, dextrose is needed as the bulking agent (probably stevia extract is so potent, no one can use it if its in pure form) Online searching have shown dextrose contains 3.7 cal per gram, so if you have to use many packets for your tea or coffee, it won't be calories-free.  BUT, 3 packets of this (maybe like 10 cal) made my 12 oz of water with lemon juice taste like a real cup of lemonade made with real sugar, and THAT would be like 110 calories. And it taste so much better and healthier than splenda.",bought shoprite box cheaper seller happy enjoy sweet thing compared sweetners truvia purvia like product wont support coca colamaker truvia pepsi maker purvia buy also two ingredient dextrose stevia extract pack gram assume maybe gram dextrose sugar fda allows labeling serving calorie called zerocaloriesto understanding dextrose needed bulking agent probably stevia extract potent one use pure form online searching shown dextrose contains cal per gram use many packet tea coffee wont caloriesfree packet maybe like cal made oz water lemon juice taste like real cup lemonade made real sugar would like calorie taste much better healthier splenda
568255,B00374ZKQ0,A1MOQQSWMEUS2V,PattyK,2,2,4,1333238400,What a Mixture of Reviews!,"I guess our taste buds are all completely different considering the mixed reviews on this product.  Myself, I thought the Stevia in the Raw was pretty good.  It was no better or worse than any other sweetner I have tasted.  Considering it is healthier than the others, I will make it my brand of choice.  For one reviewer to call anyone who claims they like Stevia in the raw a liar, that is absurd.  Some people are so mean.  Many people drink Diet Coke and I can't stand it, even after trying to like it for years.  We all have different taste buds, obviously.  That is not a lie!",guess taste bud completely different considering mixed review product thought stevia raw pretty good better worse sweetner tasted considering healthier others make brand choice one reviewer call anyone claim like stevia raw liar absurd people mean many people drink diet coke cant stand even trying like year different taste bud obviously lie
568256,B00374ZKQ0,A34QRYPCFN523W,Dr Don,1,1,5,1350432000,Sweet nothing in my coffee!,"My review of Stevia in the 12 pack should be enjoyed more as a blues tune, so get any classic blues riff in your head and apply it to this:<br /><br />I really likes my coffee<br />And loves my cuppa tea<br />But sugar gives you diabetes<br />And that's no good for me<br /><br />I tried to use the other<br />Synthetics taste like wood<br />But I got the Stevia blues<br />Cuz it's sweet and so damn good!<br /><br />The Stevia blues<br />The Stevia blues dats fo me<br />Whether drinkin a beverage or eating a snack<br />All I gots to do is open that pack<br />And plaaaayyyy them ole Stevia Blues!",review stevia pack enjoyed blue tune get classic blue riff head apply thisi really like coffeeand love cuppa teabut sugar give diabetesand thats good mei tried use othersynthetics taste like woodbut got stevia bluescuz sweet damn goodthe stevia bluesthe stevia blue dat fo mewhether drinkin beverage eating snackall gots open packand plaaaayyyy ole stevia blue
568257,B00374ZKQ0,A1KC2SB3VXRUNE,mamado,1,1,1,1341273600,Don't buy Stevia in the Raw if you are diabetic,Stevia in the raw is not good for diabetics.  I was so disappointed when I read the first ingredient is dextrose.  I should have looked at the label.  I thought it was pure stevia.  Dextrose is high glycemic and can raise your blood sugar. The makers of Stevia in the Raw are deceiving people who aren't firmiliar with dextrose.  Body builders use a shake with dextrose in it.  It is not a product that a diabetic should be using.  I will be taking my box of Stevia in the<br />Raw back.,stevia raw good diabetic disappointed read first ingredient dextrose looked label thought pure stevia dextrose high glycemic raise blood sugar maker stevia raw deceiving people arent firmiliar dextrose body builder use shake dextrose product diabetic using taking box stevia theraw back
568258,B00374ZKQ0,A1WH9L3B34W915,"S. Campbell ""S. Campbell""",1,1,5,1306281600,Great product,"I found this to be the best stevia in the packets.  Minimal after taste.  Very convenient to use.  We use the packets for individual drinks or on the go.  Because of cost, I buy the bulk stevia for using in pitchers of iced tea.  Also, I have found it very satisfactory for sweetening our home made yogurt.  Very happy with this product.",found best stevia packet minimal taste convenient use use packet individual drink go cost buy bulk stevia using pitcher iced tea also found satisfactory sweetening home made yogurt happy product
568259,B00374ZKQ0,A3NVGVB2BS4ADR,www.FirstAmazon.com,0,0,5,1350086400,A stevia blend that will not disappoint!,"I have been using stevia for over a decade and tried dozens of different blends.  This blend is brought to you by the folks who bring you Sugar in the Raw.  Stevia in the Raw is one of the best stevia blends that I have tasted.  It works, it's potent (you may find that you only need half a packet in your iced tea or lemonade) and has absolutely no after-taste.<br /><br />It's equally tasty in cold drinks, coffee or tea.<br /><br />Best of all for being of such high quality, bought in bulk on Amazon THIS BRAND actually ends up being one of the lowest cost per packet.<br /><br />Try it....you won't be disappointed!",using stevia decade tried dozen different blend blend brought folk bring sugar raw stevia raw one best stevia blend tasted work potent may find need half packet iced tea lemonade absolutely aftertasteits equally tasty cold drink coffee teabest high quality bought bulk amazon brand actually end one lowest cost per packettry ityou wont disappointed
568260,B00374ZKQ0,A1BFRTDMLD15UR,Lucy Galvez,0,0,3,1349308800,well product,If you can't understand why the product measures same as sugar then pick up a bag of equal size and you will notice this in volume is light as a feather. The bag is larger than a 5 pound bag of sugar. It works very well and there is no deception. Check it out.,cant understand product measure sugar pick bag equal size notice volume light feather bag larger pound bag sugar work well deception check
568261,B00374ZKQ0,A1082L7GPFC0MD,:(,0,0,1,1348444800,"MALTODEXTRINE, BEWARE!","This product is bad for you!!  I bought this assuming that ""Stevia in the raw"" meant that it was in fact, just stevia. NO!!  The number one ingredient listed is Maltodextrine.  Maltodextrine is TWICE as bad for you as simple sugar.  So by cutting stevia with maltodextrine, In The Raw has negating anything positive about this product, and made it JUST AS BAD FOR YOU, if not worse than, table sugar.  Buy SweetLeaf instead.",product bad bought assuming stevia raw meant fact stevia number one ingredient listed maltodextrine maltodextrine twice bad simple sugar cutting stevia maltodextrine raw negating anything positive product made bad worse table sugar buy sweetleaf instead
568262,B00374ZKQ0,A2GEZJHBV92EVR,History buff,0,0,5,1345075200,Very good alternative to sugar.,I have tried many of the no sugar sweeteners out there. I find this to be the best. I like it even more than truvia ( which is way too sweet for me ). I put it in everything where I used to put sugar. Love it. Good stuff.,tried many sugar sweetener find best like even truvia way sweet put everything used put sugar love good stuff
568263,B00374ZKQ0,ARFV8BBMBQ054,Sensitive Palate,0,0,2,1329782400,Stevia in the Raw,"Purchased a single box in my grocery store, thinking Stevia products would all taste the same. Big mistake. The packet aftertaste was so unpleasant that I tossed the whole box after several tries at sweetening my iced tea. Stevia in the Raw didn't even come close to the Now product I purchased formerly in packets (Stevia Extract, Non-Bitter)which contained maltodextrin (rice sugar product)that probably made the difference. Would prefer to skip maltodextrin. Perhaps the organic extract powder in containers will taste better than the packets. A disappointed consumer.",purchased single box grocery store thinking stevia product would taste big mistake packet aftertaste unpleasant tossed whole box several try sweetening iced tea stevia raw didnt even come close product purchased formerly packet stevia extract nonbitterwhich contained maltodextrin rice sugar productthat probably made difference would prefer skip maltodextrin perhaps organic extract powder container taste better packet disappointed consumer
568264,B00374ZKQ0,A1CD1XP35JPU2S,"Earth Mama ""Earth Mama""",3,5,1,1317859200,this stuff is nasty!,"I thought this stuff had a bad aftertaste. Not just the normal stevia aftertaste, but also the aftertaste from added ingredients. It completely ruined my cup of coffee, I had to throw it out and re-brew! I have tried it in a couple of desserts with the same results-- disgusting! I highly recommend using erythritol instead.<br /><br />PS: I have grown stevia and it tastes much better than this stuff. However, even the homegrown stuff has an aftertaste, and I would normally never put it in coffee!! Stevia is very very easy to grow and if you like stevia, I think you should consider growing it :)",thought stuff bad aftertaste normal stevia aftertaste also aftertaste added ingredient completely ruined cup coffee throw rebrew tried couple dessert result disgusting highly recommend using erythritol insteadps grown stevia taste much better stuff however even homegrown stuff aftertaste would normally never put coffee stevia easy grow like stevia think consider growing
568265,B00374ZKQ0,A2C8Z24UT8W79J,Dr. Z.,1,2,5,1339545600,natural sweetener,"I have been using stevia products for many years before it was popularized. It is the best natural, non sugar, sweetener on the market without fillers like Truvia and other stevia products. Suitable for baking and anything where you would use sugar. Excellent product for the diabetic as well.",using stevia product many year popularized best natural non sugar sweetener market without filler like truvia stevia product suitable baking anything would use sugar excellent product diabetic well
568266,B00374ZKQ0,A3U7Y2BPCFNEDK,Vickie,1,2,5,1318204800,Stevia,"Love this product. No after taste, and according to my research one of the better products around.Always fast delivery and well packaged. Very pleased. Will continue to order this online.",love product taste according research one better product aroundalways fast delivery well packaged pleased continue order online
568267,B00374ZKQ0,AI2KHEXJXQIQ2,Paul Andrew Anderson,4,7,3,1315785600,This is Dextrose (D-glucose)!,"Holding the package now, the ingredients read: ""Dextrose, Stevia Extract"". In other words, it's primary ingredient is Dextrose with some Stevia added so they can call it that. Now, Dextrose itself is not all that bad, however, if you have a health issue and wish to use Stevia, you must read labels. Search for pure Stevia. There are much cheaper Dextrose based sweeteners here at Amazon.com  Google ""Dextrose side effects"" because the Stevia portion of this is harmless to anyone. I'd recommend Now:  [...]",holding package ingredient read dextrose stevia extract word primary ingredient dextrose stevia added call dextrose bad however health issue wish use stevia must read label search pure stevia much cheaper dextrose based sweetener amazoncom google dextrose side effect stevia portion harmless anyone id recommend
568268,B00374ZKQ0,A22UP57PZNGP3A,"B. P. ""coffee lover""",0,1,2,1326153600,Not for me,"Tried this for the first time and had to dump an otherwise good cup of coffee.  The aftertaste resembled liquor/alcohol to me.  Obtained a second opinion, and he agreed with the taste analogy to hard liquor.  Will not be purchasing this product again.",tried first time dump otherwise good cup coffee aftertaste resembled liquoralcohol obtained second opinion agreed taste analogy hard liquor purchasing product
568269,B00374ZKQ0,A1XM9PE80KR9T5,Deborah Kasowitz,1,3,1,1329955200,watch out,"Tried using Stevia instead of white sugar in my chocolate chip cookies. Big mistake. The cookies never flattened or melted into normal looking cookies. The dough (which also was not normal) just stayed as it was when it went into the oven. Did not look like, feel like, or taste like a chocolate chip cookie!",tried using stevia instead white sugar chocolate chip cooky big mistake cooky never flattened melted normal looking cooky dough also normal stayed went oven look like feel like taste like chocolate chip cookie
568270,B00374ZKQ0,A2HNJUYJQA8D5M,"R. Godale ""RAG""",2,5,1,1294704000,Horrible Taste,"Tried this exact brand of Stevia today and I had to toss out my cup of coffee, it totally changed the taste and also had an awful ""bitter"" after taste. YUK....!!!!",tried exact brand stevia today toss cup coffee totally changed taste also awful bitter taste yuk
568271,B00374ZKQ0,A1WEY252CHABRY,ms,3,8,1,1323561600,ZERO STARS - absolute garbage,"Don't buy this. I use Sugar in the Raw and thought every once in a while it might be better if I used this alternative. Personally if I put a spoonful of mud in my coffee I'm sure it couldn't taste worse than this stuff.<br /><br />Real Sugar in the Raw is somewhat granular in texture and light brown. This stuff is white and powdery, like confectioners sugar. The taste? The worst.<br /><br />I threw the entire package away and will never buy anything like it again. I'd rather drink my coffee black. I'd never use it in any recipe, as I'm sure the taste will be 'off' and all your ingredients will be ruined.<br /><br />Find something else or do without sugar.",dont buy use sugar raw thought every might better used alternative personally put spoonful mud coffee im sure couldnt taste worse stuffreal sugar raw somewhat granular texture light brown stuff white powdery like confectioner sugar taste worsti threw entire package away never buy anything like id rather drink coffee black id never use recipe im sure taste ingredient ruinedfind something else without sugar
568272,B00374ZKQ0,A21K28EQ023UUU,"NY rat ""+""",1,5,1,1296345600,bitter! yak; not sweet,I used to use 3 sweet and low's...this one takes 6 packes! and even then it's not sweet but bitter! yak  Truvia is a lot better! I use 3 truvias..and that one is sweet and has no aftertaste like this stuff,used use sweet lowsthis one take packes even sweet bitter yak truvia lot better use truviasand one sweet aftertaste like stuff
568273,B00374ZKQ0,AJ8CBMFSPRKQU,&#60;/&#62;&#60;,2,7,1,1329436800,This is Not PURE Stevia but 90% FILLER added,"First off, just READ the Ingreients if you don't believe me!<br /> This ""Stevia"" in the RAW is NOT pure Stevia! It's really 90%....yes 90% FILLER! PURE STEVIA you'd use 1 TEASPOON for 1 CUP of Sugar, this crap they added so much Maltdextrin to make it equal to a cup of sugar.<br />Buy NOW FOODS ""Better Stevia"" if you want Stevia and save money. It will use 1 TEASPOON for what normally would take you a CUP of Sugar.<br /><br />This is outrageous! To call this ""Stevia in the RAW"" and then add 90% FILLER and I mean 90% FILLER!....is a JOKE! Stevia is 400 Times more sweet than Sugar, these packets should be a third smaller, but NOOOOOOOOO, they add crap Filler to equal the volume out with sugar!  There other title this company sell is ""sugar in the raw"" and that is 100% Pure sugar, so why here do they not also have 100% pure Stevia?  This is a RIP -OFF! If you want to pay for FILLER-ADDED crap then go ahead! *****If you really want PURE STEVIA, then buy the NOW FOODS ""Better Stevia"".<br />1 TEASPOON = 1 Cup of sugar. Why pay money for 90% FILLER garbage! Thank You",first read ingreients dont believe stevia raw pure stevia really yes filler pure stevia youd use teaspoon cup sugar crap added much maltdextrin make equal cup sugarbuy food better stevia want stevia save money use teaspoon normally would take cup sugarthis outrageous call stevia raw add filler mean filleris joke stevia time sweet sugar packet third smaller nooooooooo add crap filler equal volume sugar title company sell sugar raw pure sugar also pure stevia rip want pay filleradded crap go ahead really want pure stevia buy food better stevia teaspoon cup sugar pay money filler garbage thank
568274,B00374ZKQ0,A17F4D8CTQG7IU,John Merhej,3,9,1,1321315200,Disgusting is an Understatement!!!,"while waiting for my order to arrive (now foods - better stevia) i picked up a box of ""stevia in the raw"" from my local supermarket, and boy what a mistake that was! it is without a doubt one the most disgusting sweeteners i have ever tasted and these people claim that it has no after taste...i got one word in response to that, LIARS!<br />avoid it at any price!!!",waiting order arrive food better stevia picked box stevia raw local supermarket boy mistake without doubt one disgusting sweetener ever tasted people claim tastei got one word response liarsavoid price
568275,B00374ZKQ0,A1937QU9932EVJ,Molly,3,14,1,1305331200,Chemical Garbage!!! AVOID!!!,"I have tried this in many different recipes, all to my dismay and wasted ingredients... It always comes out the same.  It tastes like serious chemicals and is so gross it overpowers everything else.  This is SOOO NOT worth the money or time!  If you're looking for a totally all natural sweetener just buy a lb of dates in the veggies section of your store, cut them in half and take out the pits/stems, soak them in like a cup of water over night (covered well over) then blend them in your blender/food processor. It will make a thick paste that you can store in a jar/container in your fridge for a couple weeks.  I know that may sound like more trouble, but really? You'd be waiting for these things in the mail and when they arrive, I know you'd be dissapointed. Dates are chemical/sugar free, all natural and totally sweet so they DO work in many recipes and even coffee/tea.  Dates, now, after trying many, many sweeteners ( I have a serious sweet tooth) are the ONLY thing I will endorse that is remotely safe for your body and also tastes GREAT.  Peace, hope this helps...",tried many different recipe dismay wasted ingredient always come taste like serious chemical gross overpowers everything else sooo worth money time youre looking totally natural sweetener buy lb date veggie section store cut half take pitsstems soak like cup water night covered well blend blenderfood processor make thick paste store jarcontainer fridge couple week know may sound like trouble really youd waiting thing mail arrive know youd dissapointed date chemicalsugar free natural totally sweet work many recipe even coffeetea date trying many many sweetener serious sweet tooth thing endorse remotely safe body also taste great peace hope help
568276,B00374ZKQ0,A39GY44QP5Z374,Dekatria,5,27,2,1287187200,"Tastes good, but at what cost?","Stevia in the raw contains saccharine, which is most commonly found in Sweet n' Low, which has been linked to bladder cancer...""The actual warning reads:<br />""Use of this product may be hazardous to your health. This product contains saccharin, which has been determined to cause cancer in laboratory animals.""<br />Note that this warning was removed in 2000 by the US Congress (not by the FDA) after heavy lobbying by the saccharin industry.<br />Further research was then done on saccharin, because the FDA wished to ban saccharin outright but the food companies fought this (successfully). The National Cancer Institute ran studies in the next 2 years and found that saccharin was indeed connected with bladder cancer. People who drank only 2 cans or more a day of diet soda had an increased risk.""<br /><br />Stevia by itself is one of the 'healthiest' low cal sweeteners on the market but when mixed with things like saccharine - I mean you might as well just use sweet n' low. The only pure stevia brand I have found is SweetLeaf Stevia - it is not as delicious and most certainly has a bit of an aftertaste, but I have gotten used to it since I have a blood sugar problem and can't consume sugar. My advice is that unless you physically cannot handle sugar, a small amount of raw sugar is much better for you than all this artificial crap. Just be smart about the stevia bandwagon everyone is jumping on, because pretty much every brand out there is just some other sweetener mixed with stevia and then sold as 'healthy'.",stevia raw contains saccharine commonly found sweet n low linked bladder cancerthe actual warning readsuse product may hazardous health product contains saccharin determined cause cancer laboratory animalsnote warning removed u congress fda heavy lobbying saccharin industryfurther research done saccharin fda wished ban saccharin outright food company fought successfully national cancer institute ran study next year found saccharin indeed connected bladder cancer people drank can day diet soda increased riskstevia one healthiest low cal sweetener market mixed thing like saccharine mean might well use sweet n low pure stevia brand found sweetleaf stevia delicious certainly bit aftertaste gotten used since blood sugar problem cant consume sugar advice unless physically cannot handle sugar small amount raw sugar much better artificial crap smart stevia bandwagon everyone jumping pretty much every brand sweetener mixed stevia sold healthy
568277,B006Z0Z6WG,A1EVV74UQYVKRY,K. Groh,0,0,4,1343520000,"Tastes Pretty Good, Kids Love it, Moderate Nutritional Content","We bought this on a whim. My daughter wanted to try it out and was pulled in by the chocolate centers. It went quickly and we bought it again.<br /><br />I like it but I wouldn't consider it to be an every morning bowl of cereal. I much prefer a more hearty cereal with a little more substance.<br /><br />Krave makes for a fun snack and can take away that chocolatey craving. It's pretty dry and the chocolate inside is really some kind of a paste.<br /><br />I'd rate it moderate for nutritional content, pretty good for flavor. Not the best cereal by any means.",bought whim daughter wanted try pulled chocolate center went quickly bought againi like wouldnt consider every morning bowl cereal much prefer hearty cereal little substancekrave make fun snack take away chocolatey craving pretty dry chocolate inside really kind pasteid rate moderate nutritional content pretty good flavor best cereal mean
568278,B003EMXLU2,A3CTEFTZW2XR70,"Courtney J. Byelick ""CJ Walsh""",2,2,4,1290470400,YUM!,"came in a plastic bag, in a box. wasnt the freshest, but still yummy. i ordered these for my bridal shower-candy buffet. they were a bug hit; had tons of flavors. these fit in a 1 gallon cady jar (1 gallon=5lbs candy)",came plastic bag box wasnt freshest still yummy ordered bridal showercandy buffet bug hit ton flavor fit gallon cady jar gallonlbs candy
568279,B003EMXLU2,ASKSY3IP98LFI,H. WILSON,0,0,4,1339545600,Orange slices,Well pleased with my order of orange slices.It was the right taste I have been searching for since my childhood days.Price and delivery was satisfactory.Wish they had mixed flavors.,well pleased order orange slicesit right taste searching since childhood daysprice delivery satisfactorywish mixed flavor
568280,B003EMXLU2,A2PSCKTG5FENHO,Sher,0,0,5,1338854400,Yum Yum,"Short, sweet, simple.  Yum, yum.  Can't go wrong with orange slices! Were delivered in<br />perfect condition and were well received by co-workers.  Thank you. :)",short sweet simple yum yum cant go wrong orange slice delivered inperfect condition well received coworkers thank
568281,B003EMXLU2,A3C56IXBT4ETXA,Bashert,0,0,5,1319932800,"Although Bag was torn, Product was great","Better than I remembered.  Still sweet, but had good orange taste.  I wouldn't call it ""real"" orange flavor, but it was just like I remembered as a child.",better remembered still sweet good orange taste wouldnt call real orange flavor like remembered child
568282,B001IZHZJA,A13907NV5J1H3H,"Ronald Giranio ""musicman""",1,1,5,1261612800,Nestle chocolate bars,Among the best milk chocolate candy I've eaten--ranks with the pricey kind for taste and texture. Would buy again.,among best milk chocolate candy ive eatenranks pricey kind taste texture would buy
568283,B001IZHZJA,AEM8N4HUYWNZ1,"Ronald A. Bailey ""rontoday""",1,1,5,1260230400,Nestles chocolate bars,These are chocolate bars that are no longer on the open market. They are the best chocolate bars that I've ever had.,chocolate bar longer open market best chocolate bar ive ever
568284,B001IZHZJA,A1O2XNLHXCQDCL,tireguy,0,0,1,1340582400,nestle chocolate bar,i was disapointed since this product is not like the original. the chocolate is darker and not creamy like the original.,disapointed since product like original chocolate darker creamy like original
568285,B001IZHZJA,A18OL06D6VPXR1,"Lloyd Morris ""Looouuuuu""",0,0,5,1327708800,GREAT Chocalate Bars!,"Since I order these candy bars because I really like the milk chocolate taste, I will avoid the comparison to the difference in taste between these and other candy bars like Hershey.<br /><br />These bars arrived in great shape! None were broken and the had obviously been stored properly. I ordered boxes from a different vendor a few years ago and the some had melted. NOT THE CASE WITH THIS VENDOR!<br /><br />I will definitely order from this vendor again when I need my next Nestle fix!",since order candy bar really like milk chocolate taste avoid comparison difference taste candy bar like hersheythese bar arrived great shape none broken obviously stored properly ordered box different vendor year ago melted case vendori definitely order vendor need next nestle fix
568286,B001IZHZJA,A24NZ85AJHULCZ,Nestle Milk Chocolate Lover,0,0,5,1327190400,Milk Chocolate Delight,"<a href=""http://www.amazon.com/gp/product/B001IZHZJA"">Nestle Milk Chocolate Candy, 1.45-Ounce Bars (Pack of 48)</a>This product is very hard to find in stores. Amazon has it and the candy is Very tasty and well worth the price. Highly recommend to all Milk Chocolate lovers. Although most milk chocolate lovers already know.",nestle milk chocolate candy ounce bar pack product hard find store amazon candy tasty well worth price highly recommend milk chocolate lover although milk chocolate lover already know
568287,B001IZHZJA,A2WRM92QTUDRRY,Lawrence E. Platte,0,0,5,1304640000,Linda,"I was looking for candy bars on different web sites, and came across the Nestle Chocolate Bars and the price for the number of bars was incredible.  I could not believe I could buy a candy bar for 37 cents each, I ordered the candy bars and they are great.  I have given some to friends and neighbors.  Would purchase from this vendor again.",looking candy bar different web site came across nestle chocolate bar price number bar incredible could believe could buy candy bar cent ordered candy bar great given friend neighbor would purchase vendor
568288,B001IZHZJA,A36FJ72LXUNWOK,Harvey L,0,0,3,1276300800,Nestle Milk Chocolate Candy Bars,"I grew up with this product while living in Cleveland, Ohio.  I always preferred it to Hershey's Milk Chocolate.  I consider it to be a bit sweeter than the Hershey product.",grew product living cleveland ohio always preferred hershey milk chocolate consider bit sweeter hershey product
568289,B001IZHZJA,A1YNYRZMNCEDDC,Peter E. Carlson,1,3,3,1273881600,Don't pay attention to other reviews,"I bought this, based on the reviews. Big mistake. While I agree, it is less expensive than other name brand chocolate bars, there is not much of a creamy texture I expect in milk chocolate. I also think it is to sweet, at least for my taste. But opinions are like noses, everyone has one and they are all different. So I would suggest not basing a purchase of any product based only on the reviews you see",bought based review big mistake agree less expensive name brand chocolate bar much creamy texture expect milk chocolate also think sweet least taste opinion like nose everyone one different would suggest basing purchase product based review see
568290,B0015V7GG4,A8LWH79C2TVK5,"SallySmith ""Twiddles""",5,5,4,1231718400,Tastes like just back in Holland,"The salt liocorice was very good.  It came nice and moist, so even our three year old could chew it up.  It brought back memories for my husband, whom ate it while he was a little kid.<br /><br />My only complaint if you want to call it that was that it could have been a little bit saltier.  I know I could have ordered double zout, but this for single salt should have been slightly saltier.<br /><br />Enjoy!",salt liocorice good came nice moist even three year old could chew brought back memory husband ate little kidmy complaint want call could little bit saltier know could ordered double zout single salt slightly saltierenjoy
568291,B0015V7GG4,A310DRQT0UMYL9,pkb,2,2,5,1310774400,Fantastically strong!,"These are fantastic!  Very very strong black licorice, with a salty finish.  One at a time for these puppies, so they will last a while.  Better than anything made in the U.S., which has always been too sweet for me.",fantastic strong black licorice salty finish one time puppy last better anything made u always sweet
568292,B0015V7GG4,A3SBDPI446D4VA,glendavm,2,2,5,1299628800,yum yum,"These are just what I wanted.  I ""need"" to have my droppes<br />at night before bed and was having to remember to purchase<br />them at a store 200 miles away.  Now I have enough to last me<br />a long time and very easy to order more.",wanted need droppesat night bed remember purchasethem store mile away enough last mea long time easy order
568293,B0015V7GG4,A364G7X2C85G36,S. ANDERSON,1,1,5,1288396800,licorice,If you like salty licorice - and I do - I think you will like this.  It isn't too salty - just right!  Try it and see.,like salty licorice think like isnt salty right try see
568294,B0015V7GG4,A1W50OR49ON5OP,Laura Millar,0,0,5,1344124800,So Yummy!!!,"First of all I love salt licorice so I am already going to like the product. I would say this is a more mild version so might appeal to more people. I brought this to work and out of the twenty or so coworkers who tried it, only one liked it and came back for more, everyone else spit it out right away and complained that it was too salty (even people who said they love black licorice). So if you are a fan of salt licorice I would recommend this product (you get a very large amount with one order and it will last you months!).",first love salt licorice already going like product would say mild version might appeal people brought work twenty coworkers tried one liked came back everyone else spit right away complained salty even people said love black licorice fan salt licorice would recommend product get large amount one order last month
568295,B001682QCK,ABPDZO93VWAK5,Mike Freeland,3,4,1,1318032000,NOT THE NESTLES CHOCOLATE I KNEW AS A KID-- DONT WASTE YOUR MONEY,THE NESTLES CHOCOLATE BAR DOES NOT TASTE AT ALL LIKE IT DID WHEN I WAS A KID!<br />THE RICH VELVETY SMOOTH CHOCOLATE TASTE IS GONE. SOMEONE MUST HAVE CHANGED THE FORMULA.<br />THIS BAR USED TO TASTE 100% BETTER THAN A HERSHEY BAR BUT NOT NOW. HERSHEY TASTE BETTER.<br />I WASTED OVER 18 DOLLARS FOR 24 OF THESE BARS. THE OLD TASTE IS JUST NOT THERE.<br />NO WONDER YOU DONT SEE THESE SELLING ON STORE SHELVES ANYMORE.ITS JUST DOESNT TASTE THE SAME AS IT USED TO TASTE.<br />I WILL NOT RECOMMEND THESE TO FRIENDS AS THE QUALITY AND TASTE ARE JUST NOT THERE LIKE IT USED TO BE.<br />SOMEONE AT NESTLES DECIDED TO CHANGE THE FORMULA AND MAKE THIS BAR USING CHEAPER AND ARTIFICIAL<br />INGREDIENTS TO SAVE ON MONEY AND NOW WHAT THEY HAVE NOW IS AN INFERIOR CANDY BAR!!!,nestle chocolate bar taste like kidthe rich velvety smooth chocolate taste gone someone must changed formulathis bar used taste better hershey bar hershey taste betteri wasted dollar bar old taste thereno wonder dont see selling store shelf anymoreits doesnt taste used tastei recommend friend quality taste like used besomeone nestle decided change formula make bar using cheaper artificialingredients save money inferior candy bar
568296,B001682QCK,A7EJERNB7IK3Z,CQ DX,0,0,1,1334620800,"Nestle's CHANGED their formula, thus taste!  TERRIBLE chocolate!","This is NOT the Nestle's milk chocolate I had as a teenager growing up in the 70's, which started my lifelong love affair with milk chocolate!  Nestle's changed and cheapened their formula!  What once was a creamy, rich, delectable, world class milk chocolate is now a cheap tasting mess.  Thank God Boyer hasn't changed their 'Mallo Cup' formula (one of my other fave candy bars).",nestle milk chocolate teenager growing started lifelong love affair milk chocolate nestle changed cheapened formula creamy rich delectable world class milk chocolate cheap tasting mess thank god boyer hasnt changed mallo cup formula one fave candy bar
568297,B001682QCK,A1872A9YUZ6PX8,sheila r strawser,0,0,4,1324857600,nestle chocolate bar,"I HAVE SEARCHED ALL OVER AT STORES IN MY AREA  FOR NESTLE MILK CHOCOLATE BAR.  I CAN FIND NESTLES CRUNCH BARS EVERYWHERE.  I PLACED ORDER ON LINE.  THE SHIPPING WAS A LITTLE SLOW, BUT OVERALL I WAS VERY PLEASED WITH MY ORDER<br />SHEILA E",searched store area nestle milk chocolate bar find nestle crunch bar everywhere placed order line shipping little slow overall pleased ordersheila e
568298,B001682QCK,A2A9X58G2GTBLP,Wolfee1,0,0,5,1312502400,GREAT TASTING CHOCOLATE!,"Nestle Milk Chocolate 24 Bars, The Great tasting and smooth Chocolate as what I always remember of Nestle, superior Milk quality Chocolate is made with real Milk Chocolate for a rich and creamy eating experience. I love it and have it often as a snack. Nestle knows how to make Chocolate they have been doing it since the late 1800's, the Company largely responsible for making Chocolate chip cookies. Sometimes I make Chocolate curls with a Nestle Milk Chocolate Bar and the help of a vegetable Peeler, I do it to decorate Cakes, or put on top of Pies to give that touch of Style from a Great tasting Milk Chocolate Bar. Thank You",nestle milk chocolate bar great tasting smooth chocolate always remember nestle superior milk quality chocolate made real milk chocolate rich creamy eating experience love often snack nestle know make chocolate since late company largely responsible making chocolate chip cooky sometimes make chocolate curl nestle milk chocolate bar help vegetable peeler decorate cake put top pie give touch style great tasting milk chocolate bar thank
568299,B001682QCK,A2SP15S5FE4CIZ,Dakota13,0,0,4,1298851200,Great chocolate,"This was really good chocolate.  I didnt receive what I ordered though.<br />Instead, I received the ""new"" chocolate.  Quite a disappointment.  Still the chocolate is good, its just not the tried and true chocolate that I remember.  And for that price....I could have bought it at a local store.",really good chocolate didnt receive ordered thoughinstead received new chocolate quite disappointment still chocolate good tried true chocolate remember pricei could bought local store
568300,B004MZ40DW,AHF4ZRGFQFV7K,Old Paint,0,0,5,1345075200,Great item,"I have been using Nature's Recipe ""Easy to Digest"" Chicken Cuts with Gravy for about six months. My 12 year old beagle was having kidney problems and had refused to continue eating dry food. We looked for a wet food, which the vet suggested would be easier for him to digest and reduce his need for water. We tried the Nature's Recipe brand and he loved it. Acts like a puppy at feeding time. His general health has improved and we are happy with this product.",using nature recipe easy digest chicken cut gravy six month year old beagle kidney problem refused continue eating dry food looked wet food vet suggested would easier digest reduce need water tried nature recipe brand loved act like puppy feeding time general health improved happy product
568301,B004MZ40DW,A2WJQSVBYH75K9,Paige Melton,0,0,1,1329955200,Made my dog sick,"My dog eats Nature's Recipe ""Easy to Digest"" dry food everyday. It really helped with her digestive issues. I thought the wet food version would be okay, but it made me completely ill. She was dry-heaving, had major gas issues and was quite lethargic. About 12 hours after her final dose of it, all of her symptoms disappeared. The dry food is still great, but this wet food is really awful.",dog eats nature recipe easy digest dry food everyday really helped digestive issue thought wet food version would okay made completely ill dryheaving major gas issue quite lethargic hour final dose symptom disappeared dry food still great wet food really awful
568302,B002PXSGA6,A3V9HLMLJJKEJT,Peter Commons,2,2,5,1270166400,British Candy - with free Amazon shipping!,"My wife is Scottish and really misses good ""British"" chocolate. Not sure what the difference is, but British chocolate is just different (and better in many of our opinions as well). Quality Street is a great assortment of flavors to satisfy a British chocolate craving.<br /><br />Also - Purchasing from the many British food web sites often costs a lot shipping-wise, and the chocolate may be old and stale. Not from Amazon!",wife scottish really miss good british chocolate sure difference british chocolate different better many opinion well quality street great assortment flavor satisfy british chocolate cravingalso purchasing many british food web site often cost lot shippingwise chocolate may old stale amazon
568303,B002PXSGA6,AZXKAH2DE6C8A,Patricia A. Autrey,0,0,5,1287792000,Quality Street is at it's best,These little nuggets are so good. I cry because they are being discontinued when I have just found them. What am I to do?,little nugget good cry discontinued found
568304,B0013Z0PTW,A15H78YNIZTXN2,"G. Sebenick ""GildaSe""",8,8,5,1208476800,9 Grams of Fiber that tastes like a treat,"I have had all three of the Fiber One Bars (oats & chocolate, oats & peanut butter, and oats & caramel).  I didn't really care for the oats & chocolate, but I like the oats & peanut butter a lot.  It tastes very good with a nice mellow peanut butter flavor.  Even my young boys (6 and 3) like it.  As good as oats & peanut butter is, though, the caramel is 10 times better.  It tastes like a candy bar. Obviously, it has a firm texture, but it's not dry by any stretch.  It makes a great breakfast or part of a breakfast that can stick with you for a few hours.  It can also serve as a very satisfying snack.  I will confess that, since my supply of these bars has been limited, I haven't had my kids try them yet.  But, now that I have been finally able to order these from Amazon, I will definitely let them try this new flavor.",three fiber one bar oat chocolate oat peanut butter oat caramel didnt really care oat chocolate like oat peanut butter lot taste good nice mellow peanut butter flavor even young boy like good oat peanut butter though caramel time better taste like candy bar obviously firm texture dry stretch make great breakfast part breakfast stick hour also serve satisfying snack confess since supply bar limited havent kid try yet finally able order amazon definitely let try new flavor
568305,B0013Z0PTW,A1HHEMY96W1M1V,Autodidact,3,3,3,1305244800,Inulin -- take it slowly!,"Inulin, found in chicory root, is the key ingredient here; everything else in the bar is designed to make it possible for you to eat the inulin.  Search the web on inulin (not insulin!) -- it is being touted as a wonderful probiotic ingredient.  And there's no question that eating these bars will make the trains run on time, so to speak.<br /><br />The problem is that not everyone tolerates inulin well, and tolerance is at different doses.  Some people experience gas, cramps, frequent bowel movements with tarry stool, and other kinds of GI distress.  This is not because of the increase in fiber per se -- it is a reaction to the specific fiber here, inulin.<br /><br />The bars are very sweet but don't treat them like a snack until you know how your body reacts.  (I read with horror the account of one person who sat down with a box and polished off four or five in a sitting.) Take it very very slowly.  I can tolerate one (1) bite of a bar a day; more than that and I get in trouble, period.  At one bite a day, this case of bars is lasting me a long, long time.  On the other hand, I'm not worried about the calories in the bar at that rate either.<br /><br />If you don't finish a bar you need to keep it in a baggie or container because it will dry out and become substantially less appealing.  Taste is fine, but I wish I had gotten the chocolate so that I could get my choco fix on at the same time.",inulin found chicory root key ingredient everything else bar designed make possible eat inulin search web inulin insulin touted wonderful probiotic ingredient there question eating bar make train run time speakthe problem everyone tolerates inulin well tolerance different dos people experience gas cramp frequent bowel movement tarry stool kind gi distress increase fiber per se reaction specific fiber inulinthe bar sweet dont treat like snack know body reacts read horror account one person sat box polished four five sitting take slowly tolerate one bite bar day get trouble period one bite day case bar lasting long long time hand im worried calorie bar rate eitherif dont finish bar need keep baggie container dry become substantially less appealing taste fine wish gotten chocolate could get choco fix time
568306,B0013Z0PTW,A3V55DVYU80LDS,V. Canfield,3,3,4,1231977600,"Lots of fiber, fairly tasty","I bought a boatload of these at Costsco. They ended up being 18 cents each. How could I pass up the bargain. Anyway, these are very sweet, a little too sweet for me, but they do taste good.  They are chewy and have an oatmeal cookie kind of flavor.  I don't taste much caramel flavoring, but the taste is still good enough for me to eat one a day without fussing. They go well with milk.",bought boatload costsco ended cent could pas bargain anyway sweet little sweet taste good chewy oatmeal cookie kind flavor dont taste much caramel flavoring taste still good enough eat one day without fussing go well milk
568307,B0013Z0PTW,A25TVH9W5A6IHP,kristilou,1,1,5,1338854400,Delicious!,I've tried all the different flavors of bars that Fiber One offers and these are definitely my favorite. The caramel flavor is light and sweet and the fiber in these bars (a whopping 9g!) makes them a very filling snack or a quick meal on the go! I typically enjoy these in the afternoon to carry me through between lunch and dinner but have eaten them for breakfast on occasion as well and they keep me satisfied until lunch. Fiber is one of the hardest things for me to get enough of (25-35g is recommended daily) and these bars definitely help! Some people have reported digestive upset when eating these but I've never had a problem with them. I highly recommend this product!,ive tried different flavor bar fiber one offer definitely favorite caramel flavor light sweet fiber bar whopping g make filling snack quick meal go typically enjoy afternoon carry lunch dinner eaten breakfast occasion well keep satisfied lunch fiber one hardest thing get enough g recommended daily bar definitely help people reported digestive upset eating ive never problem highly recommend product
568308,B0013Z0PTW,A224GS7I7JSQM4,"Elizabeth ""E.S.""",1,1,5,1263340800,The Best product for Dietary Fiber Intact,"OMG, things little treasures are wonderful!!  I LOVE these bars.  I have problems with constipation and these little bars help so much.  When I eat one bar daily, I will have daily BM's. I can't wait to buy the muffins!",omg thing little treasure wonderful love bar problem constipation little bar help much eat one bar daily daily bm cant wait buy muffin
568309,B0013Z0PTW,ALTC9UABKSXTC,"Alexis Munoz ""Stop Me if You Can""",1,1,5,1261094400,Great price and great food,"If you are having troubles going to the restroom, eat this once a day and it does wonders.",trouble going restroom eat day wonder
568310,B0013Z0PTW,A3XFXGHC2P38Y,Manny,1,1,5,1238976000,Best taste in Granola Bars,I have had a lot of granola bars in the past. Never satisfied with anyone so far. But this is it! No need to look any  further than this if you want fiber that tastes great.,lot granola bar past never satisfied anyone far need look want fiber taste great
568311,B0013Z0PTW,A3AMC1JQ4ZY7AI,Cat L.,1,1,5,1218585600,Tasty Treat,"If you are looking for a tasty snack, look no further.  These caramel Fiber One bars taste like a cross between a candy bar and a granola bar.  The consistency is chewy, but not so chewy that it gets stuck in your teeth.  Since each bar provides 35% of daily recommended fiber, it's relatively healthy as well.  For those individuals that are on Weight Watchers, these bars are 2 points each... and well worth it.  I highly recommend this snack.  I also recommend the peanut butter Fiber One bars, although they are not quite as tasty, in my opinion.  <a href=""http://www.amazon.com/gp/product/B0013Z40U2"">Fiber One Bars Oats And Peanut Butter, 5-Count Boxes (Pack of 12)</a>",looking tasty snack look caramel fiber one bar taste like cross candy bar granola bar consistency chewy chewy get stuck teeth since bar provides daily recommended fiber relatively healthy well individual weight watcher bar point well worth highly recommend snack also recommend peanut butter fiber one bar although quite tasty opinion fiber one bar oat peanut butter count box pack
568312,B0013Z0PTW,A29VUC9WD06ED8,"Marie Wagner ""PeaPod""",1,1,5,1216944000,"So yummy, hard to believe they're good for you!","Fiber One bars are my FAVORITE way of getting daily fiber. The caramel flavor is my 2nd favorite flavor to buy. These bars are so GOOD, I have to limit how many I buy because they are addictive! No other fiber tastes as good a Fiber One Bars....",fiber one bar favorite way getting daily fiber caramel flavor nd favorite flavor buy bar good limit many buy addictive fiber taste good fiber one bar
568313,B0013Z0PTW,A1OLZVLHXP6UP6,Kirk,0,0,4,1316822400,"Chewy goodness, and somewhat ""healthy"" too!","I take these Fiber One bars with me to work, they are a GREAT mid-morning snack! They are filling, taste great (I LOVE caramel!!) and have less fat and more fiber than most other ""health"" bars.  I would recommend you try them!",take fiber one bar work great midmorning snack filling taste great love caramel less fat fiber health bar would recommend try
568314,B0013Z0PTW,A1B7NI3ZNPA0ZB,High-Hate,0,0,1,1299196800,"Great taste, bad experience later","These taste really good.  I wish I could eat one everyday.  However, I can't because they make my stomach start rumbling and I have to go to the bathroom pretty soon after eating one.  These don't help to regulate you.  They make you have to go poop over and over and over.",taste really good wish could eat one everyday however cant make stomach start rumbling go bathroom pretty soon eating one dont help regulate make go poop
568315,B0013Z0PTW,AMBZ9JFGKDMU2,"Karen Golden ""Italian Greyhound lover""",0,0,5,1267920000,ABSOLUTELY DELICIOUS!,This is my favorite of all the Fiber One Granola Bars ~~ after all it has caramel in it!<br />What could be better?  I throw a couple in my purse and know I can have some treats during the day.<br /><br />KG,favorite fiber one granola bar caramel itwhat could better throw couple purse know treat daykg
568316,B0013Z0PTW,AVGEWSTY0GQZ7,J. Kadrmas,0,0,5,1252713600,Personal favorite ...,"This is my personal favorite flavor of these bars ... they're more of a butterscotchey than a carameley.  I eat one almost every day so I don't mind getting such a large quantity because they do get eaten.  Much cheaper to buy here with free shipping than a box a week in the store, that's for sure.",personal favorite flavor bar theyre butterscotchey carameley eat one almost every day dont mind getting large quantity get eaten much cheaper buy free shipping box week store thats sure
568317,B0013Z0PTW,A1TUA8WBESO9D7,"John Thomas Reed ""deerjohn""",0,0,5,1252368000,quick tasty energy,"I normally eat a high protein diet and find myself in dire need of a good carbohydrate energy source throughout the day...these Fiber One Oats and Caramel bars really do the trick, taste great, and help everything move right along - a winner in my book!",normally eat high protein diet find dire need good carbohydrate energy source throughout daythese fiber one oat caramel bar really trick taste great help everything move right along winner book
568318,B0013Z0PTW,A1ODOGXEYECQQ8,Nuknuk,0,0,4,1226880000,Good Tasting Granola Bars,"Most health bars taste awful.  Fiber One Granola Bars Oats & Caramel is not bad at all.  A little chewy, but it does not crumble when you bite it while other snack bars shatters to hundreds of pieces of crumbs.  This one you can enjoy even if you are in front of your computer keyboard.<br />Just a bit small for my satisfaction.",health bar taste awful fiber one granola bar oat caramel bad little chewy crumble bite snack bar shatters hundred piece crumb one enjoy even front computer keyboardjust bit small satisfaction
568319,B0013Z0PTW,A3CGGE7LVE9A8V,Lubna K,0,0,5,1222732800,Fiber all the way,Great way to get your daily fiber. I eat this every morning for breakfast along with my high fiber bread toast. Taste delicious too. The only problem I have is that it is way too sweet. Too much sugar. Otherwise excellent source of daily fiber.,great way get daily fiber eat every morning breakfast along high fiber bread toast taste delicious problem way sweet much sugar otherwise excellent source daily fiber
568320,B0013Z0PTW,A1P9HE4IHIFM2A,"Debbie Foggin ""starz""",0,0,3,1217894400,Good,"Good but not the best, they are really good considering how much fibre they have but the peanut butter ones are the best!",good best really good considering much fibre peanut butter one best
568321,B0013Z0PTW,A3G6JGPK0DDO8P,"J. Ehlert ""Makatrelhe""",0,0,5,1217721600,yummmmmy,"These bars are very good for you with an awesome taste!! I love them, I try to eat one for breakfast every day and already have lost a little weight. I wouldn't recommend eating more than 1 per day because of the fiber, well you know!! But they are delicious!! Caramel is my fav along with choc!!",bar good awesome taste love try eat one breakfast every day already lost little weight wouldnt recommend eating per day fiber well know delicious caramel fav along choc
568322,B0013Z0PTW,A1GGOPQUNRFLAK,Scott Mackenzie,0,0,5,1215993600,nice taste,"Granted, this isn't as tasty as a Milky Way candy bar, but for all its benefits, I could do without my daily candy bar and substitute this.  I microwaved one and put some vanilla ice cream on it and it was awesome.  They are also fine just out of the box.  ""Eating oatmeal cookie dough"" is one of the best ways to describe these.",granted isnt tasty milky way candy bar benefit could without daily candy bar substitute microwaved one put vanilla ice cream awesome also fine box eating oatmeal cookie dough one best way describe
568323,B0013Z0PTW,ABQFLNBP3CV98,"Nick ""Reverie""",1,2,5,1227657600,Delicious Food With Entertainment to Follow!,"These are easily the tastiest fiber you will ever consume.  The aftereffects are really, really memorable.  The number one ingredient is Chicory Root Extract, an ingredient that just may hold the clue to solving our natural gas shortage.  Wow!  I through a bunch of these out in a day long meeting and everyone enjoyed them.  About two hours later it became flat-out humorous.  We couldn't quit erupting.  We had to finish the budget that day so we all sat around, stewing in our natural aroma, wondering what had happened.  Do a Google search on Fiber One F***ts and you will be amazed.  I love to eat these but not when I have to be in public later.",easily tastiest fiber ever consume aftereffect really really memorable number one ingredient chicory root extract ingredient may hold clue solving natural gas shortage wow bunch day long meeting everyone enjoyed two hour later became flatout humorous couldnt quit erupting finish budget day sat around stewing natural aroma wondering happened google search fiber one ft amazed love eat public later
568324,B0013Z0PTW,A18AAABCIJKC5Q,Rhiever,1,3,2,1295740800,High fiber isn't necessarily a good thing!,"I recently cut fiber one bars out of my diet after I noticed that I get all the fiber I need in a day just by eating whole wheat bread, fruits, vegetables and nuts. If you don't have many of the aforementioned foods in your daily diet, then one or two of these a day may be a good fiber supplement. However, this comes at the cost of making you extremely gassy all through the day, which can be embarrassing and sometimes even annoying when it's more frequent than the occasional toot that slips out. IMHO, it's better to get the daily dietary fiber your body needs via the more natural means that I mentioned above.<br /><br />Another thing to keep in mind, especially when dieting, is that these bars are pretty high in sugar. (As much as 10g added sugar per bar!) Considering a ""healthy"" amount of added sugar per day maxes out at about 40-50g per day, eating a few of these bars will chew right through that cap in no time. There's also emerging research showing that eating high-sugar foods (like fiber one bars) will make you crave more sweets, leading you to eat or drink even more unhealthy things like candy bars and sodas. So if you're on a diet, eating these bars probably aren't as great for your diet as you think!<br /><br />I've been fiber one free for two weeks now and I'm happy for the decision. (And so are my friends!)",recently cut fiber one bar diet noticed get fiber need day eating whole wheat bread fruit vegetable nut dont many aforementioned food daily diet one two day may good fiber supplement however come cost making extremely gassy day embarrassing sometimes even annoying frequent occasional toot slip imho better get daily dietary fiber body need via natural mean mentioned aboveanother thing keep mind especially dieting bar pretty high sugar much g added sugar per bar considering healthy amount added sugar per day max g per day eating bar chew right cap time there also emerging research showing eating highsugar food like fiber one bar make crave sweet leading eat drink even unhealthy thing like candy bar soda youre diet eating bar probably arent great diet thinkive fiber one free two week im happy decision friend
568325,B0013Z0PTW,A24QX29Q5BTU52,A. Ritland,5,11,1,1222646400,Fiber-None Bars  Don't Be Fooled!,"Fiber one bars actually don't have real fiber.  They contain inulin (from chicory root) which is technically fiber because the body can't digest it.  Unfortunately fiber is defined by anything that can't be broken down easily.  These bars do not contain REAL fiber. (The real fiber usually found in whole grain breads and cereals) So if it says ""chicory root"" or ""inulin"" in the ingredients, you can be sure you aren't eating the fiber your body can actually use.",fiber one bar actually dont real fiber contain inulin chicory root technically fiber body cant digest unfortunately fiber defined anything cant broken easily bar contain real fiber real fiber usually found whole grain bread cereal say chicory root inulin ingredient sure arent eating fiber body actually use
568326,B001ELL54Y,AYIT1EFS9SVTD,Elizabeth A. Keep,3,3,5,1232668800,Highly enjoyable cup of coffee,"Just ordered our second set of this coffee and decided to share with others.  When brewed it was smooth and flavorful.  The aroma was wonderful; there was none of the burned/uriney smell some coffee has.  The only negative, minor as I have filters, is that it is a very, very fine grind so the gold basket alone let stragglers through.  My family highly recommends this coffee!",ordered second set coffee decided share others brewed smooth flavorful aroma wonderful none burneduriney smell coffee negative minor filter fine grind gold basket alone let straggler family highly recommends coffee
568327,B001ELL54Y,A3C81ARMZEFWC5,Travels A LOT,0,0,2,1329177600,didn't hit the right notes,"This blend seems to be very light for Jamaican/Panama Blue. Very fine powdery grind, much like the European favored style.",blend seems light jamaicanpanama blue fine powdery grind much like european favored style
568328,B001ELL54Y,A2XDUQ6Y7STG0Y,L. Rudolph,0,0,4,1316390400,"Pleasing blend, will re-order","I was happy with my first order.  The coffee was well balanced with good flavor without being bitter.  It doesn't have the distinctive taste of 100% jamaican blue, but who could afford that on a regular basis?  I am placing a second order very soon.",happy first order coffee well balanced good flavor without bitter doesnt distinctive taste jamaican blue could afford regular basis placing second order soon
568329,B001ELL54Y,A3IN6V2F0ZHYBX,CMW,0,0,3,1308528000,Nothing Special,"In my opinion and those of my houseguests this past weekend, this coffee was nothing out of the ordinary.  The Kona blend that I buy at my grocery store is just as good, for half the price.  Wouldn't buy this blend again.",opinion houseguest past weekend coffee nothing ordinary kona blend buy grocery store good half price wouldnt buy blend
568330,B001ELL54Y,ASI6UBJ27L5IX,Jessica Salyer,0,0,5,1302739200,My husband's favorite,"Cheap but good.  It's my husbands favorite.  While the grind is fine, it still works well in our french press.",cheap good husband favorite grind fine still work well french press
568331,B001ELL54Y,A3VQ54EZ30PNO5,"J. Gonzalez ""Papa""",0,1,5,1295827200,Jamaican Panama Blue,"Ordered coffee for a few months. Now I would not recommend it to my worst enemy. The coffee now has no aroma, is light brown and taste worse than ___________.  (fill in the blank)",ordered coffee month would recommend worst enemy coffee aroma light brown taste worse fill blank
568332,B001BOAOLY,A36MP37DITBU6F,"Enchanted  In  Dixie ""Enchanted""",6,6,4,1244419200,GREAT ORGANIC Honey flavor Hard candy. Great candy for eating or use as organic soothing throat drops. Not for small children.,"These are delicious organic hard candies. I only tasted the honey, no lemon flavor why I gave it 4 stars. These honey drops do have a very strong clover honey flavor. If you like a mild or subtle honey flavor, then these may be too strong for you.  ** SMALL HARD CANDY POSE A CHOKING RISK FOR SMALL CHILDREN.",delicious organic hard candy tasted honey lemon flavor gave star honey drop strong clover honey flavor like mild subtle honey flavor may strong small hard candy pose choking risk small child
568333,B001BOAOLY,AIU66NO84WX2,K. McAvoy,3,4,5,1243468800,Delicious!,These are my favorite cough drops.  Just the right amount of honey and lemon.  No artificial ingredients.,favorite cough drop right amount honey lemon artificial ingredient
568334,B001BOAOLY,A15K3SDSQLT5UE,"Morgan Lindsey ""workout mom""",0,0,5,1328313600,Great!,"Wonderful alternative to the candies with all the additives.  They also have a soothing quality, which is nice when you have a sore throat.  Everybody in our family loves them; we order them in bulk!  You can buy them at Whole Foods, but it's much cheaper to buy them through ""Subscribe and Save"".",wonderful alternative candy additive also soothing quality nice sore throat everybody family love order bulk buy whole food much cheaper buy subscribe save
568335,B001BOAOLY,A12N7H01A4AC20,Sassy Graham,0,0,5,1326412800,Love the honey lemon,"I am a flight attendant and a couple of years ago I had a bad sinus infection with an irritating cough. I was in Chicago airport and ran across these. Wow! They coated my throat and helped my cough better than cough medicine!  I now carry them with me and offer them to my passengers  when they have a nasty cough, my passengers ask me where I got them from because they really work!  I bought 6 bags in amazon for my elderly aunt who smokes a lot and has a hacking cough. She now expects them as Christmas presents.!!",flight attendant couple year ago bad sinus infection irritating cough chicago airport ran across wow coated throat helped cough better cough medicine carry offer passenger nasty cough passenger ask got really work bought bag amazon elderly aunt smoke lot hacking cough expects christmas present
568336,B001BOAOLY,A1B7T6ICP4OB5,tigger,0,0,5,1301702400,Organic Honey Lemon candy,"I liked the Honey Organic candy, and like it I tried the Lemon Honey.<br />Once I found it on Amazon I ordered it.  This candy is not a surggery<br />as Honey from a jar.  The lemon is very light not over powering.<br />I would also remond this as I did the Honey Candy.  It is Great.",liked honey organic candy like tried lemon honeyonce found amazon ordered candy surggeryas honey jar lemon light poweringi would also remond honey candy great
568337,B001BOAOLY,A3CMHE6IJV79QM,Nancy J. Lumpkins,0,0,3,1285459200,Not Enough Lemon!,These taste basically as if there is no lemon at all.  And the honey (to me) has a slight aftertaste.  Organic isn't necessarily  better!,taste basically lemon honey slight aftertaste organic isnt necessarily better
568338,B000KOSIP0,A1JFPNLG1UM5BK,C. Owen,4,5,5,1207958400,The best kipper snacks around....,Really enjoyed these and whats great is that these have half the salt of brunswick kippers,really enjoyed whats great half salt brunswick kipper
568339,B000KOSIP0,A3EDVUU7LRFZEJ,Bob Dobolina,1,1,2,1337385600,Poor Quality,"I used to eat these when I was a kid and loved them.  You'd open the can and there would be two or three whole, flaky fillets inside with the skin still on.  They were excellent.  Perhaps I got a bad can this time, but these were just awful.  Like opening a can of cat food.  An unidentifiable mass of smashed fish meat.  Ick.",used eat kid loved youd open would two three whole flaky fillet inside skin still excellent perhaps got bad time awful like opening cat food unidentifiable mass smashed fish meat ick
568340,B000KOSIP0,A1K6DRSBGDT0G,saladin,0,0,1,1348012800,caveat emptor,"After the pop-top ring came off I used some offset pliers to open the can, which was not only difficult it ended up splattering the liquid inside all over my desk.  Once inside the kippers were soggy, courtesy of much too much water.<br /><br />This is the fifth time in 2 weeks this has happened and you would think that I would have learned my lesson.  I suppose I am now convinced that it is definitely not an anomaly.  Fortunately I only have three cans left before I become an ex-customer of this product.<br /><br />They used to be a decent product.  But they have gone to hell big time. 09/19/2012",poptop ring came used offset plier open difficult ended splattering liquid inside desk inside kipper soggy courtesy much much waterthis fifth time week happened would think would learned lesson suppose convinced definitely anomaly fortunately three can left become excustomer productthey used decent product gone hell big time
568341,B000KOSIP0,A282SV3AIUE154,"K. Feucht ""OncoDoc""",1,2,5,1296345600,Just plain awesome,"One cannot find a better kipper snack. And, they are healthy for you. Other brands taste watered down. Not King Oscar.",one cannot find better kipper snack healthy brand taste watered king oscar
568342,B000KOSIP0,A3EK2PVFDY3XTO,Carl Veazey,0,1,5,1327363200,Delicious and Nutritious,These are great quality kippers and the cans have never given me any trouble whatsoever. Usually I get a better deal going bulk with amazon than I do from my local grocery store too. I don't mind the salt and do appreciate the Omega 3's.,great quality kipper can never given trouble whatsoever usually get better deal going bulk amazon local grocery store dont mind salt appreciate omega
568343,B000KOSIP0,A3FBG11DIMFE61,"Caroline ""Caroline""",2,5,2,1250380800,twice the salt,"twice (at least) the salt of season kipper snacks, those with or without salt. not nearly as good.and slightly less kippers per can.disappointing taste.",twice least salt season kipper snack without salt nearly goodand slightly less kipper per candisappointing taste
568344,B000RHXJM2,A1SCOCC52KSMQG,BRJR,0,0,5,1298160000,Blackeye Peas,"I like blackeye peas; but, in the area where I live, they're not commonly found, as ""pinto beans"" are a local stable, and so being able to purchase blackeye peas online in 25 pound bags, is of great convenience to me.",like blackeye pea area live theyre commonly found pinto bean local stable able purchase blackeye pea online pound bag great convenience
568345,B004BRECPW,A124VVZJD4PFD4,Ju!,0,0,1,1341792000,"Best before end 2005, we are in 2012 !!!!!!","Outch !<br />I just received these french lady fingers and I am reading ""Best before end 2005"" : we are in 2012 !!!!!!",outch received french lady finger reading best end
568346,B004BRECPW,AG3K28ZL7BR8M,Jen,0,0,5,1324771200,Delicious!,"These ladyfingers were fresh and delicious!  Even others commented about how they didn't get mushy in my tirimisu.  Will definitely order them again, as it is hard for me to find ladyfingers locally.",ladyfinger fresh delicious even others commented didnt get mushy tirimisu definitely order hard find ladyfinger locally
568347,B003Q9VWUO,A3E1HU3QRVSDUV,H.M. Frank,0,1,2,1301961600,Not Impressed with the item. Great shipping however.,Shipping was fast and quick so 5 stars to that. I was however disappointed in the olives. They are too briny and vinegary. They don't taste much different than green manzanillas or large queens from the supermarket. I will stick to the olive bar at Whole Foods Market for the BEST and most buttery smooth Castelvetranos,shipping fast quick star however disappointed olive briny vinegary dont taste much different green manzanilla large queen supermarket stick olive bar whole food market best buttery smooth castelvetranos
568348,B004CHDG44,A4GAK2EOJFH8F,"Auntie Fun ""Aunt of many""",0,0,5,1326931200,Practically Addictive!,"Sugar free, and so flavorful! My nieces L-O-V-E these as much as I do. I keep them in the cup-holder of my car as well as in my purse.<br />I have digestive issues and often experience ""feedback"" from mints, but not from these!  I originally purchased them at World Market (an offshoot of Pier 1) but they've stopped carrying them, so I now buy a case at a time online. Hope you'll enjoy these as much as my nieces and I do!",sugar free flavorful niece love much keep cupholder car well pursei digestive issue often experience feedback mint originally purchased world market offshoot pier theyve stopped carrying buy case time online hope youll enjoy much niece
568349,B004CZUOSM,A3ELOAF9QJDNK5,Helen Hartel,0,0,2,1316649600,No Bargain Here,"The pizzle twists are short in size. What seemed like a bargain price wasn't, even though the shipping was free. You can buy these at other retailers and pay just a little more, but get a lot more for your money. Each piece from this seller was about 2 inches shorter than from my usual supplier.",pizzle twist short size seemed like bargain price wasnt even though shipping free buy retailer pay little get lot money piece seller inch shorter usual supplier
568350,B009GTIHG0,A1Z3XWG2W5GOHP,Nite Runner,3,3,5,1349136000,Saves me trips to Starbucks,"I absolutely LOVE the pumpkin spice latte they serve at Starbucks.  My friend told me about the Via Ready Brew Pumpkin Spice packs.  While there is no nutmeg on top this stuff still hits the spot (and I can also add my own nutmeg).  Also I don't have to drive 10 minutes just to get some, wait in line, etc... I can just heat up a small pan of milk on the stove, add the Via Ready Brew to my mug, pour, mix and enjoy!  Also it is cheaper than going to Starbucks.  Their grande size latte is about $4 whereas one packet of Via Ready Brew from Amazon comes out to $2.68 for a serving.  Also, depending on your mug size you can add more or not as much milk so the flavor is to your liking.  I'm going to stock up while I can on this :)",absolutely love pumpkin spice latte serve starbucks friend told via ready brew pumpkin spice pack nutmeg top stuff still hit spot also add nutmeg also dont drive minute get wait line etc heat small pan milk stove add via ready brew mug pour mix enjoy also cheaper going starbucks grande size latte whereas one packet via ready brew amazon come serving also depending mug size add much milk flavor liking im going stock
568351,B003IFB148,A253NFOZACFN9M,Bigforker,0,0,5,1314230400,Awesome on Everything...,"My sister, from Brooklyn NY, sent us a jar of this Corriander Chutney from her favorite eastern quisine shop on 1st Avenue in Manhatten.  We absolutely loved it as did our friends that we introduced it to ~ AWESOME on everything...rice, vegetables, you name it!  We live in the woods with little ethnic anything available to us and are so happy to see that we can buy this product on-line via Amazon!  We plan to buy at least a case a year ~ like a fine wine :)  Mary & Ken in Bigfork, MN",sister brooklyn ny sent u jar corriander chutney favorite eastern quisine shop st avenue manhatten absolutely loved friend introduced awesome everythingrice vegetable name live wood little ethnic anything available u happy see buy product online via amazon plan buy least case year like fine wine mary ken bigfork mn
568352,B003O5Q3KE,A2T26HRHG8172X,pompoodlejr,0,0,4,1293321600,dog treats,"i have 4 dogs, 3 of them love these peanut butter crackers, the last one finally came around, now he eats them too. they seem a little dry, but i don't think they'll go to waste. price was good. shipping time was fine.",dog love peanut butter cracker last one finally came around eats seem little dry dont think theyll go waste price good shipping time fine
568353,B003O5Q3KE,A3J8TD7DX73JK0,Joni,0,0,5,1292198400,Repeat Purchaser - My dogs love these,I order several of these everytime I place an order.  Both my dogs love these and they are limited igredient so they are great for my dog who has a sensitive stomach.,order several everytime place order dog love limited igredient great dog sensitive stomach
568354,B003O5Q3KE,A2U4L18LOGSHQ1,"Larry L. Wieskamp ""larwie""",0,0,2,1291161600,doggy crackers,"These were kind of expensive for a dog treat and two of my dogs wouldn't even touch them, so I doubt I would buy them again.",kind expensive dog treat two dog wouldnt even touch doubt would buy
568355,B003O5Q3KE,A2Q833MV8UEM37,Josh Crick,0,2,1,1286841600,My Dog HATED these treats,"Went into the dumpster the very first night. My dog Loves peanut butter, I thought these would be perfect, i was WRONG. These are worse than the dog food they hand out at bank drive thru windows",went dumpster first night dog love peanut butter thought would perfect wrong worse dog food hand bank drive thru window
568356,B002XO3Q52,A7DMNT5YZ3JV1,RJT,0,0,3,1334534400,Paid too much,"I  paid well over labeled price and the product was not fresh. Stamped date to use by is April 24, and many were smashed. Would not order again. Only bought because my wife likes them and I can't find them in Brevard County Fl.",paid well labeled price product fresh stamped date use april many smashed would order bought wife like cant find brevard county fl
568357,B001TGY7W6,A27QGEFS9CYHCX,"mermadelove ""Sparkle on!""",0,0,5,1350086400,Just what I was looking for!,"My 5 month old is teething and putting everything in her mouth. She is simultaneously showing interest in food. I was looking for something that would satisfy all of her needs and this is it. Although this is made in China, I felt confident about buying it because it is organic. The crackers are crisp and textured so they provide teething relief. However,once they get really wet they dissolve, so there's no choking risk! This plus is also a minus because if your baby is messy and gets this everywhere, clean up before they dry because they dry like cement chips!",month old teething putting everything mouth simultaneously showing interest food looking something would satisfy need although made china felt confident buying organic cracker crisp textured provide teething relief howeveronce get really wet dissolve there choking risk plus also minus baby messy get everywhere clean dry dry like cement chip
568358,B0001WYNFA,A24LQ099X444C1,"CDC ""cdc""",0,0,5,1345593600,Great Service,I ordered two of these to send to my grandmother and mother in law for mother's day.  It arrived earlier than expected and both of them were pleased with the flowers.  The plant arrived with flower buds ready to open and were packed well for delivery.  I will order from Giving plants again!,ordered two send grandmother mother law mother day arrived earlier expected pleased flower plant arrived flower bud ready open packed well delivery order giving plant
568359,B000KOUOHU,AJTMYCENPOYM2,brdkey,0,0,5,1323475200,Great,"This is a very good flavor of rice.  I ordered a lot of Uncle Ben's Rice due to a deployment, it is great! Teriyaki is my second favorite, my favorite is Long Grain Wild!",good flavor rice ordered lot uncle ben rice due deployment great teriyaki second favorite favorite long grain wild
568360,B006JSPXZY,AOA5NLHK4LFN4,zachariah,1,1,1,1345852800,UGH!,"If you want unmarked grave dust  this may be  right for you. I don't know of anyone who eats the tough skin and bitter partitions of the pomegranate but skin, membranes and seeds are crushed up and marketed as pomegranate for ingestion. If you are looking for the edible portion of the pomegranate, be more careful than I was and order unadulterated pomegranate juice. The health benefits of the pomegranate are many and tried and true and it's one of the best tastes (flavor, texture, etc) the world has to offer. Just not this product!",want unmarked grave dust may right dont know anyone eats tough skin bitter partition pomegranate skin membrane seed crushed marketed pomegranate ingestion looking edible portion pomegranate careful order unadulterated pomegranate juice health benefit pomegranate many tried true one best taste flavor texture etc world offer product
568361,B000LKVRQA,A35P0TD3LJFMAK,Riti,1,1,2,1319414400,Not too impressed by non-typical Earl Grey flavor,"I wanted to branch out and try this Earl Grey blend (I've tried and enjoyed many as it's my favorite tea).  This tastes too much like licorice for me.  I had hoped it would grow on me with time, but I'm still not feeling this one.  Won't be purchasing again.",wanted branch try earl grey blend ive tried enjoyed many favorite tea taste much like licorice hoped would grow time im still feeling one wont purchasing
568362,B000LKVRQA,A1YUL9PCJR3JTY,"O. Brown ""Ms. O. Khannah-Brown""",1,1,5,1282608000,An Earl Grey Tea That Won't Disappoint,"*****<br />St. Dalfour's wonderful Certified Organic Earl Grey Tea is made from hand-picked, organic Ceylon tea. The flavor is enhanced by ""the all natural flavor of bergamot orange"", which added interest and made my tea experience delightful. The orange flavor was subtle, not overwhelming at all. I left the tea bag in as I drank the tea (the whole time, much longer than recommended), which turns most teas bitter, but not this one.<br /><br />St. Dalfour is a French firm that makes natural teas, including this organic tea. There is not a lot of information about them on their web site beyond the basics, but what is there looks good.<br /><br />Earl Grey teas are one of my favorite black teas, so if you are a fan also, this tea is one not to miss.<br /><br />Highly recommended.<br />*****",st dalfours wonderful certified organic earl grey tea made handpicked organic ceylon tea flavor enhanced natural flavor bergamot orange added interest made tea experience delightful orange flavor subtle overwhelming left tea bag drank tea whole time much longer recommended turn tea bitter onest dalfour french firm make natural tea including organic tea lot information web site beyond basic look goodearl grey tea one favorite black tea fan also tea one misshighly recommended
568363,B000LKVRQA,A2U9I7BWEQ5VKD,Steeleye Span,1,1,5,1265673600,This is a fantastic tea,"This is the best Earl Grey I've found and my overall favorite tea.  It has a distinct, unique flavor unlike any other Earl Grey.  I used to drink a wide variety of teas but now I drink this about 90% of the time.  I highly recommend this product.",best earl grey ive found overall favorite tea distinct unique flavor unlike earl grey used drink wide variety tea drink time highly recommend product
568364,B000LKVRQA,A3JDPYCTUC6Q6I,"Heckler ""Thinker""",1,1,5,1179100800,Organic Earl Grey,"I love this tea.  It is almost addictive.  I try new teas all the time and this I am hooked.  Multiple cups per day. It's good for you and organic. What more could you ask for.  I try to support the organic industry when I can, it's the future.  Like green eggs and ham, try it you will see.",love tea almost addictive try new tea time hooked multiple cup per day good organic could ask try support organic industry future like green egg ham try see
568365,B000LKVRQA,A1M0RE3HQ9VS3M,Mr. Greendeeds,0,0,5,1337385600,Excellent!,"St. Dalfour's Earl Grey is one of my favorite teas. This tea has such a distinctively-delicious and refreshing flavor. The French are true connoisseurs of brilliance and this tea falls under such auspices.  Have a cup of this with a slice of homemade bread, smothered in St. Dalfour's marmalade and you'll know what I'm writing about.",st dalfours earl grey one favorite tea tea distinctivelydelicious refreshing flavor french true connoisseur brilliance tea fall auspex cup slice homemade bread smothered st dalfours marmalade youll know im writing
568366,B000LKVRQA,AEXM04LAAK5FK,"Nessa Rose ""Loves  to Cook""",0,0,5,1335744000,ST. Dalfour Organic Earl Grey Tea,"This is my husbands favorite tea.  He won't drink any other earl grey tea!  Once he tasted this, it was all over!  He used to be a avid coffee drinker, but needed something that was better for him and not raise his blood pressure.  It doesn't have any artificial flavorings as most earl grey teas.  Instead, it contains real oil of Bergamont.  Yum!!",husband favorite tea wont drink earl grey tea tasted used avid coffee drinker needed something better raise blood pressure doesnt artificial flavoring earl grey tea instead contains real oil bergamont yum
568367,B000LKVRQA,A38LRYM1XV7NB5,Shosh,0,0,2,1327708800,Missing even a hint of bergamot,"I am very disappointed after drinking my first cup of this tea. I wish I would have read the reviews. I love Earl Grey because of the fresh flavor of bergamot, but this tea does not even have a hint of bergamot! Sadly, I bought a pack of 16 with 25 tea bags per box, and I will have to find them a a new home : (",disappointed drinking first cup tea wish would read review love earl grey fresh flavor bergamot tea even hint bergamot sadly bought pack tea bag per box find new home
568368,B000LKVRQA,AYB4ELCS5AM8P,"John B. Goode ""JBG""",0,0,5,1313539200,Excellent!,"Quite simply one of the best Earl Grey's I've tried, and I've had many Earl Greys. Some EG's are muted and understated but this one is very floral and has a very strong, but good taste. It's not over the top, just a very nice EG flavor. And to top it off, it's organic and the price is great!",quite simply one best earl grey ive tried ive many earl grey egs muted understated one floral strong good taste top nice eg flavor top organic price great
568369,B000LKVRQA,A23RRJTQA0JNGH,Kathleen A. Nyman,0,0,5,1264982400,Sheer heaven,"This is the best earl grey tea I have ever had and I am a real tea snob. It is smooth,heavy and has a great aroma.It feels like you have really had a cup of tea when you are finished. I was a Twinings only before this-this beats it hands down.",best earl grey tea ever real tea snob smoothheavy great aromait feel like really cup tea finished twinings thisthis beat hand
568370,B000LKVRQA,A2ZX818P92CM7F,"Gregg Somers ""chillerdad""",1,2,3,1282694400,This is Earl Grey!???,"An admitted fan of Stash Earl Grey, nevertheless I endeavor to try them all.  St. Dalfour seemed intriguing, being a French company instead of British, so I gave it a try.  This tea neither tastes nor smells anything like Earl Grey.  The aroma of the tea upon opening the bag is rather bland with no hint of bergamont.  Believe it or not, the aroma and flavor after steeping are a mild licorice.  I'm serious!  If I was given this tea with no forewarning, I would have assumed it was Licorice Tea.  The flavor is not unpleasant.  It is quite different.  It is definitely not Earl Grey.  Be forewarned if you are seeking an Earl Grey aroma/flavor - this is not it.",admitted fan stash earl grey nevertheless endeavor try st dalfour seemed intriguing french company instead british gave try tea neither taste smell anything like earl grey aroma tea upon opening bag rather bland hint bergamont believe aroma flavor steeping mild licorice im serious given tea forewarning would assumed licorice tea flavor unpleasant quite different definitely earl grey forewarned seeking earl grey aromaflavor
568371,B003NQMPYM,A26EL6HQW6SJZ4,Michael Larson,0,0,5,1328313600,M. Larson,"We tried these ""candy bars"" in Hawaii.  They are about as healthy as a candy bar can get. They do not have any refined sugar in them.  They are not really sweet, but they are satisfying.  My wife and I would share one (they are pretty big) and be satisfied.  They are really tasty.  Coming back to the main land we have not been able to find them. So we are excited to find them on Amazon.",tried candy bar hawaii healthy candy bar get refined sugar really sweet satisfying wife would share one pretty big satisfied really tasty coming back main land able find excited find amazon
568372,B000H28ABW,A3N09BGVOMPM2E,John D. Sims,2,2,5,1200960000,Good and Healthy,"One of the very few, if not the only, mix that has no sugar in it. Simple ingredients unlike the packages sold in supermarkets which have sugar, stabilizers and other things that just are not healthy and do nothing to enhance the flavor.",one mix sugar simple ingredient unlike package sold supermarket sugar stabilizer thing healthy nothing enhance flavor
568373,B000H28ABW,AGMUWGEYJJ7XJ,B. Lemm,1,1,5,1329782400,BEST ON THE MARKET,This is the very best taco seasoning mix you will ever buy!  It is spicy and not overly salty.  Those other brands are so weak and just packed full of salt and just plain not good.  You want a great taco seasoning mix....BUY WICK FOWLER'S!!,best taco seasoning mix ever buy spicy overly salty brand weak packed full salt plain good want great taco seasoning mixbuy wick fowler
568374,B000H28ABW,A1FVF43OQJE2AH,C. Wiegman,1,1,5,1327795200,Awesome,"I'm not much of a health food person (actually, if the food is healthy I usually don't like it) but this taco mix is awesome. I've used just about every taco mix known to man over the years and have been making my own for quite some time but this stuff has brought me back to using a simple mix in my tacos without feeling guilty.",im much health food person actually food healthy usually dont like taco mix awesome ive used every taco mix known man year making quite time stuff brought back using simple mix taco without feeling guilty
568375,B000H28ABW,A1MNIZYWGVRVGF,SMuia,1,1,5,1326499200,Best Taco Seasoning Ever!,"Love this taco seasoning and when I couldn't find it at my Florida grocery stores, I looked on the web. Great stuff, not salty (which is a big requirement of mine), not hot either. Try it, I think you'll be glad you did. Sure beats the hell out of taco bell or rio grande seasons!",love taco seasoning couldnt find florida grocery store looked web great stuff salty big requirement mine hot either try think youll glad sure beat hell taco bell rio grande season
568376,B000H28ABW,A2CLE7G5FK24AU,Patrick from Miami,1,1,5,1313020800,Best Taco Seasoning with NO MSG.,Wick Fowler's Taco Seasoning is the best Taco Seasoning mix available that I have tried.  It has only natural food ingredients and no MSG.  Tastes great.  I use it with both ground beef and ground turkey.,wick fowler taco seasoning best taco seasoning mix available tried natural food ingredient msg taste great use ground beef ground turkey
568377,B000H28ABW,A10R47UIIJHJQT,frogman,1,1,5,1283644800,Taco Seasoning - Wick Fowler,This is the best product we have found for making Taco meat.  We use the taco meat primarily to make Taco Salad.  We cannot find the Taco Seasoning in Oklahoma City and are pleased to find the product from Amazon.com.,best product found making taco meat use taco meat primarily make taco salad cannot find taco seasoning oklahoma city pleased find product amazoncom
568378,B000H28ABW,A1UCBPUAX4GBR6,"Vera H. Lortie ""vjh10679""",1,1,5,1267574400,Simple yet delicious,"This spice packet is fabulous.  It is simple, delicious and only has herbs, spices and salt.  There is no beef extract or yeast gulten or other unnecessary stuff.  I add a pinch of chipolte pepper spice to give a bit more heat and it makes the perfect taco meat.",spice packet fabulous simple delicious herb spice salt beef extract yeast gulten unnecessary stuff add pinch chipolte pepper spice give bit heat make perfect taco meat
568379,B000H28ABW,A1V0BAV1DWIKPQ,"DC Dawg ""DC Dawg""",1,1,4,1227484800,Good and natural,"Grab some flavor and save yourself some chemicals, this stuff rocks. I was amazed when I saw many of the other brands dont even have Cumin in them, seriously? Can't have taco's without the Cumin. Anyway, it's good it's not expensive, try it, you won't regret!",grab flavor save chemical stuff rock amazed saw many brand dont even cumin seriously cant taco without cumin anyway good expensive try wont regret
568380,B000H28ABW,A1XVKAMXSOW8ZV,"C. E. Hunsicker ""Hatshepsut""",2,3,3,1256515200,Just OK,"I hadn't tried this taco seasoning prior to purchasing in bulk and am limited in what brands I guy to do allergies.  The taco seasoning is ok, but not nearly as good as McCormick.  A bit disappointed to be stuck with so much of it, but will use it eventually.",hadnt tried taco seasoning prior purchasing bulk limited brand guy allergy taco seasoning ok nearly good mccormick bit disappointed stuck much use eventually
568381,B000H28ABW,A25RYX4NFWDJ2N,"Lyvonne Hipperling ""HEALTH ADVOCATE""",2,3,5,1181692800,HEALTHY EATING,"THIS TACO SEASONING WAS RECOMMENDED TO ME AS AN ALL NATURAL SEASONING THAT I SHOULD USE ON A DIET CALLED HEALTHY LIVING.  IT GIVES A REALLY GOOD NATURAL TACO FLAVOR WHEN USED IN MEATLOAF, MEATBALLS, OR JUST REGULAR HAMBURGER.  IT HAS NO INGREDIENTS THAT SHOULD NOT BE CONSUMED ON THIS DIET. I AM PLEASED WITH THIS PRODUCT AND HOPE TO BE ABLE TO CONTINUE TO ORDER IT.",taco seasoning recommended natural seasoning use diet called healthy living give really good natural taco flavor used meatloaf meatball regular hamburger ingredient consumed diet pleased product hope able continue order
568382,B000H28ABW,A1I44EGA0EDJ03,L. Woods,0,0,5,1351036800,Best taco seasoning you can buy,"Notice that this taco seasoning packet weighs as much as the other brands, but doesn't have fillers like corn in it.  That means you get a lot more spices and flavor.  It's our favorite brand, and we've tried everything from store brands to organic/natural versions (a close second is La Preferida, and everything else is a distant third).  It's also great for people like me with multiple food allergies, or just if you're trying to cut chemicals out of your diet.  It's purpose is flavor and not excessive heat, so if you want to burn off your taste buds you'll have to add something to do that.",notice taco seasoning packet weighs much brand doesnt filler like corn mean get lot spice flavor favorite brand weve tried everything store brand organicnatural version close second la preferida everything else distant third also great people like multiple food allergy youre trying cut chemical diet purpose flavor excessive heat want burn taste bud youll add something
568383,B000H28ABW,A1TZXENU9QMGQE,nita,0,0,5,1350259200,Best buy 4 your money,I purchased a packet of the taco seasoning and to my suprise it is the best one out there! You must try it<br />I'll never buy anything else.,purchased packet taco seasoning suprise best one must try itill never buy anything else
568384,B000H28ABW,A2RM8BU1FCYQM9,"Former Oak Parker ""music buff""",0,0,5,1324339200,Best Taco Seasoning EVER!!!,Wick Fowler Taco Seasoning is by far the best tasting taco seasoning.  I have served it to many of my friends and family and they all love it!!!,wick fowler taco seasoning far best tasting taco seasoning served many friend family love
568385,B000H28ABW,A8T6W1M15FM75,"CA-SK ""CLA""",0,3,2,1255219200,Bland Taco Seasoning,"Tasteless, bland, insipid - how many synonyms do we need to describe this product? No wonder this stuff is rarely seen on store shelves. Stay away, stay very far away...",tasteless bland insipid many synonym need describe product wonder stuff rarely seen store shelf stay away stay far away
568386,B005OCX5XI,A6RFVZFCCPPAB,Sandra Thomas,1,1,1,1345507200,Rip-off: Be careful before u buy!!!!!!!,"Be very careful to check out the the oz size, the picture is deceiving. I was under the impression that this is the same 22 ounces but it was actually the 13.20z size. When I tried to return it, Amazon didn't give me that option. Why would anyone in their right minds pay $16.11 for case of 13 oz can of dog food when you can get the same case at the grocery (Publix) store for $10.79 and even less at Walmart. Total rip-off!!!!!",careful check oz size picture deceiving impression ounce actually z size tried return amazon didnt give option would anyone right mind pay case oz dog food get case grocery publix store even less walmart total ripoff
568387,B001EQ5O6Y,A1U36T07L3HM0E,F. Dias,7,7,4,1256688000,Just some info to help...,"Just FYI, I checked the nutritional information on this product and it states it has 20 calories per stick.  Each tablespoon of Agave Nectar has 60 calories so each stick is 1 teaspoon.  So you would need three sticks for a tablespoon serving.  Just thought I would throw that out there for anyone thinking about buying this product and trying to figure out how many sticks they need to use in their tea or coffee, LOL!  I'm a two sticker;o)",fyi checked nutritional information product state calorie per stick tablespoon agave nectar calorie stick teaspoon would need three stick tablespoon serving thought would throw anyone thinking buying product trying figure many stick need use tea coffee lol im two stickero
568388,B001EQ5O6Y,A3NL4VV8FXZ266,"Ruby ""Tuesday""",3,3,2,1187395200,good idea but messy,"this ia a good idea; however, difficult to open.  must squeeze/twist pretty hard & product oozes free - usually all over fingers.  also, portion size is a bit too small.  still love agave.",ia good idea however difficult open must squeezetwist pretty hard product ooze free usually finger also portion size bit small still love agave
568389,B001EQ5O6Y,A3JDX65QJO3Q2F,Don't believe it just because someone told yo...,5,6,4,1187395200,Awesome product,"I have used agave for many things and find that it is a better alternative to sugar.  It will not give you the sugar plunge you get from sugary products.  If you are using this product in beverages please realize that it is not going to give you that same sugary, syrupy flavor that some people are used to from regular sugar or substitutes.  It is a subtle sweetness.<br /><br />I have served this product to friends, and those who are used to a sugary taste in their tea didn't care for it as much as those friends who don't use a lot of sugar.  It really depends on what you are used to.  I have no complaints about this product.<br /><br />Agave is also better for people who have diabetes, as it does not spike blood sugar levels.<br /><br />Don't pass up on trying this great alternative to sugar.  It is worth letting your tastebuds adapt to the subtleness.  It is also great for baking.  Also, this is now labeled as organic, so another reason to try it.",used agave many thing find better alternative sugar give sugar plunge get sugary product using product beverage please realize going give sugary syrupy flavor people used regular sugar substitute subtle sweetnessi served product friend used sugary taste tea didnt care much friend dont use lot sugar really depends used complaint productagave also better people diabetes spike blood sugar levelsdont pas trying great alternative sugar worth letting tastebud adapt subtleness also great baking also labeled organic another reason try
568390,B001EQ5O6Y,A2LGOMSYQJ5PZS,N. Hjort,2,2,5,1257552000,great flavor,The cinnamon honey sticks flavor was excellent. When added to tea it enhanced the flavor of the tea.,cinnamon honey stick flavor excellent added tea enhanced flavor tea
568391,B001EQ5O6Y,A3HRWZW3ZK6W49,Kristen McDaniel,1,1,5,1239148800,Yummy honey in a convenient portion.,"I bought this in an effort to help myself quit smoking while watching my weight.  Also, I'd been looking for a smaller honey container to use to sweeten my hot tea when I'm at work.  These honey sticks definitely helped.  The honey was very good, the stick/straw seems to be a great way to package it as it doesn't spill out easily.  Plus, each stick is only 15 calories, so you can watch your proportion if that matters to you. I will definitely purchase this again.",bought effort help quit smoking watching weight also id looking smaller honey container use sweeten hot tea im work honey stick definitely helped honey good stickstraw seems great way package doesnt spill easily plus stick calorie watch proportion matter definitely purchase
568392,B001EQ5O6Y,A31YNKI4TS6ZJW,Lauren L.,1,1,5,1234310400,convenient way of taking your agave with you!,"I was hesitant about this product based on some customer reviews that said there were difficulties opening the little sticks and that they (the customers, not the sticks) got agave all over their fingers... I wonder if Stash read the reviews and changed their packaging?  I have not had this problem, and I'm usually *awful* at opening packaging! With these, I simply bite off the end (gross, I know, but I am a student and I don't/can't carry a knife around with me in my bookbag all day) and squeeze it into my coffee.  It's a great way to have my agave with me because most coffee shops and cafes have not yet started stocking this alongside their poisonous sugar alternatives (you know, those pink, blue, and yellow packets).  Keeps my blood sugar from spiking, sweetens my coffee--what more could you ask for?",hesitant product based customer review said difficulty opening little stick customer stick got agave finger wonder stash read review changed packaging problem im usually awful opening packaging simply bite end gross know student dontcant carry knife around bookbag day squeeze coffee great way agave coffee shop cafe yet started stocking alongside poisonous sugar alternative know pink blue yellow packet keep blood sugar spiking sweetens coffeewhat could ask
568393,B001EQ5O6Y,A1XDASQ60YMQLN,"Karen Pratt ""tudie""",1,1,4,1207526400,Wonderful Flavor,"These little goodies are so full of flavor and so good.  I bought these for my granddaughter in Minnesota and sent them to her.  She was thrilled, shared them with her sisters and now they are wanting to get some.<br />Great gift idea!!",little goody full flavor good bought granddaughter minnesota sent thrilled shared sister wanting get somegreat gift idea
568394,B001EQ5O6Y,AJGGU9YEZNPY7,Kah-tay,0,0,5,1327795200,Sweet DEAL!,"These are great to have!  I toss one in my daughter's lunch...have a few in my purse for a ""pick"" me up, etc.  Tasty, tasty!  Other people are so curious when I whip one out.  They are amazed it's a straw filled with honey.  This is the place to find the best price on these honey sticks.  Thanks for having them on subscribe and save.  Great program!",great toss one daughter lunchhave purse pick etc tasty tasty people curious whip one amazed straw filled honey place find best price honey stick thanks subscribe save great program
568395,B001EQ5O6Y,A309CWGUW09NYB,Lirion73,0,0,3,1315785600,"Smell delightful, taste not so much","I picked up these honey sticks because I'm in a chai tea phase and thought they'd be nice to add to a simple black tea. Upon taking one from the box, I was treated to a wonderful scent of cinnamon and spices that reminded me of Christmas time.  I brewed my tea, added the stick of honey and stirred.  As I took that first sip, I couldn't much smell the honey I just added.  As the tea coated my tongue I was waiting and waiting for the scent of the honey stick to hit my tongue and it never really did. I could taste a tiny bit of honey, but nothing more than if I added plain clover honey to my tea.  It was rather underwhelming.  My second cup I tried 2 sticks and it was a little better, but for the price, I'd much rather just buy chai tea bags.<br /><br />All in all, don't expect it to taste the way it smells.  Far too weak in just a simple black tea, but smells divine still sealed up!",picked honey stick im chai tea phase thought theyd nice add simple black tea upon taking one box treated wonderful scent cinnamon spice reminded christmas time brewed tea added stick honey stirred took first sip couldnt much smell honey added tea coated tongue waiting waiting scent honey stick hit tongue never really could taste tiny bit honey nothing added plain clover honey tea rather underwhelming second cup tried stick little better price id much rather buy chai tea bagsall dont expect taste way smell far weak simple black tea smell divine still sealed
568396,B001EQ5O6Y,A2NEOGFAJDJMFV,SUZANNE L. ARASIM,0,0,5,1279411200,"Very handy, yummy too","My mom-in-law had rec'd 1 box of these in a gift box, but couldn't find more when she found she enjoyed the convenience of them in her hot tea & on toast.  She said the straws are just the right amount, they are less messy & the honey keeps longers than in a jar.  A 6-pk was a great surprise for her.  The price was reasonable for a convenience item.",mominlaw recd box gift box couldnt find found enjoyed convenience hot tea toast said straw right amount less messy honey keep longer jar pk great surprise price reasonable convenience item
568397,B001EQ5O6Y,A27OFOL5ERMRWE,"Mary A. Simpson ""Boatlady13""",0,0,5,1236729600,Lemon Honey Sticks,These honey sticks are so nice in a cup of tea.  You can even remove your tea bag with them!,honey stick nice cup tea even remove tea bag
568398,B001EQ5O6Y,AWLK6NSSV0YNA,Midwest Mommy,0,0,5,1219363200,Sweet Treat!,These Chai Honey Sticks are SO good!  I enjoy eating one or two when I have a craving for something sweet.  It also makes a fun non-sugar sweet treat for my toddler.  The straws are the perfect size to add to a 6oz cup of tea too.,chai honey stick good enjoy eating one two craving something sweet also make fun nonsugar sweet treat toddler straw perfect size add oz cup tea
568399,B001EQ5O6Y,AU5C3IYBH9JCW,"S. Musicant ""Bermusicant""",0,0,4,1216512000,Portable Health,"I agree with other reviewers about Agave in general and also specifically this product.  Know that I have a pretty big sweet tooth, and thanks to Agave I feel I'm slowly taming it.  I do find Agave to be sufficiently satisfying -- with the right amount.  And it makes me feel very good to know I'm not jacking up my blood sugar level with sugar, and that I'm not putting sugar (which I increasingly think of as poison) into my body.  But you do have to use around the same amount as regular sugar, maybe sometimes less, sometimes more.  Various mfgs. of the product claim you can use less.  I have not found this to be the case.<br /><br />Regarding the sticks specifically, you do have to squeeze fairly hard and repeatedly to get it all out, and inevitably some gets on your fingers.  However, given the above pluses, in the absence of anything better I'm willing to settle for the drawbacks as opposed to putting sugar or -- quel horreur -- artificial sweetners into my body when I'm away from home.",agree reviewer agave general also specifically product know pretty big sweet tooth thanks agave feel im slowly taming find agave sufficiently satisfying right amount make feel good know im jacking blood sugar level sugar im putting sugar increasingly think poison body use around amount regular sugar maybe sometimes less sometimes various mfgs product claim use less found caseregarding stick specifically squeeze fairly hard repeatedly get inevitably get finger however given plus absence anything better im willing settle drawback opposed putting sugar quel horreur artificial sweetners body im away home
568400,B001EQ5O6Y,A339H0D2F669XI,C. Nicholls,0,0,5,1208217600,honey sticks,These are straws filled with lemon flavored honey.  I love them.  They taste great and are easy to take with you.  I use them at work- very convenient for quick hot tea without the messy honey.,straw filled lemon flavored honey love taste great easy take use work convenient quick hot tea without messy honey
568401,B001EQ5O6Y,A3AIZS4BZXUKIP,"Shirley Watt ""gmaof7""",0,0,4,1202428800,Great for traveling or eating out!,"These are GREAT for carrying in my purse for eating out, or when we're traveling, as most places do not have Agave Nectar!<br />Just wish there was an easier way to open them...I'm carrying a small pair of scissors to open them!",great carrying purse eating traveling place agave nectarjust wish easier way open themim carrying small pair scissors open
568402,B001EQ5O6Y,A28ZV2FB9OAFVJ,Lori,0,0,3,1192838400,Agave Nectar,It's great to have agave in a portable format.  But is is difficult to open.  The directions say to pinch to open.  They are not so easy to pinch.  I have found if you bend the tube about 1 inch above the end then pinch the end it helps.  But the agave often gets on your fingers.,great agave portable format difficult open direction say pinch open easy pinch found bend tube inch end pinch end help agave often get finger
568403,B001EQ5O6Y,A1A3H22VVZYUKW,msfreixy,1,3,1,1187049600,alternative sweetner,"I was disappointed in this product, as I had read and heard that this was an excellent sweetner, and it only took a small amount.  NOT TRUE!  I had a 8 ounce glass of tea, and added two ""straws"" of Nectar, and you couldn't even tell anything had been added.  Expensive if  you had to use a whole pack to slightly sweeten anything.",disappointed product read heard excellent sweetner took small amount true ounce glass tea added two straw nectar couldnt even tell anything added expensive use whole pack slightly sweeten anything
568404,B001EQ5O6Y,A2891E3BMAKGYN,"PCNiles ""reader/writer""",0,6,2,1264118400,"Deceptive Term = ""Sticks""","When I ordered these, based on the description, I thought the honey was somehow hardened into stick-form and thus would 'melt' into a cup of hot tea.  I was surprised when I discovered these sticks were actually thin plastic straws filled with honey!  There is no way I'm going to insert a plastic straw into a hot cup of tea. I'm not sure it would work anyway; I suppose you could cut open each end and then blow the honey in the tea.  Does Stash think you're going to sip on these straws?  I don't know what the company was thinking when they produced this product, other than as a candy to be eaten.<br /><br />I believe the term ""stick"" does not accurately describe this product and is misleading.  I doubt it's intentional, however.  The Stash Tea Company is an excellent company and has many high quality teas and products.<br /><br />The honey flavored with chai spices is good enough but frankly, it it a very expensive way to buy honey.  Better to buy a jar and flavor it yourself.  I wound up using these Chai Honey Sticks by cutting open one end and pressing out the honey into a tea cup/pot, which was messy and time consuming.<br /><br />I love Stash tea... drink it every morning.  But this product is a bust and I would never purchase it again.",ordered based description thought honey somehow hardened stickform thus would melt cup hot tea surprised discovered stick actually thin plastic straw filled honey way im going insert plastic straw hot cup tea im sure would work anyway suppose could cut open end blow honey tea stash think youre going sip straw dont know company thinking produced product candy eateni believe term stick accurately describe product misleading doubt intentional however stash tea company excellent company many high quality tea productsthe honey flavored chai spice good enough frankly expensive way buy honey better buy jar flavor wound using chai honey stick cutting open one end pressing honey tea cuppot messy time consumingi love stash tea drink every morning product bust would never purchase
568405,B005OTVL8C,A1UJMVE0LCOI45,J. Wolf,0,0,5,1350172800,great flavor boost,"If you want to add a hint of Meyer lemon flavor to a dish, then just add a drizzle of this wonderful oil.  Vegetables, fish, etc.  I've tried several brands and find this to have the nicest flavor of lemon with the buttery smooth flavor of Mission olives.  Not an every day cooking oil, but a finishing touch on many dishes.",want add hint meyer lemon flavor dish add drizzle wonderful oil vegetable fish etc ive tried several brand find nicest flavor lemon buttery smooth flavor mission olive every day cooking oil finishing touch many dish
568406,B000P56I7Y,A2ZKNGL20FBK2I,Shatzi Crabtree,3,5,5,1274918400,Arrived Fine,"The product arrived pretty quickly and was easy to make, tasted very good. Nice for us here in the US who never get Yorkshire Pudding when not in England.",product arrived pretty quickly easy make tasted good nice u u never get yorkshire pudding england
568407,B0039KE8Y2,A392FNHBJR1IY6,Leo Breeden,0,0,4,1336867200,great taste,This apple butter has a great taste but the price is so I would not purchase again. I know it can not cost this much to produce such a small jar,apple butter great taste price would purchase know cost much produce small jar
568408,B0018CLWM4,ANKM1RMQ4RKQ6,Spaceman,6,6,5,1291420800,Premium Edge Dry Cat Food for Kitten,"My 6 month old male Tuxedo cat likes Premium Edge Dry Cat Food for Kitten, Chicken, Salmon and Vegetables, which is ""Y"" shaped kibble, similar to Californian Natural <a href=""http://www.amazon.com/gp/product/B000F782JY"">Chicken and Rice Dry Cat and Kitten Food - 5 lb - Bag</a>. Premium Edge has a higher fat content than California Natural, and is therefore recommended only for kittens. Based on the stated ingredients and nutritional information, I award Premium Edge Dry Cat Food for Kitten, Chicken, Salmon and Vegetables, ""5 Stars,"" even though the bag does not feature a resealable strip, which is a nice feature that some other kibble cat food bags have.",month old male tuxedo cat like premium edge dry cat food kitten chicken salmon vegetable shaped kibble similar californian natural chicken rice dry cat kitten food lb bag premium edge higher fat content california natural therefore recommended kitten based stated ingredient nutritional information award premium edge dry cat food kitten chicken salmon vegetable star even though bag feature resealable strip nice feature kibble cat food bag
568409,B0018CLWM4,AJGOF4W50ZNB4,je2u,3,3,5,1310515200,Premium Edge Kitten Food,"This is a good food with decent ingredients & it is affordable. My finicky cat does better on it than some more expensive brands. Unlike a comment on here stating otherwise,the first 2 ingredients are Chicken & Chicken meal,the food is naturally preserved. So,I gave it 5 stars even though I am not a big fan of Diamond foods being the manufacturer.",good food decent ingredient affordable finicky cat better expensive brand unlike comment stating otherwisethe first ingredient chicken chicken mealthe food naturally preserved soi gave star even though big fan diamond food manufacturer
568410,B0018CLWM4,A2PE0AGWV6OPL7,Dark Water Mermaid,3,3,5,1309651200,Quality & affordable food,"I was very pleased with the ingredient quality, taste (according to the kitties), price, and reasonable kibble size of this food. I fed this food to approximately 20 different cats and it was well received by the majority, even the extremely picky one. My cats eat a variety of food. They eat homemade raw, freeze dried raw, grain free dry/canned, and non grain-free dry/canned food. My personal, senior picky cat easily vomits with most food...this food was very easy on her sensitive stomach. I would not hesitate to purchase this food again",pleased ingredient quality taste according kitty price reasonable kibble size food fed food approximately different cat well received majority even extremely picky one cat eat variety food eat homemade raw freeze dried raw grain free drycanned non grainfree drycanned food personal senior picky cat easily vomit foodthis food easy sensitive stomach would hesitate purchase food
568411,B0018CLWM4,A88HLWDCU57WG,R28,2,2,5,1332979200,litter box,"My main reason for the five star review has to do with the litter box.  When I tried switch my kittens off of this kitten food onto a brand I bought at the grocery store their litter box started smelling horrible !  When I switched them back to this food, litter box went back to minimal odor.  five star from me :)",main reason five star review litter box tried switch kitten kitten food onto brand bought grocery store litter box started smelling horrible switched back food litter box went back minimal odor five star
568412,B0018CLWM4,AUX1HSY8FX55S,DAW,1,1,5,1319500800,Happy Camper,"I bought this to try on two registered Maine Coon kittens, as one is picky and refused all previous dry foods.  I feed wet food several times a day and keep dry food available at all times.  To my surprise, they both love this dry food.  For a lower priced dry food, it has exceptional ingredients.  Fat content is high, but that's good for active, growing kittens.  I love hearing them crunching between wet food feedings.  At 12 months, I'll try to find a different dry food they like, but for now I'm a very happy camper.",bought try two registered maine coon kitten one picky refused previous dry food feed wet food several time day keep dry food available time surprise love dry food lower priced dry food exceptional ingredient fat content high thats good active growing kitten love hearing crunching wet food feeding month ill try find different dry food like im happy camper
568413,B0018CLWM4,AVZ2OZ479Q9E8,Ai Ling Chow,0,0,5,1336435200,Two Siberians like it!,"When we brought home two 3-month-old purebred Siberian kittens, this was the dry food I picked for them.  Wolfram, the boy, prefers this to his wet canned food!  Catmium, the girl, likes wet food better, but she'll eat this when she's hungry and there's no wet food.  (They also eat the kitten versions of Fancy Feast wet canned food; it used to be 1 can per cat daily, but we've cut down to half a can per cat daily.  Catmium was gobbling her wet food and then eating Wolfram's, and Wolfram was letting her, preferring to eat dry food; he likes the crunchiness.  Catmium didn't need two cans a day, so now we just put out one can a day and they eat dry food if they don't get enough of the wet.)  They are growing quickly, and they are adorable little furballs full of energy.  Their coats are soft and luxurious, too.",brought home two monthold purebred siberian kitten dry food picked wolfram boy prefers wet canned food catmium girl like wet food better shell eat shes hungry there wet food also eat kitten version fancy feast wet canned food used per cat daily weve cut half per cat daily catmium gobbling wet food eating wolfram wolfram letting preferring eat dry food like crunchiness catmium didnt need two can day put one day eat dry food dont get enough wet growing quickly adorable little furballs full energy coat soft luxurious
568414,B0018CLWM4,AI3Y26HLPYW4L,kimosabe,1,2,2,1330041600,premium edge cat food,"My cats don't like it. what else can I say to reach 20 words.  It was an expensive mistake.  My older cat likes the premium edge food for older cats, but she may just be eating it because that is what she gets.",cat dont like else say reach word expensive mistake older cat like premium edge food older cat may eating get
568415,B0002ARMS6,ALMANY3CKWVH7,Serval,0,0,5,1348185600,Exotic food,"This is always a good product for Exotic Cats. If you can't get raw meat, their favorite, then this is your food. They love it...",always good product exotic cat cant get raw meat favorite food love
568416,B000JT45IA,AEW1UWTI3MCVN,"John S ""Johnny""",0,0,5,1177545600,Hands down the best dressing I've ever had...,as it should be for $6 a bottle.,bottle
568417,B0000D16IP,AQB1DEDUQYQK1,David J. Alexander,2,2,2,1277337600,not what I ordered,"When I ordered this chutney, it was supposed to be ""Sun"" brand, where mangoes were the first ingredient.  What I was sent was ""Patak"" brand, where sugar is the first ingredient, and which is quite sweet for a chutney.  I don't feel I got what I ordered.  I have bought Patak brand in the past and didn't like it much.",ordered chutney supposed sun brand mango first ingredient sent patak brand sugar first ingredient quite sweet chutney dont feel got ordered bought patak brand past didnt like much
568418,B0000D16IP,A1SOL9F0I9D3A4,William M. Jacobs,2,4,4,1257897600,Great,This is the best brand of Mango Chutney that I have been able to buy and enjoy.,best brand mango chutney able buy enjoy
568419,B001F2GDJY,AFFKPAAZCQ5IK,biscuit,3,3,5,1322438400,tuffer,we just had a new lawn put in and it was very expensive. this product really worked. it was nice to not see all the yellow spots all over the lawn. i would  give this product a 10. i have will order it again. sincerely kathy pinto,new lawn put expensive product really worked nice see yellow spot lawn would give product order sincerely kathy pinto
568420,B001F2GDJY,A2IN568FEHYSQ8,Busy Mom,0,0,5,1350518400,really works!,"I have been using this product for two years now and have seen a huge difference in how my lawn looks. I have two dogs and the lawn looked terrible before I started using Grasssaver Biscuits.  Plus my dogs love them, which makes it so easy to use.",using product two year seen huge difference lawn look two dog lawn looked terrible started using grasssaver biscuit plus dog love make easy use
568421,B004BY23I8,A2B07RJZVDUJA5,P. Mase,0,0,4,1350518400,Co-co-yummy!,"Love the coconut flavor of this tea.  Two things I wish were different-the metal rim is slightly sharp and you need to be careful, would prefer that they make this in larger size (at least 16 oz).",love coconut flavor tea two thing wish differentthe metal rim slightly sharp need careful would prefer make larger size least oz
568422,B004BY23I8,A10JGJ9JOJOXQV,W Weaver,0,0,5,1340582400,Good Stuff,Pacific Chai coconut Chai Latte is so good. I have a cup every morning with my coconut oil in it. Also getting it through Amazon is much cheaper than at the store. I live about an hour from any grocery store and so it is nice to be able to have it shipped to my door.,pacific chai coconut chai latte good cup every morning coconut oil also getting amazon much cheaper store live hour grocery store nice able shipped door
568423,B004BY23I8,A2PJIM996TTQH2,Sets in the City,0,0,3,1327190400,Pacific Chai-Coconut,"This version of Pacific Chai is pretty mild.  I LOVE coconut and can bearly, if at all, taste it in this product.  I was glad my six pack was gone so I could buy something a little stronger.  If you like the mild taste of chai and hint of coconut, it would be perfect.  <a href=""http://www.amazon.com/gp/product/B004BY23I8"">Pacific Chai Tea, Coconut Chai Latte, 10-Ounce Cans (Pack of 6)</a>",version pacific chai pretty mild love coconut bearly taste product glad six pack gone could buy something little stronger like mild taste chai hint coconut would perfect pacific chai tea coconut chai latte ounce can pack
568424,B001FPT1WM,A1R3ERCRDIAV91,S. Hobbs,7,7,5,1262822400,Good purchase,"I bought this candy for my son, who spent time in France, and came to like it.  We couldn't find much here locally, and nothing like the violet candy he had tasted, so I took a chance.  He said it is the same he purchased in France, so he is happy.  So am I!  It was well packaged, which was a concern, since it's in a glass jar.  I received the item very quickly.  I'm very satisfied.",bought candy son spent time france came like couldnt find much locally nothing like violet candy tasted took chance said purchased france happy well packaged concern since glass jar received item quickly im satisfied
568425,B001FPT1WM,A291HTT117RVS9,"MadisonVeggie ""Lynette in Wisconsin""",2,2,5,1333411200,"Unusual, even for a violet candy","I've tried several violet flavored candies in the past, and this is my favorite. Along with the floral flavor/aroma, it also has a nice citrus undertone which complements it well. Expensive, but hard candies last a long time, unless you ""chain suck"" them like I sometimes do!",ive tried several violet flavored candy past favorite along floral flavoraroma also nice citrus undertone complement well expensive hard candy last long time unless chain suck like sometimes
568426,B001FPT1WM,A1TRJQBYQFZW4,Brad,2,2,5,1325376000,Very good,"This candy has a very good flavor. It is quite unlike anything commonly available from the supermarket candy aisle.<br /><br />I live in the middle of the corn-belt, so if you have access to a ""real"" candy store you may not find it so unique.",candy good flavor quite unlike anything commonly available supermarket candy aislei live middle cornbelt access real candy store may find unique
568427,B001FPT1WM,A2F25C6QCKJ3HL,Jill,1,1,1,1341532800,rip off,"The candy is tasty, but they totally scam you on the price. The jar is only the size of a soda can, and looks absolutely nothing like  the picture. I will not be buying this again. If your gonna sell something that small make the price around $5.",candy tasty totally scam price jar size soda look absolutely nothing like picture buying gonna sell something small make price around
568428,B001FPT1WM,A7VLVCQJIROTF,"Lorraine ""DamnSwank""",1,1,5,1340323200,The search has ended!,I had been looking for the violet candy with the perfect balance of sweet and floral when I tried these.<br />The search has ended.<br />I am very pleased.,looking violet candy perfect balance sweet floral tried thesethe search endedi pleased
568429,B001FPT1WM,A1YGG6T4YJZWC1,"bethany ""birds and more birds""",1,1,5,1340236800,very tasty,"these are very pricey so i only enjoy them now and then as a treat but the flavor is wonderfull and the packaging is very nice. would make a wonderfull gift to send to someone who likes such dainties.<br />i will order again when i run out, truly a nice treat.",pricey enjoy treat flavor wonderfull packaging nice would make wonderfull gift send someone like daintiesi order run truly nice treat
568430,B001FPT1WM,AW7HIV8I53FE4,"Herb Schulsinger ""Bach Because!""",1,1,5,1338508800,Violet French Hard Candy,"These candies have a mild flavor, when compared with CHoward's Violet candy, but they are delicious nevertheless.  I will definitely purchase these candies again.",candy mild flavor compared chowards violet candy delicious nevertheless definitely purchase candy
568431,B001FPT1WM,A1XDMZMMOAMR7,nyxport,0,0,5,1345161600,delicious,"This product is a bit pricey for the amt. received.  But,I wanted the candy I chain sucked through Paris and Ifound it.<br />  Delivery was also quicker than I expected.",product bit pricey amt received buti wanted candy chain sucked paris ifound delivery also quicker expected
568432,B003XUL27E,A32Y0419QFGVHM,Kevin Mitchell,0,0,1,1319673600,Mostly water,Definitely not worth buying flavored water with a few teaspoons of beans and rice that doesn't taste like normal beans and rice. I wont ever buy this again!,definitely worth buying flavored water teaspoon bean rice doesnt taste like normal bean rice wont ever buy
568433,B003XUL27E,A1YKXVGAIA8952,NC65,0,0,1,1319500800,No Good,"I thought this soup would be more like a chilli, but it is very watery. Which I could tolerate as long as it still tasted good, which it doesn't. I had to throw it away after only a few spoonfulls.",thought soup would like chilli watery could tolerate long still tasted good doesnt throw away spoonfulls
568434,B003XUL27E,A1JUG9WCN1A52Z,maudlin666,0,0,1,1311638400,Tastes horrible!,"I just bought this soup today at my local grocer, brought it back to work with me, heated it up and almost spit out my first bite.  The taste is so sweet, and it's not just the aftertaste as a previous commenter said.  This soup is horrible!  It tastes nothing like true Cajun red beans and rice.  I tried complaining via the Healthy Choice website today, only to have their servers fail twice before it wiped my complaint.<br /><br />DO NOT BUY THIS SOUP.<br /><br />I have never been so dissatisfied with food before I ate this soup.  I'm the type that will say, ""eh, it doesn't taste good, but I bought it, so I'll eat it,"" but miraculously I ate three spoonfuls before I gave up and tossed the rest in the trash.  Tomato puree is one of the first three ingredients (high sugar), followed closely by evaporated cane juice?  Who puts evaporated cane juice in red beans and rice?  Healthy Choice, that's who!  Hey, Healthy Choice, maybe if you didn't add the evaporated cane juice this soup may very well be worth eating, and would probably have a few calories less than it already does.<br /><br />P.S. I bought this soup today not because it was ""healthy"" or ""low fat"" but because it didn't have wheat in it.  SORRY GLUTEN FREE PEOPLE. THIS SOUP SUCKS.",bought soup today local grocer brought back work heated almost spit first bite taste sweet aftertaste previous commenter said soup horrible taste nothing like true cajun red bean rice tried complaining via healthy choice website today server fail twice wiped complaintdo buy soupi never dissatisfied food ate soup im type say eh doesnt taste good bought ill eat miraculously ate three spoonful gave tossed rest trash tomato puree one first three ingredient high sugar followed closely evaporated cane juice put evaporated cane juice red bean rice healthy choice thats hey healthy choice maybe didnt add evaporated cane juice soup may well worth eating would probably calorie less already doesps bought soup today healthy low fat didnt wheat sorry gluten free people soup suck
568435,B003XUL27E,ABGQPE97ZVYJ3,Katherine Kelly,0,0,2,1306368000,Not so good,"This soup is mostly broth. Although it has a kick to it, it also a sweet after taste that I find pretty gross. This is the third soup I've tried from Healthy Choice and they have all bed bad. It tastes nothing like real red beans and rice. I wouldn't recommend this soup.",soup mostly broth although kick also sweet taste find pretty gross third soup ive tried healthy choice bed bad taste nothing like real red bean rice wouldnt recommend soup
568436,B003XUL27E,A2PSB4WQHH46HN,carlyowu,0,2,2,1285718400,Where's the tortellini?,"It is mostly broth, with the advertised 3/4 cup of vegetables. However, each cup contains about 3 tortellinis. This is supposed to be a double serving bowl, but 1.5 tortellini isn't much of a meal. It tastes good and I like all the veggies (plus it has low sodium) but I really wish they would include a couple more tortellini.",mostly broth advertised cup vegetable however cup contains tortellini supposed double serving bowl tortellini isnt much meal taste good like veggie plus low sodium really wish would include couple tortellini
568437,B000NY4SAG,A3ODWHC3EMMWTT,"K. Brennan ""Baking fool""",10,10,5,1229731200,Baker's Ammonia Small quantity,"In the past, I would have to buy a large quantity of baker's ammonia which would dissipate with time.  I love the small quantity and it worked just fine in my special cookies.",past would buy large quantity baker ammonia would dissipate time love small quantity worked fine special cooky
568438,B000NY4SAG,A1RKKPSXF9QIZF,"Allen ""RcDriver""",4,4,5,1233792000,Good buy.,"Ammonium bicarbonate in a nice little package.  If you need ammonium bicarbonate in a stylish container, this is it.  Excellent buy.",ammonium bicarbonate nice little package need ammonium bicarbonate stylish container excellent buy
568439,B000NY4SAG,A3M89SF0SSOGBK,"Robert Goode ""GrampaG""",3,3,5,1316995200,Baking Ammonia that Works,"If you haven't ever used Ammonium Bicarbonate in baking, try it. This lofted my soft biscotti cookies to parachute heights. Ammonia cooks out, but smell the end product and if you can still smell a hint of ammonia, cook it a few minutes longer. Very nice preparation.",havent ever used ammonium bicarbonate baking try lofted soft biscotti cooky parachute height ammonia cook smell end product still smell hint ammonia cook minute longer nice preparation
568440,B000NY4SAG,A34GDV49ZZQKXG,Donald M. Cook,0,5,4,1280102400,a-ok,"We need this for a recipe my wife is interested to trying.  However, we<br />have not gotten around to doing it yet.",need recipe wife interested trying however wehave gotten around yet
568441,B005ZC0RRO,A2TO5R8QLIITEF,SAK,1,1,5,1323734400,"Delicious, all natural and allergy free treats!","Indie Candy's gummies are absolutely delicious. I buy them for my kids and I can't wait to have one myself! They are soft and so flavorful. Whenever I visit the store (I live a little ways away), I get orders from at least 5 friends of all the things they want me to get for them. It has quickly become our favorite candy store! I especially appreciate that their candy will never include artificial food coloring or flavors. I can trust that the candy is natural and the owner is so helpful. She will always tell me where the ingredients came from and exactly what is in them. She and her employees have been very easy to work with. My friends who have children with severe nut, gluten and milk allergies LOVE Indie. All their chocolate and candy is made in a big 8 free facility - no cross contamination!!",indie candy gummies absolutely delicious buy kid cant wait one soft flavorful whenever visit store live little way away get order least friend thing want get quickly become favorite candy store especially appreciate candy never include artificial food coloring flavor trust candy natural owner helpful always tell ingredient came exactly employee easy work friend child severe nut gluten milk allergy love indie chocolate candy made big free facility cross contamination
568442,B000NY8O9M,AZRHU8CP5XKMF,David L. Brown,0,0,5,1264204800,Great For Fast Gulasch!,Quick and easy! Had similar Gulasch in Guest Houses in Germany. You can use fully cooked wurst and have a good meal in minutes. I have added mushrooms and served over rice. Enjoy!,quick easy similar gulasch guest house germany use fully cooked wurst good meal minute added mushroom served rice enjoy
568443,B006T7TKZO,A3BOURUK79CYY5,BIH,0,0,5,1338854400,Great Cafe Latte,This product is great.  Gives you so much energy and tastes great.  Try this Cafe Latte and all the other flavors and you will not be disappointed.,product great give much energy taste great try cafe latte flavor disappointed
568444,B000H7K114,A2AGSSZR9V7XST,Peter,0,0,5,1281744000,Excellent Tea,"I love this tea.  I first discovered the pleasures of chai after attending a yoga class.  The yoga instructor made tea for us.  I wanted to make some on my own, and I tried many brands and recipes, including making it from scratch.  This is the best tea I found. In my opinion, steeping tea bags makes a weak, bland tea.  You really need to use loose tea and cook it according to the directions.  I use half and half for the milk, and it makes a rich, spicy tea.  Additionally, for the sweetener, I use maple syrup instead of honey or sugar.  It might sound odd, but the maple syrup blends with the chai spices much better.  If you want to make authentic chai (instead of using some kind of processed powdery mix), try this one.",love tea first discovered pleasure chai attending yoga class yoga instructor made tea u wanted make tried many brand recipe including making scratch best tea found opinion steeping tea bag make weak bland tea really need use loose tea cook according direction use half half milk make rich spicy tea additionally sweetener use maple syrup instead honey sugar might sound odd maple syrup blend chai spice much better want make authentic chai instead using kind processed powdery mix try one
568445,B001EO7N10,A2SD7TY3IOX69B,"BayBay ""BayBay Knows Best""",3,3,5,1245369600,Best Value for Chinese 5 Spice,"As a foodie, I use a lot of Chinese 5 Spice powder in my daily cooking.  It is impossible to get the amount of 5 spice for this price!  All my dishes taste great!",foodie use lot chinese spice powder daily cooking impossible get amount spice price dish taste great
568446,B001EO7N10,A2E5C8TTAED4CQ,S. Linkletter,2,2,5,1268006400,Five Spice Powder,"You can make this mix yourself, but the Star Anise is often difficult to find.  Usually I use this mix to make Oriental-style pork or chicken dishes, but today I added a little to some fish boiled with lemon juice and black pepper.  It was very good without being actually Oriental in overall impression.",make mix star anise often difficult find usually use mix make orientalstyle pork chicken dish today added little fish boiled lemon juice black pepper good without actually oriental overall impression
568447,B001EO7N10,A2P9W8T7NTLG2Z,Andy,0,0,2,1328918400,Mixed wrong,"I had ordered some of these a few months back and they were great, but the latest batch was terrible. All anise is what it tasted like. They sent two more that we're just as bad.<br /><br />Maybe it will eventually get the right mix back in stock but I ordered elsewhere.",ordered month back great latest batch terrible anise tasted like sent two badmaybe eventually get right mix back stock ordered elsewhere
568448,B001EO7N10,APWCOAVILK94B,"Real Named Person ""wowzee""",0,0,5,1322524800,"If its all natural, this is like panacea of Spice mixes","Hoping there is no MSG in this, this tastes extremely good when i make it with toasted fish. I used to eat fried chicken and other chicken dishes when i was young and had no idea they tasted so good because of this spice mix. Now i know when i remember about the great aroma and lip smacking flavor this imparts to my fish.  This is also good in soups and gives you a kind of addiction that you will want to put this spice mix into everything you eat.<br />Would like to add this will make anyone eat any kind of meat or vegetable, in my case I prefer costly red salmon in a can but pink salmon is so cheaper and now with Five spice pink salmon toast feels as enjoyable as anything else i have eaten.",hoping msg taste extremely good make toasted fish used eat fried chicken chicken dish young idea tasted good spice mix know remember great aroma lip smacking flavor imparts fish also good soup give kind addiction want put spice mix everything eatwould like add make anyone eat kind meat vegetable case prefer costly red salmon pink salmon cheaper five spice pink salmon toast feel enjoyable anything else eaten
568449,B001EO7N10,A1F6BHEYB7R6R7,James Braley,0,0,5,1308096000,Very large ground spice jars.,"My only complaint is that there's so much of it, I don't use a huge amount of 5 spice, so I gave 1 jar to my sister. Good enough.",complaint there much dont use huge amount spice gave jar sister good enough
568450,B001EO7N10,A28KG5XORO54AY,Lettie D. Carter,0,0,5,1299628800,Will not do without,Great for sesame chicken..this is a good if not better than resturants I have eaten at..My husband loved it..will find other recipes to use this in..,great sesame chickenthis good better resturants eaten atmy husband loved itwill find recipe use
568451,B003S1WTCU,A3I8AFVPEE8KI5,R. Sawyer,0,0,2,1331251200,disappointed,"I'm disappointed with the flavor. The chocolate notes are especially weak. Milk thickens it but the flavor still disappoints. This was worth a try but I'll never buy again. I will use what's left, which will be gone in no time thanks to the small cans.",im disappointed flavor chocolate note especially weak milk thickens flavor still disappoints worth try ill never buy use whats left gone time thanks small can
568452,B004I613EE,A121AA1GQV751Z,"pksd ""pk_007""",2,2,5,1329782400,Perfect for our maltipoo,"These stars are small, so you can give 10-15 of those in one training session.  I tried to train our dog with ""Ceaser dog treats"",  it just made our puppy hyper.  If you compare the ingredients, you will know why.  Little stars has just basic food ingredients without any preservatives and food coloring.  Sweet potato flavor also did not make my hand smell like dog food.",star small give one training session tried train dog ceaser dog treat made puppy hyper compare ingredient know little star basic food ingredient without preservative food coloring sweet potato flavor also make hand smell like dog food
568453,B004I613EE,A3IBEVCTXKNOH,"Kathy A. Welch ""katwel""",1,1,5,1331596800,Favorite Training and reward treat,These are the BEST treats for training and rewarding your dog for being good while grooming.  Lower in calories and loved by all the doggies.  Sweet potatoes seem to be their favorite Wet Noses treat!,best treat training rewarding dog good grooming lower calorie loved doggy sweet potato seem favorite wet nose treat
568454,B001LR2CU2,A3LGQPJCZVL9UC,srfell17,0,0,5,1338422400,Great Honey,"I am very satisfied ,product is as advertised, I use it on cereal, with raw vinegar, and as a general sweetner.",satisfied product advertised use cereal raw vinegar general sweetner